ph,temperature_c,ammonia_mg_l,nitrite_mg_l,nitrate_mg_l,ph_rolling_3,ph_rolling_7,ph_change_rate,temperature_c_rolling_3,temperature_c_rolling_7,temperature_c_change_rate,ammonia_mg_l_rolling_3,ammonia_mg_l_rolling_7,ammonia_mg_l_change_rate,nitrite_mg_l_rolling_3,nitrite_mg_l_rolling_7,nitrite_mg_l_change_rate,nitrate_mg_l_rolling_3,nitrate_mg_l_rolling_7,nitrate_mg_l_change_rate,water_stability_index,risk_level
6.07312,27.1875,0,0.017,72,6.04437,6.03292,0.03631,27.14583,27.16071,0.0625,0,0,0,0.017,0.017,0,171.66667,152.14286,-179,0.065,Low Risk
6.03681,27.1875,0,0.017,87,6.05345,6.03681,-0.01362,27.16667,27.14286,0.0625,0,0,0,0.017,0.017,0,117.66667,149.57143,-107,0.05517,Low Risk
6.0822,27.125,0.00001,0.017,65,6.05648,6.04654,0.04539,27.14583,27.14286,-0.0625,0,0,0.00001,0.017,0.017,0,115.33333,141.28571,-22,0.06197,Low Risk
6.02319,27.125,0,0.017,75,6.0474,6.04654,-0.05901,27.14583,27.14286,0,0,0,-0.00001,0.017,0.017,0,75.66667,133.71429,10,0.06197,Low Risk
6.03227,27.125,0.00001,0.017,103,6.02168,6.03681,0.0227,27.14583,27.14286,-0.0625,0,0,0.00001,0.017,0.017,0,105.33333,105.28571,4,0.06272,Low Risk
6.03227,27.125,0.00002,0.017,48,6.03378,6.02903,0,27.125,27.14286,0,0.00001,0,0.00002,0.017,0.017,0,104.66667,111.57143,-67,0.03468,Low Risk
6.03227,27.125,0.00004,0.017,97,6.03227,6.03032,0,27.125,27.14286,0,0.00002,0.00001,0.00002,0.017,0.017,0,86.66667,109.14286,49,0.03408,Low Risk
6.01411,27.1875,0,0.017,64,6.02773,6.03032,-0.01816,27.1875,27.16071,0,0,0.00001,0,0.017,0.017,0,104.33333,111.71429,-74,0.03143,Low Risk
6.02773,27.125,0.00027,0.017,103,6.0247,6.02968,0.01362,27.16667,27.16071,-0.0625,0.00009,0.00005,0.00027,0.017,0.017,0,101.66667,110,39,0.0316,Low Risk
6.02319,27.125,0.00001,0.017,72,6.03227,6.02903,-0.01816,27.14583,27.13393,-0.0625,0,0,0.00001,0.017,0.017,0,86.66667,136.42857,-41,0.02729,Low Risk
6.03681,27.125,0,0.017,64,6.04286,6.03681,-0.01816,27.125,27.13393,0,0,0,0,0.017,0.017,0,97,114,-50,0.03143,Low Risk
6.03227,27.125,0,0.017,126,6.03227,6.03551,0,27.125,27.125,0,0,0,0,0.017,0.017,0,100.33333,94.85714,15,0.01942,Moderate Risk
6.01865,27.125,0,0.017,30,6.02773,6.03162,-0.01816,27.125,27.13393,0,0,0,0,0.017,0.017,0,60.33333,93.28571,-23,0.02874,Low Risk
6.05497,27.125,0,0.017,42,6.0474,6.03551,0.00454,27.14583,27.13393,-0.0625,0,0,0,0.017,0.017,0,71,89.14286,-43,0.03839,Low Risk
6.03227,27.125,0,0.017,39,6.03984,6.03746,0,27.125,27.13393,0,0,0,0,0.017,0.017,0,43,78.28571,-9,0.03432,Low Risk
6.04135,27.125,0,0.017,28,6.0353,6.04005,0.00908,27.14583,27.14286,-0.0625,0,0,-0.00001,0.017,0.017,0,58,62.14286,-79,0.03395,Low Risk
6.03227,27.1875,0,0.017,38,6.03378,6.03746,0,27.14583,27.14286,0.0625,0,0,0,0.017,0.017,0,63.66667,72,-28,0.03219,Low Risk
6.05497,27.125,0,0.017,17,6.03984,6.0407,0.0227,27.14583,27.14286,-0.0625,0,0,0,0.017,0.017,0,40.33333,68.85714,-21,0.03585,Low Risk
6.05043,27.125,0,0.017,37,6.04589,6.0433,-0.00454,27.14583,27.13393,0,0,0,0,0.017,0.017,0,30.66667,58.85714,20,0.03202,Low Risk
6.03681,27.125,0.00003,0.017,16,6.0474,6.04265,-0.01362,27.125,27.13393,0,0.00001,0,0.00003,0.017,0.017,0,23.33333,57.14286,-21,0.03262,Low Risk
6.06858,27.125,0,0.017,16,6.05194,6.04459,0.03177,27.125,27.13393,0,0.00001,0,-0.00003,0.017,0.017,0,23,39.57143,0,0.03943,Low Risk
6.04135,27.125,0.00002,0.017,45,6.04891,6.04524,-0.02723,27.125,27.13393,0,0.00002,0.00001,0.00002,0.017,0.017,0,25.66667,33.57143,29,0.03878,Low Risk
6.03681,27.125,0.00008,0.017,31,6.03832,6.04654,0,27.14583,27.13393,-0.0625,0.00003,0.00002,0.00008,0.017,0.017,0,59,37.57143,-70,0.03613,Low Risk
6.03681,27.125,0.00001,0.017,47,6.04286,6.0407,-0.01362,27.125,27.13393,0,0,0.00002,0.00001,0.017,0.017,0,105.66667,97.57143,-20,0.02158,Low Risk
6.05043,27.125,0,0.017,1,6.04438,6.0433,0.01816,27.125,27.125,0,0,0,0,0.017,0.017,0,74.33333,104.14286,-84,0.0147,Low Risk
6.03227,27.125,0,0.017,31,6.03832,6.042,-0.01816,27.125,27.125,0,0,0,0,0.017,0.017,0,39,81.57143,30,0.01694,Low Risk
6.0822,27.0625,0,0.017,0,6.05043,6.04589,0.04539,27.10417,27.11607,-0.0625,0,0,0,0.017,0.017,0,33.33333,52.85714,-69,0.04737,Low Risk
6.02319,27.0625,0,0.017,8,6.05194,6.04394,-0.02724,27.08333,27.10714,-0.0625,0,0,0,0.017,0.017,0,63.66667,53.85714,-175,0.05442,Low Risk
6.03227,27.125,0,0.017,3,6.0353,6.04394,0.00908,27.10417,27.10714,0.0625,0,0,0,0.017,0.017,0,64.66667,42.14286,-5,0.05442,Low Risk
6.07766,27.125,0,0.017,16,6.04437,6.04783,0.04539,27.10417,27.10714,0,0,0,0,0.017,0.017,0,9,44.28571,13,0.06209,Low Risk
6.03227,27.0625,0,0.017,25,6.0474,6.04783,-0.04539,27.10417,27.09821,-0.0625,0,0,0,0.017,0.017,0,14.66667,43.42857,9,0.06354,Low Risk
6.02773,27.1875,0,0.017,31,6.03832,6.04265,-0.02724,27.14583,27.125,0,0,0,0,0.017,0.017,0,42,48,-39,0.06429,Low Risk
6.00957,27.125,0.00003,0.017,22,6.02773,6.0394,-0.02724,27.125,27.13393,0,0.00001,0,0.00003,0.017,0.017,0,125.33333,74,-140,0.06477,Low Risk
6.04135,27.125,0,0.017,28,6.02924,6.03422,0.03178,27.125,27.13393,0,0.00001,0,-0.00003,0.017,0.017,0,70.66667,75.71429,6,0.04926,Low Risk
5.97326,26.0625,0.00001,0.017,0,6.00957,6.02319,-0.04085,26.79167,26.98214,-1.125,0,0.00001,0.00001,0.017,0.017,0,51.66667,64.71429,-75,0.25632,Low Risk
6.18661,28,0.00282,0.017,234,6.20628,5.99595,-0.01816,28.0625,28.15179,-0.0625,0.00467,0.00345,-0.00359,0.017,0.017,0,254.33333,237.85714,1,0.94328,Moderate Risk
6.18661,27.6875,0.00608,0.017,231,6.19418,6.19828,-0.00908,27.70833,27.83036,0,0.00479,0.01832,0.00383,0.017,0.017,0,237,238.14286,-9,0.15698,Low Risk
6.17299,27.4375,0.01113,0.017,214,6.18207,6.17234,-0.00454,27.5,27.58929,-0.0625,0.00568,0.00455,0.0085,0.017,0.017,0,221.66667,227,-8,0.09658,Low Risk
6.15937,27.25,0.00958,0.017,214,6.16845,6.16326,-0.00908,27.29167,27.36607,-0.0625,0.00549,0.00399,0.00556,0.017,0.017,0,215.33333,218.57143,0,0.08509,Low Risk
6.18661,27,0.00312,0.017,208,6.14878,6.14835,0.05901,27.04167,27.11607,-0.0625,0.00302,0.00324,0.00002,0.017,0.017,0,210,208.85714,-5,0.09185,Moderate Risk
6.07312,27.1875,0,0.017,72,6.04437,6.03292,0.03631,27.14583,27.16071,0.0625,0,0,0,0.017,0.017,0,171.66667,152.14286,-179,0.065,Low Risk
6.03681,27.1875,0,0.017,87,6.05345,6.03681,-0.01362,27.16667,27.14286,0.0625,0,0,0,0.017,0.017,0,117.66667,149.57143,-107,0.05517,Low Risk
6.0822,27.125,0.00001,0.017,65,6.05648,6.04654,0.04539,27.14583,27.14286,-0.0625,0,0,0.00001,0.017,0.017,0,115.33333,141.28571,-22,0.06197,Low Risk
6.02319,27.125,0,0.017,75,6.0474,6.04654,-0.05901,27.14583,27.14286,0,0,0,-0.00001,0.017,0.017,0,75.66667,133.71429,10,0.06197,Low Risk
6.03227,27.125,0.00001,0.017,103,6.02168,6.03681,0.0227,27.14583,27.14286,-0.0625,0,0,0.00001,0.017,0.017,0,105.33333,105.28571,4,0.06272,Low Risk
6.03227,27.125,0.00002,0.017,48,6.03378,6.02903,0,27.125,27.14286,0,0.00001,0,0.00002,0.017,0.017,0,104.66667,111.57143,-67,0.03468,Low Risk
6.03227,27.125,0.00004,0.017,97,6.03227,6.03032,0,27.125,27.14286,0,0.00002,0.00001,0.00002,0.017,0.017,0,86.66667,109.14286,49,0.03408,Low Risk
6.01411,27.1875,0,0.017,64,6.02773,6.03032,-0.01816,27.1875,27.16071,0,0,0.00001,0,0.017,0.017,0,104.33333,111.71429,-74,0.03143,Low Risk
6.02773,27.125,0.00027,0.017,103,6.0247,6.02968,0.01362,27.16667,27.16071,-0.0625,0.00009,0.00005,0.00027,0.017,0.017,0,101.66667,110,39,0.0316,Low Risk
6.02319,27.125,0.00001,0.017,72,6.03227,6.02903,-0.01816,27.14583,27.13393,-0.0625,0,0,0.00001,0.017,0.017,0,86.66667,136.42857,-41,0.02729,Low Risk
6.03681,27.125,0,0.017,64,6.04286,6.03681,-0.01816,27.125,27.13393,0,0,0,0,0.017,0.017,0,97,114,-50,0.03143,Low Risk
6.01865,27.125,0,0.017,30,6.02773,6.03162,-0.01816,27.125,27.13393,0,0,0,0,0.017,0.017,0,60.33333,93.28571,-23,0.02874,Low Risk
6.05497,27.125,0,0.017,42,6.0474,6.03551,0.00454,27.14583,27.13393,-0.0625,0,0,0,0.017,0.017,0,71,89.14286,-43,0.03839,Low Risk
6.03227,27.125,0,0.017,39,6.03984,6.03746,0,27.125,27.13393,0,0,0,0,0.017,0.017,0,43,78.28571,-9,0.03432,Low Risk
6.04135,27.125,0,0.017,28,6.0353,6.04005,0.00908,27.14583,27.14286,-0.0625,0,0,-0.00001,0.017,0.017,0,58,62.14286,-79,0.03395,Low Risk
6.03227,27.1875,0,0.017,38,6.03378,6.03746,0,27.14583,27.14286,0.0625,0,0,0,0.017,0.017,0,63.66667,72,-28,0.03219,Low Risk
6.05497,27.125,0,0.017,17,6.03984,6.0407,0.0227,27.14583,27.14286,-0.0625,0,0,0,0.017,0.017,0,40.33333,68.85714,-21,0.03585,Low Risk
6.05043,27.125,0,0.017,37,6.04589,6.0433,-0.00454,27.14583,27.13393,0,0,0,0,0.017,0.017,0,30.66667,58.85714,20,0.03202,Low Risk
6.03681,27.125,0.00003,0.017,16,6.0474,6.04265,-0.01362,27.125,27.13393,0,0.00001,0,0.00003,0.017,0.017,0,23.33333,57.14286,-21,0.03262,Low Risk
6.06858,27.125,0,0.017,16,6.05194,6.04459,0.03177,27.125,27.13393,0,0.00001,0,-0.00003,0.017,0.017,0,23,39.57143,0,0.03943,Low Risk
6.04135,27.125,0.00002,0.017,45,6.04891,6.04524,-0.02723,27.125,27.13393,0,0.00002,0.00001,0.00002,0.017,0.017,0,25.66667,33.57143,29,0.03878,Low Risk
6.03681,27.125,0.00008,0.017,31,6.03832,6.04654,0,27.14583,27.13393,-0.0625,0.00003,0.00002,0.00008,0.017,0.017,0,59,37.57143,-70,0.03613,Low Risk
6.03681,27.125,0.00001,0.017,47,6.04286,6.0407,-0.01362,27.125,27.13393,0,0,0.00002,0.00001,0.017,0.017,0,105.66667,97.57143,-20,0.02158,Low Risk
6.05043,27.125,0,0.017,1,6.04438,6.0433,0.01816,27.125,27.125,0,0,0,0,0.017,0.017,0,74.33333,104.14286,-84,0.0147,Low Risk
6.03227,27.125,0,0.017,31,6.03832,6.042,-0.01816,27.125,27.125,0,0,0,0,0.017,0.017,0,39,81.57143,30,0.01694,Low Risk
6.0822,27.0625,0,0.017,0,6.05043,6.04589,0.04539,27.10417,27.11607,-0.0625,0,0,0,0.017,0.017,0,33.33333,52.85714,-69,0.04737,Low Risk
6.02319,27.0625,0,0.017,8,6.05194,6.04394,-0.02724,27.08333,27.10714,-0.0625,0,0,0,0.017,0.017,0,63.66667,53.85714,-175,0.05442,Low Risk
6.03227,27.125,0,0.017,3,6.0353,6.04394,0.00908,27.10417,27.10714,0.0625,0,0,0,0.017,0.017,0,64.66667,42.14286,-5,0.05442,Low Risk
6.07766,27.125,0,0.017,16,6.04437,6.04783,0.04539,27.10417,27.10714,0,0,0,0,0.017,0.017,0,9,44.28571,13,0.06209,Low Risk
6.03227,27.0625,0,0.017,25,6.0474,6.04783,-0.04539,27.10417,27.09821,-0.0625,0,0,0,0.017,0.017,0,14.66667,43.42857,9,0.06354,Low Risk
6.02773,27.1875,0,0.017,31,6.03832,6.04265,-0.02724,27.14583,27.125,0,0,0,0,0.017,0.017,0,42,48,-39,0.06429,Low Risk
6.00957,27.125,0.00003,0.017,22,6.02773,6.0394,-0.02724,27.125,27.13393,0,0.00001,0,0.00003,0.017,0.017,0,125.33333,74,-140,0.06477,Low Risk
6.04135,27.125,0,0.017,28,6.02924,6.03422,0.03178,27.125,27.13393,0,0.00001,0,-0.00003,0.017,0.017,0,70.66667,75.71429,6,0.04926,Low Risk
5.97326,26.0625,0.00001,0.017,0,6.00957,6.02319,-0.04085,26.79167,26.98214,-1.125,0,0.00001,0.00001,0.017,0.017,0,51.66667,64.71429,-75,0.25632,Low Risk
6.18661,27.6875,0.00608,0.017,231,6.19418,6.19828,-0.00908,27.70833,27.83036,0,0.00479,0.01832,0.00383,0.017,0.017,0,237,238.14286,-9,0.15698,Low Risk
6.17299,27.4375,0.01113,0.017,214,6.18207,6.17234,-0.00454,27.5,27.58929,-0.0625,0.00568,0.00455,0.0085,0.017,0.017,0,221.66667,227,-8,0.09658,Low Risk
6.15937,27.25,0.00958,0.017,214,6.16845,6.16326,-0.00908,27.29167,27.36607,-0.0625,0.00549,0.00399,0.00556,0.017,0.017,0,215.33333,218.57143,0,0.08509,Low Risk
6.03227,27.1875,0.00001,0.017,107,6.03227,6.03876,0,27.14583,27.14286,0.0625,0,0,0.00001,0.017,0.017,0,64.66667,85.71429,68,0.03477,Moderate Risk
6.17299,27.125,0.00431,0.017,203,6.14424,6.14186,0.04539,27.14583,27.21429,0,0.00349,0.00433,0.00119,0.017,0.017,0,207.33333,210.14286,-8,0.11,Moderate Risk
6.03681,27.125,0,0.017,86,6.03076,6.02968,0.00454,27.125,27.125,0,0,0,0,0.017,0.017,0,111.33333,92.57143,-107,0.01373,Moderate Risk
6.04135,27.125,0,0.017,80,6.03378,6.02773,0.00454,27.14583,27.15179,0,0,0,0,0.017,0.017,0,139.66667,142.14286,-19,0.03562,Moderate Risk
6.05043,27.125,0,0.017,194,6.05345,6.03746,-0.02269,27.14583,27.14286,-0.0625,0,0,0,0.017,0.017,0,172.33333,157.28571,122,0.05532,Moderate Risk
6.1276,27.125,0.00641,0.017,208,6.14122,6.14835,-0.03631,27.10417,27.07143,0,0.00474,0.004,0.00193,0.017,0.017,0,204.66667,207.42857,0,0.07242,Moderate Risk
7.24431,26.1875,4.29682,0.017,139,7.842,7.842,-0.89881,26.89583,26.89583,-1.0625,3.1302,3.1302,0.26732,0.017,0.017,0,139,139,0,4.93022,High Risk
7.25338,24.8125,4.53072,0.017,139,7.25036,7.27089,-0.00454,24.83333,24.8125,0,4.09581,3.99153,1.10346,0.017,0.017,0,139,139,0,1.15187,High Risk
7.23977,26.4375,0,0.017,139,7.23977,7.24625,-0.00454,26.375,26.36607,0.0625,0,0,0,0.017,0.017,0,139,139,0,0.06074,Moderate Risk
7.24431,26,0,0.017,139,7.24128,7.23977,0.00454,26.02083,26.03571,-0.0625,0,0,0,0.017,0.017,0,139,139,0,0.02412,Moderate Risk
7.23977,25.9375,0,0.017,139,7.24128,7.23782,0,25.9375,25.92857,0,0,0,0,0.017,0.017,0,139,139,0,0.02336,Moderate Risk
7.267,26.25,0,0.017,139,7.24885,7.24561,0.02269,26.25,26.25,0,0,0,0,0.017,0.017,0,139,139,0,0.03814,Moderate Risk
7.23069,25.625,0,0.017,139,7.23523,7.23588,-0.00454,25.625,25.625,0,0,0,0,0.017,0.017,0,139,139,0,0.00817,Moderate Risk
7.23977,26.3125,0,0.017,139,7.23674,7.23718,0.00454,26.35417,26.34821,-0.0625,0,0,0,0.017,0.017,0,139,139,0,0.02385,Moderate Risk
7.23977,26.3125,0,0.017,139,7.23977,7.24172,0,26.3125,26.30357,0,0,0,0,0.017,0.017,0,139,139,0,0.02642,Moderate Risk
7.23977,26.25,0,0.017,139,7.23977,7.24042,0,26.25,26.25893,0,0,0,0,0.017,0.017,0,139,139,0,0.02783,Moderate Risk
7.23977,26.3125,0,0.017,139,7.2428,7.24236,-0.00454,26.3125,26.3125,0,0,0,0,0.017,0.017,0,139,139,0,0.00485,Moderate Risk
7.24431,26.25,0,0.017,139,7.24431,7.24431,0,26.22917,26.22321,0,0,0,0,0.017,0.017,0,139,139,0,0.0167,Moderate Risk
7.23523,26.3125,0,0.017,139,7.23674,7.23782,0,26.35417,26.35714,-0.0625,0,0,0,0.017,0.017,0,139,139,0,0.02411,Moderate Risk
7.23977,25.8125,0,0.017,139,7.23674,7.23718,0.00454,25.77083,25.75,0.0625,0,0,0,0.017,0.017,0,139,139,0,0.0229,Moderate Risk
7.23523,25.75,0,0.017,139,7.23977,7.23977,0,25.77083,25.75893,0,0,0,0,0.017,0.017,0,139,139,0,0.03205,Moderate Risk
7.23977,26.25,0,0.017,139,7.2428,7.24236,-0.00454,26.25,26.25893,0,0,0,0,0.017,0.017,0,139,139,0,0.01896,Moderate Risk
7.23523,26.1875,0,0.017,139,7.23372,7.23847,0,26.16667,26.16964,0,0,0,0,0.017,0.017,0,139,139,0,0.02663,Moderate Risk
7.23069,26.375,0,0.017,139,7.23826,7.24042,-0.01362,26.33333,26.33929,0.0625,0,0,0,0.017,0.017,0,139,139,0,0.02774,Moderate Risk
7.24431,25.75,0,0.017,139,7.23826,7.23782,0.00908,25.75,25.77679,0,0,0,0,0.017,0.017,0,139,139,0,0.02557,Moderate Risk
7.24431,26.25,0,0.017,139,7.24431,7.24366,0,26.25,26.23214,0,0,0,0,0.017,0.017,0,139,139,0,0.01868,Moderate Risk
7.24431,26.25,0,0.017,139,7.24431,7.24172,0,26.27083,26.25893,-0.0625,0,0,0,0.017,0.017,0,139,139,0,0.01896,Moderate Risk
7.23523,25.75,0,0.017,139,7.23523,7.23912,-0.00454,25.75,25.75,0,0,0,0,0.017,0.017,0,139,139,0,0.02775,Moderate Risk
7.24431,26,0,0.017,139,7.2428,7.24366,0.00454,26.02083,26.01786,0,0,0,0,0.017,0.017,0,139,139,0,0.03134,Moderate Risk
7.23523,25.625,0,0.017,139,7.23674,7.23588,0,25.625,25.61607,0,0,0,0,0.017,0.017,0,139,139,0,0.01808,Moderate Risk
8.10226,27.1875,0,0.017,139,8.13253,8.12691,-0.01816,27.20833,27.20536,0,0,0,0,0.017,0.017,0,139,139,0,0.07143,Moderate Risk
7.23523,25.6875,0,0.017,139,7.23372,7.23458,0.00454,25.6875,25.69643,0,0,0,0,0.017,0.017,0,139,139,0,0.01524,Moderate Risk
7.23069,25.8125,0,0.017,139,7.23523,7.23588,-0.01362,25.8125,25.8125,0,0,0,0,0.017,0.017,0,139,139,0,0.00971,Moderate Risk
7.24431,26.1875,0,0.017,139,7.24128,7.24755,0.00908,26.1875,26.17857,0,0,0,0,0.017,0.017,0,139,139,0,0.03787,Moderate Risk
7.23977,25.5625,0,0.017,139,7.23977,7.23588,-0.00454,25.52083,25.52679,0.0625,0,0,0,0.017,0.017,0,139,139,0,0.02892,Moderate Risk
7.24431,26.25,0,0.017,139,7.24431,7.24236,0,26.25,26.23214,0,0,0,0,0.017,0.017,0,139,139,0,0.02239,Moderate Risk
7.24431,26.0625,0,0.017,139,7.23977,7.24366,0,26.02083,26.02679,0.0625,0,0,0,0.017,0.017,0,139,139,0,0.0328,Moderate Risk
7.23523,25.75,0,0.017,139,7.23826,7.23588,-0.00454,25.72917,25.74107,0.0625,0,0,0,0.017,0.017,0,139,139,0,0.01808,Moderate Risk
8.11588,27.1875,0,0.017,139,8.12345,8.1308,-0.01816,27.20833,27.22321,0,0,0,0,0.017,0.017,0,139,139,0,0.05117,Moderate Risk
8.11588,27.1875,0,0.017,139,8.12496,8.12366,-0.01816,27.1875,27.1875,0,0,0,0,0.017,0.017,0,139,139,0,0.02905,Moderate Risk
7.23523,25.8125,0,0.017,139,7.23977,7.23847,-0.00908,25.79167,25.78571,0,0,0,0,0.017,0.017,0,139,139,0,0.02357,Moderate Risk
7.24431,26.3125,0,0.017,139,7.23826,7.23977,0.00454,26.29167,26.28571,0,0,0,0,0.017,0.017,0,139,139,0,0.02578,Moderate Risk
7.23977,26.3125,0,0.017,139,7.23977,7.23977,0,26.3125,26.3125,0,0,0,0,0.017,0.017,0,139,139,0,0.00524,Moderate Risk
7.23977,25.9375,0,0.017,139,7.2428,7.23977,-0.00454,25.9375,25.91964,0,0,0,0,0.017,0.017,0,139,139,0,0.02573,Moderate Risk
7.23977,26.375,0,0.017,139,7.24128,7.24107,0,26.375,26.36607,0,0,0,0,0.017,0.017,0,139,139,0,0.01868,Moderate Risk
7.23977,25.875,0,0.017,139,7.23523,7.23847,0.00908,25.875,25.86607,0,0,0,0,0.017,0.017,0,139,139,0,0.02191,Moderate Risk
7.24431,26.25,0,0.017,139,7.2428,7.24172,0,26.20833,26.20536,0.0625,0,0,0,0.017,0.017,0,139,139,0,0.0201,Moderate Risk
7.23977,25.5,0,0.017,139,7.23977,7.24172,0,25.5,25.5,0,0,0,0,0.017,0.017,0,139,139,0,0.00485,Moderate Risk
7.23977,26.25,0,0.017,139,7.23977,7.23912,0,26.25,26.26786,0,0,0,0,0.017,0.017,0,139,139,0,0.01868,Moderate Risk
7.23069,25.4375,0,0.017,139,7.23674,7.23523,-0.00908,25.4375,25.4375,0.0625,0,0,0,0.017,0.017,0,139,139,0,0.02712,High Risk
7.23977,25.375,0,0.017,139,7.23674,7.23847,0,25.4375,25.4375,-0.125,0,0,0,0.017,0.017,0,139,139,0,0.03351,High Risk
8.42911,24.6875,0.38,0.017,202,8.43062,8.42976,-0.00454,24.6875,24.6875,0,0.38,0.38,0,0.017,0.017,0,197.33333,198.28571,8,0.01428,High Risk
8.42911,24.6875,0.38,0.017,196,8.42911,8.4317,-0.00454,24.70833,24.69643,0,0.38,0.38,0,0.017,0.017,0,196.66667,198.42857,0,0.02067,High Risk
8.43365,24.625,0.38,0.017,191,8.43667,8.43494,-0.00453,24.625,24.625,0,0.38,0.38,0,0.017,0.017,0,191.66667,192.14286,-1,0.00685,High Risk
8.42003,24.5625,0.38,0.017,192,8.42154,8.42457,-0.01815,24.52083,24.54464,0.0625,0.38,0.38,0,0.017,0.017,0,192,191.71429,0,0.03555,High Risk
8.42911,24.5625,0.38,0.017,190,8.42306,8.4343,0.01362,24.54167,24.52679,0,0.38,0.38,0,0.017,0.017,0,191,191.28571,-2,0.06223,High Risk
8.42003,24.4375,0.38,0.017,192,8.42608,8.42846,-0.00908,24.4375,24.4375,0,0.38,0.38,0,0.017,0.017,0,192.33333,191,-1,0.00971,High Risk
8.48358,24.4375,0.38,0.017,192,8.44424,8.43105,0.05447,24.4375,24.4375,0,0.38,0.38,0,0.017,0.017,0,192,192.42857,0,0.04913,High Risk
8.42457,24.375,0.38,0.017,193,8.42457,8.42392,-0.00454,24.39583,24.38393,-0.0625,0.38,0.38,0,0.017,0.017,0,193.33333,193,0,0.02284,High Risk
8.42003,24.375,0.38,0.017,197,8.42608,8.42781,-0.00454,24.35417,24.36607,0.0625,0.38,0.38,0,0.017,0.017,0,198,197.71429,-1,0.02191,High Risk
8.41549,24.375,0.38,0.017,208,8.42003,8.42327,-0.01362,24.33333,24.32143,0.0625,0.38,0.38,0,0.017,0.017,0,207.33333,207.14286,1,0.02729,High Risk
8.48358,24.3125,0.38,0.017,202,8.43516,8.43624,0.07717,24.33333,24.33036,0,0.38,0.38,0,0.017,0.017,0,203.66667,205,-3,0.08131,High Risk
8.42003,24.375,0.38,0.017,208,8.417,8.41225,0,24.35417,24.33036,0,0.38,0.38,0,0.017,0.017,0,208,207.85714,0,0.02663,High Risk
8.41095,24.375,0.38,0.017,206,8.41549,8.41549,-0.00908,24.375,24.36607,0,0.38,0.38,0,0.017,0.017,0,207.33333,207.71429,-2,0.02089,High Risk
8.41095,24.3125,0.38,0.017,205,8.41398,8.41419,0,24.35417,24.35714,-0.0625,0.38,0.38,0,0.017,0.017,0,206.33333,207.28571,-1,0.02389,High Risk
8.41095,24.375,0.38,0.017,208,8.41246,8.41743,0.00454,24.35417,24.34821,0.0625,0.38,0.38,0,0.017,0.017,0,207.33333,208.42857,2,0.04534,High Risk
8.41095,24.375,0.38,0.017,199,8.41095,8.4103,0.00454,24.375,24.375,0,0.38,0.38,0,0.017,0.017,0,199,198,0,0.00627,High Risk
8.42003,24.375,0.38,0.017,201,8.42457,8.41743,0.01362,24.375,24.375,0,0.38,0.38,0,0.017,0.017,0,200.33333,201.71429,-1,0.02815,High Risk
8.40641,24.4375,0.38,0.017,202,8.40792,8.40771,-0.00454,24.4375,24.4375,0,0.38,0.38,0,0.017,0.017,0,202,201.57143,0,0.00443,High Risk
8.39279,25.4375,0.38,0.017,194,8.37009,8.36555,0.03632,25.4375,25.5,0,0.38,0.38,0,0.017,0.017,0,193,193.14286,1,0.06934,High Risk
8.37463,25.6875,0.38,0.017,193,8.37009,8.36879,0.01362,25.6875,25.6875,0,0.38,0.38,0,0.017,0.017,0,196,200.71429,-5,0.02942,High Risk
8.39733,26.25,0.38,0.017,196,8.42305,8.40771,0.01816,26.22917,26.21429,0,0.38,0.38,0,0.017,0.017,0,194,196.71429,3,0.09279,High Risk
8.38825,26.25,0.38,0.017,251,8.38522,8.3876,0.00454,26.27083,26.27679,0,0.38,0.38,0,0.017,0.017,0,270.66667,276.71429,-21,0.02641,High Risk
8.39279,26.3125,0.38,0.017,197,8.3943,8.38695,0,26.35417,26.34821,-0.0625,0.38,0.38,0,0.017,0.017,0,197,197.71429,0,0.03126,High Risk
8.39279,26.4375,0.38,0.017,207,8.39128,8.3889,0,26.4375,26.42857,0,0.38,0.38,0,0.017,0.017,0,207,205.71429,1,0.01998,High Risk
8.38825,26.4375,0.38,0.017,208,8.38825,8.39214,-0.00454,26.41667,26.40179,0.0625,0.38,0.38,0,0.017,0.017,0,208,208.14286,0,0.03859,High Risk
8.38825,26.375,0.38,0.017,209,8.3943,8.39409,-0.00908,26.41667,26.40179,-0.0625,0.38,0.38,0,0.017,0.017,0,208.66667,208.57143,1,0.02681,High Risk
8.39279,26.4375,0.38,0.017,212,8.39582,8.39798,-0.00454,26.39583,26.38393,0.0625,0.38,0.38,0,0.017,0.017,0,212,212.85714,1,0.02403,High Risk
8.39733,26.375,0.38,0.017,208,8.39582,8.39409,0.00454,26.375,26.35714,0,0.38,0.38,0,0.017,0.017,0,207,207.57143,0,0.02211,High Risk
8.38371,26.3125,0.38,0.017,208,8.39733,8.40057,-0.0227,26.3125,26.30357,0,0.38,0.38,0,0.017,0.017,0,208.33333,208.14286,-1,0.02815,High Risk
8.39733,26.25,0.38,0.017,229,8.40187,8.40187,-0.00454,26.20833,26.21429,0.0625,0.38,0.38,0,0.017,0.017,0,230,229.71429,-2,0.02195,High Risk
8.39733,26.1875,0.38,0.017,209,8.40036,8.39992,-0.00454,26.1875,26.1875,0,0.38,0.38,0,0.017,0.017,0,210,209.14286,-3,0.00886,High Risk
8.40187,26.1875,0.38,0.017,215,8.40036,8.40187,0,26.20833,26.19643,0,0.38,0.38,0,0.017,0.017,0,214.33333,215.28571,2,0.01705,High Risk
8.40187,26.1875,0.38,0.017,209,8.39733,8.39603,0.00908,26.16667,26.16964,0,0.38,0.38,0,0.017,0.017,0,208.66667,208.57143,0,0.02535,High Risk
8.40187,26.125,0.38,0.017,211,8.39884,8.39668,0.00454,26.14583,26.16071,-0.0625,0.38,0.38,0,0.017,0.017,0,210.33333,209.14286,1,0.02297,High Risk
8.39733,26.0625,0.38,0.017,197,8.39733,8.39474,-0.00454,26.0625,26.0625,0,0.38,0.38,0,0.017,0.017,0,196,197,0,0.01155,High Risk
8.39733,26.0625,0.38,0.017,197,8.40187,8.40122,0,26.04167,26.05357,0,0.38,0.38,0,0.017,0.017,0,197,197,0,0.02284,High Risk
8.39733,26.0625,0.38,0.017,201,8.39733,8.39992,0.00454,26.02083,26.01786,0.0625,0.38,0.38,0,0.017,0.017,0,201,201.28571,0,0.03085,High Risk
8.40641,26.0625,0.38,0.017,192,8.40338,8.39863,0.00908,26.04167,26.03571,0,0.38,0.38,0,0.017,0.017,0,195,194.85714,-6,0.02924,High Risk
8.40641,25.6875,0.38,0.017,194,8.40338,8.40382,0.00454,25.70833,25.70536,0,0.38,0.38,0,0.017,0.017,0,193.66667,193.71429,-1,0.0201,High Risk
8.40641,25.6875,0.38,0.017,195,8.40036,8.40187,0.01362,25.6875,25.70536,0,0.38,0.38,0,0.017,0.017,0,194,194,1,0.02433,High Risk
8.40187,25.6875,0.38,0.017,189,8.4049,8.40576,-0.00454,25.6875,25.6875,0,0.38,0.38,0,0.017,0.017,0,189,190.28571,0,0.00343,High Risk
8.41549,25.6875,0.38,0.017,191,8.40944,8.40771,0.00908,25.66667,25.66071,0.0625,0.38,0.38,0,0.017,0.017,0,190,189,1,0.02357,High Risk
8.40187,25.625,0.38,0.017,191,8.40338,8.40446,-0.00454,25.625,25.64286,0,0.38,0.38,0,0.017,0.017,0,190.33333,189.42857,2,0.0201,High Risk
8.40641,25.5625,0.38,0.017,190,8.40792,8.40771,-0.00454,25.60417,25.60714,-0.0625,0.38,0.38,0,0.017,0.017,0,191,190.71429,-1,0.01968,High Risk
8.40641,25.5625,0.38,0.017,192,8.40792,8.40771,0,25.58333,25.59821,0,0.38,0.38,0,0.017,0.017,0,191,191,2,0.02113,High Risk
8.41095,25.625,0.38,0.017,187,8.41095,8.40965,0,25.58333,25.60714,0.0625,0.38,0.38,0,0.017,0.017,0,186.33333,186.28571,0,0.01968,High Risk
8.40641,25.5625,0.38,0.017,184,8.41398,8.4103,-0.00908,25.58333,25.58036,-0.0625,0.38,0.38,0,0.017,0.017,0,185,185,-1,0.02628,High Risk
8.40641,25.5,0.38,0.017,185,8.41095,8.41873,-0.00454,25.5,25.5,0,0.38,0.38,0,0.017,0.017,0,185,184.42857,0,0.02206,High Risk
8.40641,25.4375,0.38,0.017,185,8.41246,8.41484,-0.00454,25.4375,25.4375,0,0.38,0.38,0,0.017,0.017,0,182.33333,181.85714,6,0.01522,High Risk
8.41095,25.25,0.38,0.017,181,8.40792,8.41225,0.00454,25.25,25.25,0,0.38,0.38,0,0.017,0.017,0,181.66667,182.28571,-1,0.01634,High Risk
8.40641,25.25,0.38,0.017,187,8.40792,8.40965,0,25.27083,25.26786,0,0.38,0.38,0,0.017,0.017,0,187.33333,187.14286,0,0.02211,High Risk
8.40641,25.3125,0.38,0.017,185,8.40338,8.40511,0,25.3125,25.3125,0,0.38,0.38,0,0.017,0.017,0,183.33333,185.71429,-1,0.00686,High Risk
8.40187,25.375,0.38,0.017,183,8.40187,8.40122,0.00454,25.375,25.38393,0,0.38,0.38,0,0.017,0.017,0,182.33333,183.14286,1,0.02152,High Risk
8.40641,25.375,0.38,0.017,187,8.40338,8.39992,0,25.41667,25.4375,-0.0625,0.38,0.38,0,0.017,0.017,0,187.33333,185.14286,-1,0.02834,High Risk
8.35647,26,0.38,0.017,181,8.36706,8.37139,-0.01816,26.02083,25.98214,0,0.38,0.38,0,0.017,0.017,0,180,181.71429,3,0.04078,High Risk
8.37463,26.1875,0.38,0.017,181,8.37463,8.36944,-0.00908,26.125,26.10714,0.0625,0.38,0.38,0,0.017,0.017,0,181,179.28571,1,0.05057,High Risk
8.37917,26.375,0.38,0.017,183,8.37766,8.37074,0,26.4375,26.40179,-0.0625,0.38,0.38,0,0.017,0.017,0,185,183.71429,-3,0.04152,High Risk
8.36555,26.625,0.38,0.017,177,8.36555,8.37074,0,26.60417,26.58929,0,0.38,0.38,0,0.017,0.017,0,176.66667,176,0,0.03363,High Risk
8.37463,26.625,0.38,0.017,177,8.3716,8.36685,0.00908,26.60417,26.61607,0,0.38,0.38,0,0.017,0.017,0,177.66667,178.85714,-2,0.03295,High Risk
8.36555,26.6875,0.38,0.017,176,8.36404,8.37009,0.00454,26.66667,26.65179,0,0.38,0.38,0,0.017,0.017,0,176,176,0,0.05226,High Risk
8.37463,26.625,0.38,0.017,178,8.37766,8.37268,-0.00908,26.66667,26.66964,-0.0625,0.38,0.38,0,0.017,0.017,0,177,178.28571,2,0.02794,High Risk
8.37463,26.6875,0.38,0.017,177,8.37463,8.37528,0,26.6875,26.66071,0,0.38,0.38,0,0.017,0.017,0,177.33333,178.42857,-1,0.03,High Risk
8.39279,26.5625,0.38,0.017,187,8.38976,8.3889,0.00908,26.58333,26.58929,0,0.38,0.38,0,0.017,0.017,0,186,187.57143,3,0.03443,High Risk
8.39279,26.5625,0.38,0.017,186,8.38976,8.39214,0,26.52083,26.50893,0.0625,0.38,0.38,0,0.017,0.017,0,186,186.42857,-3,0.02152,High Risk
8.39279,26.5,0.38,0.017,192,8.39733,8.39538,-0.00454,26.45833,26.44643,0.0625,0.38,0.38,0,0.017,0.017,0,190.33333,189.85714,3,0.02067,High Risk
8.39279,26.3125,0.38,0.017,189,8.38825,8.3902,0.00908,26.3125,26.3125,0,0.38,0.38,0,0.017,0.017,0,188.66667,187.85714,0,0.01155,High Risk
8.38825,26.1875,0.38,0.017,177,8.38976,8.39149,-0.00454,26.1875,26.1875,0,0.38,0.38,0,0.017,0.017,0,177.66667,177.71429,0,0.0101,High Risk
8.38825,26.125,0.38,0.017,176,8.39279,8.38825,-0.00908,26.08333,26.10714,0.0625,0.38,0.38,0,0.017,0.017,0,176,175.85714,0,0.02697,High Risk
8.39279,26.125,0.38,0.017,175,8.39128,8.38955,-0.00454,26.14583,26.13393,0,0.38,0.38,0,0.017,0.017,0,174,174.14286,2,0.02191,High Risk
8.38371,26.125,0.38,0.017,175,8.39128,8.3902,-0.01362,26.10417,26.09821,0,0.38,0.38,0,0.017,0.017,0,175.66667,175.57143,-1,0.03231,High Risk
8.40641,25.9375,0.38,0.017,174,8.39733,8.39149,0.01362,25.9375,25.9375,0,0.38,0.38,0,0.017,0.017,0,174,173.42857,0,0.02443,High Risk
8.37917,25.9375,0.38,0.017,175,8.39582,8.39603,-0.03178,25.91667,25.89286,0,0.38,0.38,0,0.017,0.017,0,174.33333,174.42857,0,0.03603,High Risk
8.40187,25.8125,0.38,0.017,174,8.40338,8.39733,-0.00454,25.8125,25.80357,0,0.38,0.38,0,0.017,0.017,0,174.66667,174,-1,0.02664,High Risk
8.40641,25.875,0.38,0.017,173,8.40036,8.40057,0.01362,25.85417,25.83929,0,0.38,0.38,0,0.017,0.017,0,174.33333,174.14286,-1,0.02534,High Risk
8.40641,25.75,0.38,0.017,172,8.40641,8.40706,0,25.75,25.75,0,0.38,0.38,0,0.017,0.017,0,172,172.57143,-1,0.00343,High Risk
8.41095,25.5,0.38,0.017,167,8.40792,8.409,0.00454,25.5,25.48214,0,0.38,0.38,0,0.017,0.017,0,167.66667,168.71429,-2,0.02554,High Risk
8.40641,25.3125,0.38,0.017,165,8.40641,8.41095,0,25.3125,25.32143,0,0.38,0.38,0,0.017,0.017,0,166.66667,166.57143,-4,0.03211,High Risk
8.41095,25.0625,0.38,0.017,186,8.40792,8.40706,0.00454,25.0625,25.08036,0,0.38,0.38,0,0.017,0.017,0,186,185.14286,0,0.01868,High Risk
8.40641,25.125,0.38,0.017,181,8.4049,8.40511,0.00454,25.125,25.11607,0,0.38,0.38,0,0.017,0.017,0,178.66667,180.14286,5,0.01624,High Risk
8.40187,25.125,0.38,0.017,206,8.40338,8.40317,-0.00454,25.125,25.08929,0,0.38,0.38,0,0.017,0.017,0,204,200.85714,1,0.02357,High Risk
8.40641,25.0625,0.38,0.017,155,8.40641,8.40641,0,25.02083,25.01786,0.0625,0.38,0.38,0,0.017,0.017,0,157,157.42857,-2,0.01525,High Risk
8.48358,24.9375,0.38,0.017,159,8.42305,8.41354,0.09987,24.95833,24.95536,-0.0625,0.38,0.38,0,0.017,0.017,0,159.33333,158.14286,-2,0.0792,High Risk
8.33378,24.6875,0.38,0.017,135,8.33529,8.33378,-0.00454,24.6875,24.69643,0,0.38,0.38,0,0.017,0.017,0,135.33333,135.57143,0,0.01923,High Risk
8.3247,24.8125,0.38,0.017,145,8.33832,8.33183,-0.03631,24.8125,24.84821,0,0.38,0.38,0,0.017,0.017,0,147.33333,144.85714,-5,0.04582,High Risk
8.33378,24.875,0.38,0.017,144,8.33227,8.33054,0,24.85417,24.85714,0.0625,0.38,0.38,0,0.017,0.017,0,144,143.85714,0,0.02211,High Risk
8.3247,24.9375,0.38,0.017,151,8.33529,8.33183,-0.02724,24.91667,24.91071,0.0625,0.38,0.38,0,0.017,0.017,0,150,148.14286,1,0.03622,High Risk
8.33832,25.125,0.38,0.017,150,8.33832,8.33637,0,25.14583,25.16071,0,0.38,0.38,0,0.017,0.017,0,151.66667,154.42857,-4,0.02385,High Risk
8.32016,25.1875,0.38,0.017,145,8.33681,8.33637,-0.0227,25.1875,25.1875,0,0.38,0.38,0,0.017,0.017,0,144.66667,144.28571,1,0.01727,High Risk
8.33378,25.25,0.38,0.017,144,8.33378,8.33508,0.00454,25.20833,25.19643,0.0625,0.38,0.38,0,0.017,0.017,0,145.33333,147.28571,-3,0.02191,High Risk
8.34286,25.1875,0.38,0.017,154,8.33983,8.34286,0.00454,25.1875,25.16964,0,0.38,0.38,0,0.017,0.017,0,147.66667,146.28571,10,0.02433,High Risk
8.33378,25.1875,0.38,0.017,169,8.33378,8.33313,-0.00908,25.16667,25.17857,0,0.38,0.38,0,0.017,0.017,0,169.66667,169,-4,0.02403,High Risk
8.33378,25.1875,0.38,0.017,165,8.33378,8.33832,0.00454,25.1875,25.16071,0,0.38,0.38,0,0.017,0.017,0,166,166.28571,-2,0.02843,High Risk
8.33832,25.1875,0.38,0.017,161,8.33378,8.33313,0.01362,25.14583,25.14286,0.0625,0.38,0.38,0,0.017,0.017,0,160.33333,162,6,0.02496,High Risk
8.32924,25.125,0.38,0.017,163,8.33681,8.33443,-0.00908,25.10417,25.125,0.0625,0.38,0.38,0,0.017,0.017,0,161,160.42857,1,0.03133,High Risk
8.32924,25.125,0.38,0.017,160,8.33983,8.33767,-0.02723,25.125,25.125,0,0.38,0.38,0,0.017,0.017,0,161,159.57143,-1,0.01847,High Risk
8.34286,25.0625,0.38,0.017,157,8.33378,8.33378,0.01362,25.10417,25.09821,-0.0625,0.38,0.38,0,0.017,0.017,0,158,159.42857,-2,0.02719,High Risk
8.33378,25.0625,0.38,0.017,157,8.33227,8.33248,0,25.08333,25.08929,0,0.38,0.38,0,0.017,0.017,0,155,155.42857,3,0.02357,High Risk
8.33378,25.0625,0.38,0.017,155,8.33529,8.33508,-0.00454,25.08333,25.08929,-0.0625,0.38,0.38,0,0.017,0.017,0,154.33333,154.42857,0,0.02681,High Risk
8.33378,25.125,0.38,0.017,155,8.33227,8.33313,0.00454,25.10417,25.09821,0.0625,0.38,0.38,0,0.017,0.017,0,155.33333,155.28571,-1,0.02487,High Risk
8.33378,25.0625,0.38,0.017,151,8.35042,8.33962,-0.05901,25.0625,25.0625,0,0.38,0.38,0,0.017,0.017,0,153.33333,152.14286,-3,0.04738,High Risk
8.32924,25,0.38,0.017,156,8.33832,8.33248,-0.02723,25,25.01786,0,0.38,0.38,0,0.017,0.017,0,155.66667,154.14286,0,0.0391,High Risk
8.32016,25,0.38,0.017,151,8.32319,8.32729,0,25,25,0,0.38,0.38,0,0.017,0.017,0,153.33333,153.57143,-3,0.01646,High Risk
8.33378,24.9375,0.38,0.017,150,8.33378,8.33378,0.00454,24.9375,24.94643,0,0.38,0.38,0,0.017,0.017,0,150,149.71429,-1,0.02353,High Risk
8.3247,24.9375,0.38,0.017,151,8.33227,8.33248,-0.01362,24.9375,24.9375,0,0.38,0.38,0,0.017,0.017,0,150.33333,150.57143,2,0.01794,High Risk
8.33378,24.9375,0.38,0.017,150,8.33529,8.33313,-0.00454,24.9375,24.91964,0,0.38,0.38,0,0.017,0.017,0,150.66667,150.14286,-2,0.02151,High Risk
8.32924,24.875,0.38,0.017,148,8.32773,8.33378,0.00454,24.89583,24.89286,-0.0625,0.38,0.38,0,0.017,0.017,0,149.66667,150.28571,-3,0.02809,High Risk
8.33832,24.875,0.38,0.017,147,8.33529,8.33378,0.01362,24.89583,24.875,-0.0625,0.38,0.38,0,0.017,0.017,0,146.33333,146.85714,2,0.03088,High Risk
8.33378,24.875,0.38,0.017,145,8.33529,8.34156,0,24.83333,24.83036,0.0625,0.38,0.38,0,0.017,0.017,0,145.33333,145.14286,-1,0.06116,High Risk
8.37463,24.6875,0.38,0.017,144,8.35648,8.35064,0.02269,24.6875,24.69643,0,0.38,0.38,0,0.017,0.017,0,144,143.57143,0,0.03448,High Risk
8.3474,24.5,0.38,0.017,150,8.34589,8.34156,0.00454,24.5,24.5,0,0.38,0.38,0,0.017,0.017,0,149.66667,149.71429,-4,0.0101,High Risk
8.32924,24.4375,0.38,0.017,165,8.33529,8.33897,-0.00908,24.45833,24.47321,0,0.38,0.38,0,0.017,0.017,0,162.66667,162.14286,6,0.02774,High Risk
8.36555,24.5,0.38,0.017,162,8.35042,8.34026,0.02723,24.47917,24.47321,0.0625,0.38,0.38,0,0.017,0.017,0,162.33333,163.71429,0,0.0423,High Risk
8.33378,24.4375,0.38,0.017,154,8.33529,8.33702,0.00454,24.45833,24.44643,-0.0625,0.38,0.38,0,0.017,0.017,0,158,160,-6,0.02191,High Risk
8.33832,24.4375,0.38,0.017,160,8.33681,8.33508,0,24.4375,24.44643,0,0.38,0.38,0,0.017,0.017,0,164.33333,168,-2,0.01868,High Risk
8.32924,24.4375,0.38,0.017,153,8.33075,8.33313,-0.00454,24.45833,24.47321,-0.0625,0.38,0.38,0,0.017,0.017,0,154,155.14286,-1,0.02297,High Risk
8.33832,24.5,0.38,0.017,147,8.33378,8.33313,0,24.45833,24.45536,0.0625,0.38,0.38,0,0.017,0.017,0,149,150.42857,-3,0.02628,High Risk
8.3247,24.5,0.38,0.017,155,8.32924,8.33054,-0.00454,24.5,24.47321,0,0.38,0.38,0,0.017,0.017,0,155,152.57143,0,0.02534,High Risk
8.32016,24.5,0.38,0.017,156,8.3474,8.33832,-0.00908,24.5,24.5,0,0.38,0.38,0,0.017,0.017,0,159,159.71429,-5,0.04917,High Risk
8.33832,24.5,0.38,0.017,144,8.33227,8.32989,0.00908,24.5,24.50893,0,0.38,0.38,0,0.017,0.017,0,144,144.14286,0,0.0251,High Risk
8.32924,24.5,0.38,0.017,165,8.32621,8.33378,0.00908,24.5,24.50893,0,0.38,0.38,0,0.017,0.017,0,162.66667,161,1,0.03071,High Risk
8.3247,24.375,0.38,0.017,139,8.32621,8.3247,-0.00454,24.375,24.375,0,0.38,0.38,0,0.017,0.017,0,137.33333,137.57143,4,0.00741,High Risk
8.31108,24.375,0.38,0.017,144,8.32016,8.31886,0,24.375,24.375,0,0.38,0.38,0,0.017,0.017,0,143.33333,143.85714,2,0.02011,High Risk
8.31108,24.375,0.38,0.017,138,8.31411,8.30978,-0.00908,24.39583,24.39286,0,0.38,0.38,0,0.017,0.017,0,133.33333,134.14286,14,0.02663,High Risk
8.30654,24.375,0.38,0.017,136,8.30957,8.31303,-0.00454,24.41667,24.41964,-0.0625,0.38,0.38,0,0.017,0.017,0,136,135,-1,0.03919,High Risk
8.302,24.4375,0.38,0.017,137,8.30351,8.30524,0,24.41667,24.41964,0,0.38,0.38,0,0.017,0.017,0,138.66667,139.14286,-1,0.02211,High Risk
8.32016,24.4375,0.38,0.017,143,8.30805,8.30589,0.02724,24.4375,24.4375,0,0.38,0.38,0,0.017,0.017,0,143,143.28571,-1,0.01693,High Risk
8.28838,24.125,0.38,0.017,143,8.28687,8.28319,0.00454,24.125,24.125,0,0.38,0.38,0,0.017,0.017,0,141,141.14286,4,0.00817,High Risk
8.27022,23.9375,0.38,0.017,131,8.26871,8.26893,0,23.91667,23.91071,0.0625,0.38,0.38,0,0.017,0.017,0,132.66667,136.71429,1,0.02356,High Risk
8.26115,23.875,0.38,0.017,133,8.26266,8.26374,-0.00454,23.83333,23.83929,0.0625,0.38,0.38,0,0.017,0.017,0,133.33333,133.42857,0,0.02556,High Risk
8.26115,23.8125,0.38,0.017,138,8.26871,8.26698,0,23.83333,23.82143,-0.0625,0.38,0.38,0,0.017,0.017,0,133.33333,132.57143,7,0.02814,High Risk
8.28838,23.8125,0.38,0.017,134,8.27174,8.26893,0.02723,23.83333,23.82143,-0.0625,0.38,0.38,0,0.017,0.017,0,133.33333,132.85714,0,0.0305,High Risk
8.26115,23.75,0.38,0.017,137,8.26418,8.26374,-0.00454,23.75,23.75893,0,0.38,0.38,0,0.017,0.017,0,134.33333,134.85714,-1,0.01666,High Risk
8.26569,23.6875,0.38,0.017,138,8.26569,8.26439,-0.00453,23.70833,23.69643,-0.0625,0.38,0.38,0,0.017,0.017,0,137,136.14286,0,0.01867,High Risk
8.26115,23.6875,0.38,0.017,140,8.25358,8.25012,0.01362,23.6875,23.67857,0,0.38,0.38,0,0.017,0.017,0,142.33333,138.14286,-3,0.02554,High Risk
8.23845,23.75,0.38,0.017,139,8.24904,8.24558,-0.0227,23.75,23.75,0,0.38,0.38,0,0.017,0.017,0,138.33333,136.57143,0,0.0188,High Risk
8.20213,24.3125,0.38,0.017,141,8.20062,8.19759,0,24.3125,24.3125,0,0.38,0.38,0,0.017,0.017,0,142.33333,142.14286,-1,0.01657,High Risk
8.21575,25.0625,0.38,0.017,163,8.20818,8.2138,0.00908,25.08333,25.09821,-0.0625,0.38,0.38,0,0.017,0.017,0,163,163.14286,2,0.04006,High Risk
8.21575,25.0625,0.38,0.017,163,8.20516,8.20602,0.01816,25.0625,25.0625,0,0.38,0.38,0,0.017,0.017,0,162.33333,162.57143,2,0.01329,High Risk
8.18398,24.625,0.38,0.017,140,8.187,8.18592,-0.00453,24.64583,24.64286,0,0.38,0.38,0,0.017,0.017,0,139,136.85714,1,0.02238,High Risk
8.18398,24.5625,0.38,0.017,150,8.18398,8.18268,-0.00453,24.58333,24.58036,0,0.38,0.38,0,0.017,0.017,0,150,150.28571,0,0.02211,High Risk
8.18398,24.5,0.38,0.017,157,8.187,8.18398,-0.00453,24.54167,24.54464,-0.0625,0.38,0.38,0,0.017,0.017,0,155.33333,154.85714,2,0.02572,High Risk
8.16582,24.625,0.38,0.017,144,8.15977,8.15739,0.01816,24.58333,24.57143,0.0625,0.38,0.38,0,0.017,0.017,0,141.33333,140.28571,5,0.03029,High Risk
8.06595,25.375,0.38,0.017,131,8.06746,8.07114,0,25.375,25.38393,0,0.38,0.38,0,0.017,0.017,0,132.33333,134,-2,0.02403,High Risk
7.96154,25.125,0.38,0.017,131,7.96305,7.96154,0,25.125,25.125,0,0.38,0.38,0,0.017,0.017,0,126.66667,126.57143,6,0.00741,High Risk
7.957,25.125,0.38,0.017,137,7.96154,7.96219,-0.00454,25.125,25.125,0,0.38,0.38,0,0.017,0.017,0,134.33333,129.57143,4,0.02775,High Risk
7.97062,25.125,0.38,0.017,128,7.96759,7.96089,0.00908,25.10417,25.10714,0.0625,0.38,0.38,0,0.017,0.017,0,128,130.57143,0,0.03135,High Risk
7.94792,25.0625,0.38,0.017,155,7.94943,7.94987,-0.00908,25.04167,25.04464,0,0.38,0.38,0,0.017,0.017,0,153.33333,153.42857,1,0.02554,High Risk
7.94792,25,0.38,0.017,139,7.92522,7.93754,-0.00908,24.97917,24.98214,0.0625,0.38,0.38,0,0.017,0.017,0,140.66667,140,-2,0.07563,High Risk
7.957,25,0.38,0.017,130,7.95246,7.95376,0.00454,24.95833,24.95536,0.0625,0.38,0.38,0,0.017,0.017,0,132.33333,132.71429,-4,0.02778,High Risk
7.94792,25,0.38,0.017,130,7.95095,7.95635,0,24.97917,24.98214,0,0.38,0.38,0,0.017,0.017,0,131.66667,133.42857,-1,0.03047,High Risk
7.94792,24.9375,0.38,0.017,119,7.94792,7.94922,0,24.9375,24.9375,0,0.38,0.38,0,0.017,0.017,0,125,127.85714,-9,0.00686,High Risk
7.93884,24.875,0.38,0.017,122,7.94641,7.94727,-0.01816,24.875,24.875,0,0.38,0.38,0,0.017,0.017,0,122,122,0,0.01429,High Risk
7.94338,24.8125,0.38,0.017,128,7.93884,7.94338,0.01362,24.83333,24.82143,0,0.38,0.38,0,0.017,0.017,0,128.33333,128.57143,-1,0.02465,High Risk
7.94338,24.6875,0.38,0.017,115,7.94641,7.94857,0,24.6875,24.6875,0,0.38,0.38,0,0.017,0.017,0,116.33333,116,-2,0.02059,High Risk
7.92976,24.6875,0.38,0.017,117,7.94187,7.94338,-0.01816,24.6875,24.6875,0,0.38,0.38,0,0.017,0.017,0,117.66667,117.42857,-1,0.01739,High Risk
7.93884,24.625,0.38,0.017,116,7.94035,7.93819,0,24.625,24.66071,0,0.38,0.38,0,0.017,0.017,0,115.33333,115.57143,1,0.02892,High Risk
7.94338,24.625,0.38,0.017,117,7.94187,7.94014,0.00454,24.64583,24.65179,0,0.38,0.38,0,0.017,0.017,0,115.66667,116.14286,-1,0.02924,High Risk
7.93884,24.625,0.38,0.017,118,7.94035,7.93884,0,24.60417,24.60714,0.0625,0.38,0.38,0,0.017,0.017,0,116,116.14286,3,0.02808,High Risk
7.92069,24.5625,0.38,0.017,114,7.93884,7.93949,-0.02269,24.5625,24.55357,0,0.38,0.38,0,0.017,0.017,0,115.33333,115.14286,-2,0.0324,High Risk
7.94338,24.5625,0.38,0.017,115,7.92068,7.93041,0.01362,24.54167,24.53571,0,0.38,0.38,0,0.017,0.017,0,115.33333,114.42857,-2,0.05429,High Risk
7.94338,24.5,0.38,0.017,112,7.94035,7.93754,0.00454,24.52083,24.51786,-0.0625,0.38,0.38,0,0.017,0.017,0,113.66667,114.71429,-2,0.02663,High Risk
7.93884,24.5,0.38,0.017,115,7.93279,7.9343,0.00454,24.54167,24.53571,-0.0625,0.38,0.38,0,0.017,0.017,0,115.33333,115.71429,-2,0.02954,High Risk
7.94338,24.5,0.38,0.017,114,7.93884,7.93625,0.01362,24.5,24.52679,0,0.38,0.38,0,0.017,0.017,0,114.66667,115.14286,-1,0.02939,High Risk
7.93884,24.5,0.38,0.017,113,7.93733,7.95181,0,24.47917,24.49107,0,0.38,0.38,0,0.017,0.017,0,113,113,1,0.08803,High Risk
7.93884,24.375,0.38,0.017,115,7.93279,7.93171,0.01361,24.39583,24.41964,0,0.38,0.38,0,0.017,0.017,0,114,114.57143,-2,0.03084,High Risk
7.91161,24.375,0.38,0.017,118,7.9343,7.92912,-0.04993,24.375,24.36607,0,0.38,0.38,0,0.017,0.017,0,118.66667,119.85714,-1,0.04301,High Risk
7.93884,24.3125,0.38,0.017,123,7.94035,7.93365,-0.00454,24.3125,24.33036,0,0.38,0.38,0,0.017,0.017,0,122.66667,122.42857,-1,0.03217,High Risk
7.92976,24.375,0.38,0.017,131,7.92371,7.92328,0.00453,24.33333,24.32143,0.0625,0.38,0.38,0,0.017,0.017,0,131.33333,132.57143,0,0.02908,High Risk
7.90707,24.4375,0.38,0.017,119,7.90858,7.90707,0.00454,24.4375,24.4375,0,0.38,0.38,0,0.017,0.017,0,122.66667,122.57143,-7,0.01284,High Risk
7.90707,24.4375,0.38,0.017,123,7.90556,7.90642,0,24.4375,24.4375,0,0.38,0.38,0,0.017,0.017,0,122.66667,122.14286,4,0.01221,High Risk
7.89799,24.4375,0.38,0.017,119,7.89799,7.89994,0,24.45833,24.45536,0,0.38,0.38,0,0.017,0.017,0,122,124,-5,0.02239,High Risk
7.90253,24.5,0.38,0.017,125,7.90102,7.90058,0.00454,24.5,24.47321,0,0.38,0.38,0,0.017,0.017,0,123.66667,122,2,0.02385,High Risk
7.90253,24.5,0.38,0.017,126,7.90404,7.90253,0,24.5,24.5,0,0.38,0.38,0,0.017,0.017,0,126.33333,125.71429,-2,0.00741,High Risk
7.94792,24.5,0.38,0.017,123,7.91766,7.90772,0.04539,24.5,24.5,0,0.38,0.38,0,0.017,0.017,0,124.66667,124.28571,-2,0.03571,High Risk
7.89345,24.6875,0.38,0.017,123,7.89496,7.89345,0,24.6875,24.6875,0,0.38,0.38,0,0.017,0.017,0,122,122,-2,0.00524,High Risk
7.91615,24.6875,0.38,0.017,125,7.8995,7.8954,0.02724,24.6875,24.6875,0,0.38,0.38,0,0.017,0.017,0,125.66667,124.57143,-3,0.01951,High Risk
7.88891,24.6875,0.38,0.017,128,7.89194,7.8915,-0.00454,24.6875,24.6875,0,0.38,0.38,0,0.017,0.017,0,128,129.14286,0,0.00485,High Risk
7.88891,24.8125,0.38,0.017,128,7.8874,7.88826,0,24.8125,24.8125,0,0.38,0.38,0,0.017,0.017,0,129,130,-3,0.00627,High Risk
7.89345,24.875,0.38,0.017,123,7.89194,7.89021,0.00454,24.85417,24.86607,0.0625,0.38,0.38,0,0.017,0.017,0,125.66667,125.14286,-3,0.02045,High Risk
7.89345,24.875,0.38,0.017,121,7.89648,7.89475,-0.00454,24.875,24.875,0,0.38,0.38,0,0.017,0.017,0,120.33333,122.42857,3,0.00686,High Risk
7.90253,24.875,0.38,0.017,144,7.89799,7.89734,0.00454,24.875,24.90179,0,0.38,0.38,0,0.017,0.017,0,138,137.14286,9,0.02297,High Risk
7.89799,24.9375,0.38,0.017,144,7.89496,7.89994,0.00454,24.89583,24.90179,0.0625,0.38,0.38,0,0.017,0.017,0,142.33333,143.28571,3,0.03622,High Risk
7.89799,24.875,0.38,0.017,144,7.89799,7.89799,0,24.875,24.875,0,0.38,0.38,0,0.017,0.017,0,145.66667,142.57143,-1,0.00524,High Risk
7.90253,24.875,0.38,0.017,162,7.8995,7.90447,0.00454,24.875,24.875,0,0.38,0.38,0,0.017,0.017,0,161.33333,162.14286,1,0.0305,High Risk
7.89345,24.875,0.38,0.017,149,7.89496,7.8941,-0.00454,24.875,24.875,0,0.38,0.38,0,0.017,0.017,0,148.66667,150.28571,0,0.00627,High Risk
7.88891,24.875,0.38,0.017,133,7.89496,7.89734,-0.00908,24.85417,24.84821,0,0.38,0.38,0,0.017,0.017,0,133.33333,132.85714,-1,0.02487,High Risk
7.89799,24.8125,0.38,0.017,140,7.8995,7.89929,-0.00454,24.8125,24.8125,0,0.38,0.38,0,0.017,0.017,0,138.33333,137.85714,2,0.00443,High Risk
7.89799,24.75,0.38,0.017,139,7.89799,7.89864,0,24.75,24.76786,0,0.38,0.38,0,0.017,0.017,0,138.33333,139,2,0.01868,High Risk
7.89799,24.75,0.38,0.017,132,7.89496,7.89864,0,24.72917,24.73214,0.0625,0.38,0.38,0,0.017,0.017,0,133.33333,133.71429,-1,0.03297,High Risk
7.89799,24.6875,0.38,0.017,128,7.89799,7.89734,0,24.70833,24.69643,0,0.38,0.38,0,0.017,0.017,0,127.66667,126,0,0.01998,High Risk
7.90253,24.5625,0.38,0.017,123,7.8995,7.89929,0.00454,24.5625,24.55357,0,0.38,0.38,0,0.017,0.017,0,120.66667,121.71429,3,0.01624,High Risk
7.89345,24.25,0.38,0.017,117,7.8995,7.8954,-0.00454,24.25,24.25,0,0.38,0.38,0,0.017,0.017,0,115.33333,115.28571,2,0.01373,High Risk
7.88437,24.125,0.38,0.017,121,7.88891,7.88956,0,24.14583,24.13393,-0.0625,0.38,0.38,0,0.017,0.017,0,121.33333,119.85714,0,0.02874,High Risk
7.89345,24.125,0.38,0.017,128,7.89194,7.89215,-0.00454,24.125,24.13393,0,0.38,0.38,0,0.017,0.017,0,127.66667,126.71429,0,0.02191,High Risk
7.87983,24,0.38,0.017,147,7.88437,7.88502,-0.00454,24,24.00893,0,0.38,0.38,0,0.017,0.017,0,145.66667,145.42857,2,0.02403,High Risk
7.87529,24,0.38,0.017,139,7.88134,7.88437,-0.01362,24,24,0,0.38,0.38,0,0.017,0.017,0,139,140.42857,1,0.01048,High Risk
7.86621,24,0.38,0.017,131,7.87529,7.87399,-0.01816,24,24,0,0.38,0.38,0,0.017,0.017,0,130.33333,130.85714,2,0.01358,High Risk
7.83898,24.3125,0.38,0.017,126,7.83747,7.84092,0.00454,24.29167,24.29464,0.0625,0.38,0.38,0,0.017,0.017,0,127.33333,125.42857,-2,0.02994,High Risk
7.84805,24.5,0.38,0.017,126,7.84049,7.83898,0.01361,24.5,24.5,0,0.38,0.38,0,0.017,0.017,0,124,120.28571,3,0.01386,High Risk
7.85259,24.6875,0.38,0.017,120,7.85108,7.84805,0,24.6875,24.6875,0,0.38,0.38,0,0.017,0.017,0,119,117.28571,1,0.01386,High Risk
7.8299,24.875,0.38,0.017,121,7.82839,7.8299,0,24.875,24.86607,0,0.38,0.38,0,0.017,0.017,0,122.33333,122.28571,-2,0.02465,High Risk
7.8299,25.125,0.38,0.017,129,7.83444,7.83444,-0.00908,25.14583,25.13393,0,0.38,0.38,0,0.017,0.017,0,131.66667,129.85714,-3,0.01923,High Risk
7.83444,25.125,0.38,0.017,135,7.84352,7.83833,-0.03177,25.125,25.13393,0,0.38,0.38,0,0.017,0.017,0,134.33333,132.14286,-4,0.03718,High Risk
7.83444,25.1875,0.38,0.017,130,7.84805,7.84416,-0.01815,25.1875,25.17857,0,0.38,0.38,0,0.017,0.017,0,131.66667,130,-8,0.02952,High Risk
7.85259,25.1875,0.38,0.017,130,7.84654,7.84675,0.00908,25.16667,25.17857,0.0625,0.38,0.38,0,0.017,0.017,0,131.33333,130.57143,-3,0.02191,High Risk
7.83444,25.125,0.38,0.017,144,7.842,7.84092,-0.01361,25.125,25.125,0,0.38,0.38,0,0.017,0.017,0,145,145.42857,-2,0.01154,High Risk
7.84805,25.125,0.38,0.017,150,7.84654,7.84546,0.00454,25.08333,25.08036,0.0625,0.38,0.38,0,0.017,0.017,0,148,149.71429,6,0.03612,High Risk
7.84805,25.0625,0.38,0.017,125,7.842,7.83833,0.00907,25.0625,25.0625,0,0.38,0.38,0,0.017,0.017,0,125,123.28571,-1,0.0097,High Risk
7.83898,24.875,0.38,0.017,148,7.84654,7.84481,-0.00907,24.91667,24.92857,-0.0625,0.38,0.38,0,0.017,0.017,0,151.66667,154.57143,-3,0.02191,High Risk
7.8299,24.8125,0.38,0.017,144,7.83293,7.83509,-0.00454,24.8125,24.83929,0,0.38,0.38,0,0.017,0.017,0,144,144.14286,0,0.03279,High Risk
7.83898,24.75,0.38,0.017,128,7.83293,7.83444,0.00454,24.72917,24.72321,0.0625,0.38,0.38,0,0.017,0.017,0,124.66667,126.28571,10,0.02578,High Risk
7.83444,24.6875,0.38,0.017,129,7.83141,7.83185,0.00454,24.6875,24.6875,0,0.38,0.38,0,0.017,0.017,0,130,131.85714,1,0.00485,High Risk
7.83444,24.5625,0.38,0.017,129,7.82839,7.82795,0.00908,24.5625,24.55357,0,0.38,0.38,0,0.017,0.017,0,129.33333,128.85714,-1,0.01896,High Risk
7.87075,24.5625,0.38,0.017,124,7.84049,7.83184,0.04539,24.60417,24.61607,-0.0625,0.38,0.38,0,0.017,0.017,0,125.66667,127.71429,-1,0.04612,High Risk
7.82536,24.625,0.38,0.017,125,7.82839,7.82666,0,24.58333,24.59821,0.0625,0.38,0.38,0,0.017,0.017,0,125.66667,127.57143,0,0.02357,High Risk
7.82536,24.625,0.38,0.017,129,7.82536,7.82341,0,24.625,24.64286,0,0.38,0.38,0,0.017,0.017,0,131,128.71429,0,0.0201,High Risk
7.82536,24.625,0.38,0.017,115,7.82385,7.82341,0.00454,24.66667,24.66071,-0.0625,0.38,0.38,0,0.017,0.017,0,116,116.71429,1,0.02385,High Risk
7.7845,24.9375,0.38,0.017,131,7.79358,7.78839,-0.00908,24.9375,24.95536,0,0.38,0.38,0,0.017,0.017,0,136.66667,135.28571,-6,0.03775,High Risk
7.80266,25.125,0.38,0.017,134,7.80266,7.79877,0,25.08333,25.07143,0.0625,0.38,0.38,0,0.017,0.017,0,134.33333,133.85714,3,0.02284,High Risk
7.8072,25.125,0.38,0.017,138,7.80417,7.80136,0.00454,25.10417,25.08036,0,0.38,0.38,0,0.017,0.017,0,134.33333,133.85714,4,0.02389,High Risk
7.81628,25.125,0.38,0.017,147,7.81023,7.80396,0.01362,25.16667,25.16964,-0.0625,0.38,0.38,0,0.017,0.017,0,146.66667,145.14286,-2,0.03241,High Risk
7.8072,25.1875,0.38,0.017,138,7.81325,7.81433,-0.01362,25.20833,25.23214,0,0.38,0.38,0,0.017,0.017,0,141.33333,132.71429,-5,0.02554,High Risk
7.82536,25.25,0.38,0.017,158,7.82233,7.82017,0.00908,25.20833,25.23214,0.0625,0.38,0.38,0,0.017,0.017,0,152,146.14286,9,0.02628,High Risk
7.82536,25.25,0.38,0.017,151,7.82233,7.82017,0,25.22917,25.23214,0,0.38,0.38,0,0.017,0.017,0,152.66667,148,-7,0.02628,High Risk
7.82536,25.1875,0.38,0.017,149,7.82687,7.82536,0,25.20833,25.21429,0,0.38,0.38,0,0.017,0.017,0,149,154.42857,-5,0.02195,High Risk
7.82536,25.25,0.38,0.017,151,7.82536,7.82536,0,25.25,25.24107,0,0.38,0.38,0,0.017,0.017,0,153,148.28571,2,0.01181,High Risk
7.82536,25.25,0.38,0.017,122,7.82536,7.82536,0,25.25,25.25,0,0.38,0.38,0,0.017,0.017,0,144.66667,150.28571,-29,0,High Risk
7.82536,25.1875,0.38,0.017,151,7.82385,7.82795,0.00454,25.22917,25.24107,-0.0625,0.38,0.38,0,0.017,0.017,0,155.33333,155.14286,5,0.02986,High Risk
7.81628,25.1875,0.38,0.017,162,7.81779,7.81952,0,25.1875,25.1875,0,0.38,0.38,0,0.017,0.017,0,163.66667,163,-1,0.00864,High Risk
7.82536,25.1875,0.38,0.017,162,7.82082,7.81693,0,25.1875,25.1875,0,0.38,0.38,0,0.017,0.017,0,166.33333,168.85714,-5,0.01329,High Risk
7.82536,25.5,0.38,0.017,116,7.80569,7.80201,0.03178,25.5,25.51786,0,0.38,0.38,0,0.017,0.017,0,116,115.57143,-1,0.03713,High Risk
7.80266,25.5625,0.38,0.017,131,7.79963,7.80071,0.00908,25.5625,25.52679,0,0.38,0.38,0,0.017,0.017,0,129.66667,126.28571,2,0.02939,High Risk
7.78904,25.5625,0.38,0.017,123,7.79509,7.80331,-0.01362,25.54167,25.55357,0.0625,0.38,0.38,0,0.017,0.017,0,126.33333,130.57143,-5,0.04025,High Risk
7.78904,25.625,0.38,0.017,122,7.79207,7.79747,-0.00454,25.625,25.625,0,0.38,0.38,0,0.017,0.017,0,122.66667,122.71429,-1,0.01522,High Risk
7.80266,25.625,0.38,0.017,123,7.81174,7.80071,-0.00908,25.60417,25.61607,0.0625,0.38,0.38,0,0.017,0.017,0,125.33333,123.71429,-3,0.03517,High Risk
7.81628,25.625,0.38,0.017,158,7.81325,7.81174,0.00454,25.625,25.63393,0,0.38,0.38,0,0.017,0.017,0,156.33333,160.42857,3,0.0223,High Risk
7.81174,25.6875,0.38,0.017,167,7.81174,7.81044,0,25.6875,25.67857,0,0.38,0.38,0,0.017,0.017,0,175,187.85714,-12,0.0254,High Risk
7.81174,25.625,0.38,0.017,151,7.81779,7.81758,-0.00454,25.625,25.625,0,0.38,0.38,0,0.017,0.017,0,152.66667,162.42857,-2,0.01138,High Risk
7.81174,25.625,0.38,0.017,137,7.81174,7.81758,-0.00454,25.60417,25.63393,0,0.38,0.38,0,0.017,0.017,0,148.33333,143,-12,0.03872,High Risk
7.81174,25.3125,0.38,0.017,133,7.81628,7.81887,-0.00454,25.33333,25.33036,-0.0625,0.38,0.38,0,0.017,0.017,0,134,133.28571,-1,0.02411,High Risk
7.81174,25.25,0.38,0.017,128,7.81779,7.81758,-0.00908,25.27083,25.28571,0,0.38,0.38,0,0.017,0.017,0,132.33333,133,-3,0.02809,High Risk
7.81628,25.1875,0.38,0.017,118,7.82082,7.81498,0,25.22917,25.22321,-0.0625,0.38,0.38,0,0.017,0.017,0,118,118.71429,0,0.03304,High Risk
7.81628,25.25,0.38,0.017,114,7.81628,7.81952,0,25.20833,25.21429,0.0625,0.38,0.38,0,0.017,0.017,0,122.33333,123.85714,-13,0.02534,High Risk
7.81174,25.0625,0.38,0.017,124,7.81477,7.81304,-0.00908,25.02083,25.01786,0.0625,0.38,0.38,0,0.017,0.017,0,124.33333,124.14286,1,0.02981,High Risk
7.81174,24.9375,0.38,0.017,119,7.80871,7.81304,0.00454,24.9375,24.9375,0,0.38,0.38,0,0.017,0.017,0,122.66667,125.42857,-4,0.0101,High Risk
7.82082,24.9375,0.38,0.017,126,7.81628,7.81304,0.00454,24.9375,24.9375,0,0.38,0.38,0,0.017,0.017,0,125.66667,126.14286,3,0.00864,High Risk
7.62108,24.8125,0.38,0.017,131,7.74213,7.77802,-0.17704,24.8125,24.82143,0,0.38,0.38,0,0.017,0.017,0,135.33333,130.28571,-6,0.15088,High Risk
7.8072,24.8125,0.38,0.017,132,7.8072,7.80979,0.00454,24.8125,24.8125,0,0.38,0.38,0,0.017,0.017,0,135.66667,135,-5,0.01269,High Risk
7.81174,24.8125,0.38,0.017,128,7.81325,7.81174,-0.00454,24.8125,24.8125,0,0.38,0.38,0,0.017,0.017,0,129.66667,132.85714,-3,0.01172,High Risk
7.80266,24.75,0.38,0.017,133,7.80417,7.80655,-0.00454,24.72917,24.74107,0,0.38,0.38,0,0.017,0.017,0,134.66667,134,-2,0.02703,High Risk
7.80266,24.6875,0.38,0.017,134,7.79055,7.80136,0,24.70833,24.69643,-0.0625,0.38,0.38,0,0.017,0.017,0,132.33333,132.57143,3,0.04443,High Risk
7.8072,24.6875,0.38,0.017,142,7.79812,7.79942,0.0227,24.6875,24.6875,0,0.38,0.38,0,0.017,0.017,0,140.33333,140.14286,1,0.02143,High Risk
7.80266,24.6875,0.38,0.017,133,7.80115,7.80071,0.00454,24.64583,24.64286,0.0625,0.38,0.38,0,0.017,0.017,0,132.33333,133.42857,3,0.0201,High Risk
7.8072,24.625,0.38,0.017,125,7.81325,7.80525,-0.01362,24.625,24.625,0,0.38,0.38,0,0.017,0.017,0,126.66667,127.57143,-2,0.01951,High Risk
7.77996,24.625,0.38,0.017,133,7.78904,7.78969,-0.01816,24.64583,24.63393,0,0.38,0.38,0,0.017,0.017,0,132.66667,134.42857,2,0.03306,High Risk
7.76634,25.0625,0.38,0.017,137,7.76786,7.76245,0.00907,25.04167,25.01786,0.0625,0.38,0.38,0,0.017,0.017,0,137,136.85714,1,0.03217,High Risk
7.75727,25.125,0.38,0.017,133,7.75727,7.75597,0,25.08333,25.07143,0.0625,0.38,0.38,0,0.017,0.017,0,134,134,-4,0.02044,High Risk
7.76634,25.0625,0.38,0.017,129,7.76029,7.76505,0.00454,25.0625,25.08036,0,0.38,0.38,0,0.017,0.017,0,130,130.57143,-2,0.04234,High Risk
7.76634,25.125,0.38,0.017,131,7.76785,7.7644,0.00454,25.125,25.125,0,0.38,0.38,0,0.017,0.017,0,132,132.14286,0,0.01155,High Risk
7.75273,25.4375,0.38,0.017,178,7.75424,7.75921,-0.00454,25.41667,25.41071,0,0.38,0.38,0,0.017,0.017,0,176.66667,175.85714,2,0.03549,High Risk
7.75273,25.5,0.38,0.017,153,7.76029,7.76764,-0.00907,25.5,25.5,0,0.38,0.38,0,0.017,0.017,0,149.33333,149.57143,9,0.02498,High Risk
7.75727,25.625,0.38,0.017,176,7.76029,7.75727,0,25.625,25.58929,0,0.38,0.38,0,0.017,0.017,0,179,186,0,0.02578,High Risk
7.75273,25.6875,0.38,0.017,146,7.75273,7.75014,0,25.70833,25.69643,0,0.38,0.38,0,0.017,0.017,0,147.66667,145.57143,-7,0.0245,High Risk
7.75273,25.6875,0.38,0.017,144,7.75122,7.75467,0.00454,25.6875,25.6875,0,0.38,0.38,0,0.017,0.017,0,146.33333,144.57143,-2,0.01559,High Risk
7.74819,25.75,0.38,0.017,154,7.74819,7.75208,0,25.75,25.77679,0,0.38,0.38,0,0.017,0.017,0,158,167.42857,-4,0.02641,High Risk
7.74819,25.875,0.38,0.017,133,7.75273,7.75273,-0.00908,25.875,25.875,0,0.38,0.38,0,0.017,0.017,0,133,137.14286,1,0.00741,High Risk
7.76634,25.875,0.38,0.017,134,7.77996,7.77412,-0.00908,25.875,25.875,0,0.38,0.38,0,0.017,0.017,0,135.66667,135.14286,-5,0.02268,High Risk
7.75727,25.875,0.38,0.017,163,7.76181,7.77218,0,25.875,25.875,0,0.38,0.38,0,0.017,0.017,0,162.66667,163.14286,0,0.02759,High Risk
7.76634,25.8125,0.38,0.017,163,7.76634,7.76504,0,25.8125,25.8125,0,0.38,0.38,0,0.017,0.017,0,164,163.71429,-1,0.00686,High Risk
7.7618,25.8125,0.38,0.017,163,7.76634,7.76829,0,25.8125,25.8125,0,0.38,0.38,0,0.017,0.017,0,163,162.57143,1,0.01373,High Risk
7.7618,25.8125,0.38,0.017,161,7.7618,7.7631,-0.00454,25.77083,25.78571,0.0625,0.38,0.38,0,0.017,0.017,0,164,166,-5,0.02356,High Risk
7.7618,25.5625,0.38,0.017,137,7.76634,7.77283,0,25.54167,25.5625,0.0625,0.38,0.38,0,0.017,0.017,0,138.33333,138.28571,-2,0.04198,High Risk
7.77542,25.5625,0.38,0.017,138,7.77391,7.76115,0.00454,25.54167,25.53571,0.0625,0.38,0.38,0,0.017,0.017,0,137.33333,137.57143,1,0.06599,High Risk
7.76634,25.375,0.38,0.017,140,7.77088,7.76764,-0.00908,25.375,25.375,0,0.38,0.38,0,0.017,0.017,0,140,139.14286,-1,0.00864,High Risk
7.77542,25.3125,0.38,0.017,137,7.76937,7.76634,0.00908,25.33333,25.33036,-0.0625,0.38,0.38,0,0.017,0.017,0,137,135.85714,0,0.02573,High Risk
7.7618,25.3125,0.38,0.017,135,7.76331,7.76245,0,25.3125,25.3125,0,0.38,0.38,0,0.017,0.017,0,134,134.42857,3,0.01428,High Risk
7.77088,25.3125,0.38,0.017,135,7.76785,7.76634,0,25.29167,25.30357,0,0.38,0.38,0,0.017,0.017,0,134.33333,135.14286,0,0.02465,High Risk
7.76634,25.3125,0.38,0.017,131,7.76483,7.76439,0.00454,25.3125,25.3125,0,0.38,0.38,0,0.017,0.017,0,131.66667,131.28571,-2,0.00485,High Risk
7.76634,25.3125,0.38,0.017,130,7.76332,7.76375,0.00907,25.3125,25.3125,0,0.38,0.38,0,0.017,0.017,0,130,131.14286,1,0.00714,High Risk
7.76634,25.25,0.38,0.017,131,7.77845,7.77283,-0.00908,25.27083,25.26786,-0.0625,0.38,0.38,0,0.017,0.017,0,131.66667,131.57143,-2,0.0374,High Risk
7.75727,25.25,0.38,0.017,133,7.75878,7.76245,-0.00453,25.25,25.25,0,0.38,0.38,0,0.017,0.017,0,134.66667,134.42857,-2,0.01102,High Risk
7.76634,25.1875,0.38,0.017,135,7.76483,7.76634,0.00454,25.1875,25.1875,0,0.38,0.38,0,0.017,0.017,0,134.66667,134.14286,0,0.01387,High Risk
7.76634,25.0625,0.38,0.017,135,7.76634,7.77153,-0.00454,25.0625,25.0625,0,0.38,0.38,0,0.017,0.017,0,135.66667,137.42857,0,0.02745,High Risk
7.76634,25,0.38,0.017,137,7.7618,7.7618,0,25.02083,25.00893,0,0.38,0.38,0,0.017,0.017,0,134.33333,134.14286,5,0.02996,High Risk
7.7618,25,0.38,0.017,129,7.77391,7.77218,0,25,24.99107,0,0.38,0.38,0,0.017,0.017,0,135,136.42857,-9,0.04764,High Risk
7.7618,24.9375,0.38,0.017,135,7.76634,7.7644,-0.00908,24.9375,24.9375,0,0.38,0.38,0,0.017,0.017,0,134,133.28571,1,0.00886,High Risk
7.75727,24.875,0.38,0.017,135,7.77694,7.77218,-0.03631,24.875,24.91071,0,0.38,0.38,0,0.017,0.017,0,135.33333,134.71429,0,0.04223,High Risk
7.7618,24.875,0.38,0.017,139,7.76483,7.7618,-0.00454,24.875,24.89286,0,0.38,0.38,0,0.017,0.017,0,135.33333,137.85714,0,0.02432,High Risk
7.75727,24.875,0.38,0.017,143,7.76029,7.76051,-0.00907,24.875,24.875,0,0.38,0.38,0,0.017,0.017,0,143.66667,142.14286,-1,0.01633,High Risk
7.7618,24.75,0.38,0.017,117,7.76634,7.77218,-0.00908,24.75,24.75,0,0.38,0.38,0,0.017,0.017,0,117.66667,118.28571,-2,0.02606,High Risk
7.77542,24.625,0.38,0.017,122,7.76785,7.76699,0.01362,24.625,24.625,0,0.38,0.38,0,0.017,0.017,0,120,119.42857,3,0.00971,High Risk
7.7618,24.625,0.38,0.017,120,7.77996,7.77477,-0.04086,24.625,24.625,0,0.38,0.38,0,0.017,0.017,0,120.66667,118.42857,0,0.02695,High Risk
7.76634,24.5625,0.38,0.017,123,7.76937,7.7631,0,24.5625,24.5625,0,0.38,0.38,0,0.017,0.017,0,121.66667,121.42857,2,0.01868,High Risk
7.77542,24.4375,0.38,0.017,126,7.77088,7.77218,0,24.45833,24.44643,-0.0625,0.38,0.38,0,0.017,0.017,0,124,125.14286,3,0.02434,High Risk
7.7618,24.4375,0.38,0.017,128,7.76332,7.76375,-0.00908,24.4375,24.4375,0,0.38,0.38,0,0.017,0.017,0,128,128,0,0.01029,High Risk
7.7618,24.375,0.38,0.017,128,7.76331,7.75856,-0.00454,24.39583,24.40179,0,0.38,0.38,0,0.017,0.017,0,127.33333,125.85714,0,0.04222,High Risk
7.7618,24.375,0.38,0.017,116,7.76029,7.76051,0.00453,24.375,24.38393,0,0.38,0.38,0,0.017,0.017,0,122,124.71429,-9,0.02044,High Risk
7.76634,24.375,0.38,0.017,121,7.7618,7.76116,0.00454,24.375,24.375,0,0.38,0.38,0,0.017,0.017,0,123,124.14286,-6,0.01102,High Risk
7.76634,24.3125,0.38,0.017,125,7.76483,7.76245,0,24.33333,24.33929,0,0.38,0.38,0,0.017,0.017,0,127,126.85714,-2,0.0264,High Risk
7.77996,24.375,0.38,0.017,121,7.77845,7.76634,0.01816,24.35417,24.33929,0.0625,0.38,0.38,0,0.017,0.017,0,122.33333,121.71429,-2,0.04726,High Risk
7.79358,24.3125,0.38,0.017,124,7.76937,7.7631,0.03631,24.3125,24.32143,0,0.38,0.38,0,0.017,0.017,0,124.66667,124,-2,0.0389,High Risk
7.79358,24.3125,0.38,0.017,124,7.78148,7.76829,0,24.3125,24.32143,0,0.38,0.38,0,0.017,0.017,0,124.66667,124,0,0.04652,High Risk
7.75727,24.3125,0.38,0.017,126,7.75727,7.767,0,24.3125,24.3125,0,0.38,0.38,0,0.017,0.017,0,125.33333,125.14286,1,0.03647,High Risk
7.75273,24.3125,0.38,0.017,122,7.75424,7.75532,0,24.3125,24.3125,0,0.38,0.38,0,0.017,0.017,0,123,123,-2,0.00886,High Risk
7.7618,24.3125,0.38,0.017,126,7.75424,7.75467,0.00907,24.3125,24.3125,0,0.38,0.38,0,0.017,0.017,0,126.33333,125.28571,1,0.01155,High Risk
7.74365,24.3125,0.38,0.017,126,7.75122,7.75856,-0.01362,24.3125,24.32143,0,0.38,0.38,0,0.017,0.017,0,125.33333,125,2,0.03508,High Risk
7.75273,24.3125,0.38,0.017,123,7.75575,7.75467,-0.01361,24.3125,24.3125,0,0.38,0.38,0,0.017,0.017,0,123,124.14286,0,0.01268,High Risk
7.77088,24.3125,0.38,0.017,124,7.75121,7.75338,0.02723,24.29167,24.30357,0.0625,0.38,0.38,0,0.017,0.017,0,124,123.57143,-2,0.03491,High Risk
7.75273,24.25,0.38,0.017,143,7.75424,7.75208,-0.00454,24.25,24.24107,0,0.38,0.38,0,0.017,0.017,0,143,141.85714,0,0.02403,High Risk
7.75273,24.1875,0.38,0.017,138,7.75273,7.75532,0.00454,24.1875,24.1875,0,0.38,0.38,0,0.017,0.017,0,137,134.14286,0,0.00886,High Risk
7.75273,24.1875,0.38,0.017,141,7.75424,7.75532,-0.00907,24.1875,24.16964,0,0.38,0.38,0,0.017,0.017,0,139.33333,138.57143,3,0.0241,High Risk
7.74365,24.1875,0.38,0.017,157,7.7497,7.74949,-0.01362,24.16667,24.15179,0.0625,0.38,0.38,0,0.017,0.017,0,155.33333,155.28571,3,0.02681,High Risk
7.75727,24.1875,0.38,0.017,151,7.75576,7.7644,0,24.16667,24.14286,0,0.38,0.38,0,0.017,0.017,0,151.33333,151.42857,0,0.06994,High Risk
7.75727,24.0625,0.38,0.017,149,7.76332,7.7631,-0.00907,24.10417,24.11607,-0.0625,0.38,0.38,0,0.017,0.017,0,149.33333,150,-1,0.04442,High Risk
7.75727,24.0625,0.38,0.017,171,7.76181,7.75532,-0.02269,24.0625,24.0625,0,0.38,0.38,0,0.017,0.017,0,169,168.71429,2,0.02815,High Risk
7.74365,24.0625,0.38,0.017,167,7.7497,7.75338,-0.00908,24.0625,24.0625,0,0.38,0.38,0,0.017,0.017,0,163.66667,167.14286,0,0.00971,High Risk
7.74819,24,0.38,0.017,193,7.75121,7.75338,0.00454,24.02083,24.02679,-0.0625,0.38,0.38,0,0.017,0.017,0,193,191.85714,0,0.03279,High Risk
7.74819,24,0.38,0.017,167,7.77694,7.7644,-0.07717,24,24.00893,0,0.38,0.38,0,0.017,0.017,0,167.33333,171.42857,6,0.06599,High Risk
7.75273,23.9375,0.38,0.017,135,7.75273,7.76116,-0.00454,23.9375,23.9375,0,0.38,0.38,0,0.017,0.017,0,136.33333,136.57143,-2,0.03454,High Risk
7.75273,23.875,0.38,0.017,127,7.75727,7.75532,-0.00454,23.875,23.84821,0,0.38,0.38,0,0.017,0.017,0,126.66667,126.71429,2,0.02825,High Risk
7.75273,23.875,0.38,0.017,128,7.75121,7.75273,0.01362,23.875,23.85714,0,0.38,0.38,0,0.017,0.017,0,128.33333,127.71429,0,0.03007,High Risk
7.74819,23.8125,0.38,0.017,131,7.75122,7.75014,-0.00454,23.79167,23.80357,0,0.38,0.38,0,0.017,0.017,0,129,129.42857,3,0.01666,High Risk
7.75727,23.75,0.38,0.017,128,7.75424,7.75597,0,23.75,23.75,0,0.38,0.38,0,0.017,0.017,0,126,126.42857,6,0.00863,High Risk
7.75273,23.75,0.38,0.017,128,7.75727,7.75532,-0.00907,23.75,23.75893,0,0.38,0.38,0,0.017,0.017,0,127.66667,127.14286,1,0.01895,High Risk
7.7618,23.75,0.38,0.017,124,7.75727,7.75208,0.00907,23.77083,23.75893,-0.0625,0.38,0.38,0,0.017,0.017,0,120,120.28571,10,0.02703,High Risk
7.7618,23.75,0.38,0.017,121,7.75878,7.75402,0,23.77083,23.75893,0,0.38,0.38,0,0.017,0.017,0,119.66667,120.28571,-3,0.02814,High Risk
7.72095,23.625,0.38,0.017,128,7.74062,7.75078,-0.03178,23.625,23.63393,0,0.38,0.38,0,0.017,0.017,0,127,127.28571,1,0.04045,High Risk
7.75273,23.5,0.38,0.017,125,7.75576,7.75403,-0.00454,23.5,23.50893,0,0.38,0.38,0,0.017,0.017,0,125.33333,125.71429,-2,0.02637,High Risk
7.75273,23.4375,0.38,0.017,134,7.75273,7.75208,0,23.45833,23.46429,-0.0625,0.38,0.38,0,0.017,0.017,0,129.66667,129.57143,9,0.02297,High Risk
7.74819,23.4375,0.38,0.017,131,7.74516,7.75078,0.00454,23.4375,23.42857,0,0.38,0.38,0,0.017,0.017,0,130.66667,132.71429,0,0.03395,High Risk
7.73911,23.4375,0.38,0.017,126,7.74365,7.74365,-0.00454,23.4375,23.42857,0,0.38,0.38,0,0.017,0.017,0,127.33333,127.71429,-2,0.02089,High Risk
7.74819,23.4375,0.38,0.017,129,7.73911,7.743,0.01362,23.4375,23.4375,0,0.38,0.38,0,0.017,0.017,0,127.66667,127.85714,1,0.01429,High Risk
7.74365,23.4375,0.38,0.017,122,7.73608,7.73846,0.01816,23.45833,23.45536,0,0.38,0.38,0,0.017,0.017,0,122.33333,123.57143,0,0.02954,High Risk
7.73911,23.4375,0.38,0.017,118,7.74214,7.7417,-0.00908,23.4375,23.46429,0,0.38,0.38,0,0.017,0.017,0,121.33333,122,-6,0.02557,High Risk
7.72549,23.4375,0.38,0.017,124,7.73154,7.73522,-0.00454,23.47917,23.48214,-0.0625,0.38,0.38,0,0.017,0.017,0,124.33333,122,-1,0.02746,High Risk
7.70733,23.625,0.38,0.017,132,7.7149,7.71057,0.00454,23.625,23.625,0,0.38,0.38,0,0.017,0.017,0,130.66667,128.57143,0,0.02206,High Risk
7.69371,23.9375,0.38,0.017,122,7.69371,7.69566,0,23.9375,23.9375,0,0.38,0.38,0,0.017,0.017,0,123.66667,123.71429,0,0.0103,High Risk
7.68917,23.9375,0.38,0.017,118,7.69976,7.70344,-0.01362,23.95833,23.96429,-0.0625,0.38,0.38,0,0.017,0.017,0,117,120,-3,0.03099,High Risk
7.70279,24.0625,0.38,0.017,126,7.69674,7.69501,0.01362,24.0625,24.0625,0,0.38,0.38,0,0.017,0.017,0,127.33333,125.14286,-2,0.01253,High Risk
7.71187,24.625,0.38,0.017,131,7.70733,7.70992,0.00454,24.625,24.61607,0,0.38,0.38,0,0.017,0.017,0,131.66667,130.42857,-2,0.02067,High Risk
7.72549,24.9375,0.38,0.017,144,7.72398,7.719,0,24.9375,24.9375,0,0.38,0.38,0,0.017,0.017,0,143.33333,143.71429,1,0.01155,High Risk
7.73003,24.8125,0.38,0.017,127,7.72549,7.72744,0.00454,24.8125,24.82143,0,0.38,0.38,0,0.017,0.017,0,126.33333,125.71429,0,0.01896,High Risk
7.73003,24.75,0.38,0.017,141,7.72398,7.72938,0.00908,24.79167,24.78571,-0.0625,0.38,0.38,0,0.017,0.017,0,140.33333,141.14286,2,0.03519,High Risk
7.72095,24.6875,0.38,0.017,130,7.72398,7.72484,-0.00908,24.6875,24.6875,0,0.38,0.38,0,0.017,0.017,0,130.33333,129.42857,-1,0.00971,High Risk
7.63016,24.3125,0.38,0.017,144,7.64227,7.64443,-0.01816,24.3125,24.30357,0,0.38,0.38,0,0.017,0.017,0,154,153.28571,-14,0.04073,High Risk
7.6347,24.3125,0.38,0.017,144,7.64378,7.64897,-0.01362,24.3125,24.3125,0,0.38,0.38,0,0.017,0.017,0,144,143.85714,0,0.02125,High Risk
7.64378,24.5,0.38,0.017,128,7.63016,7.6334,0.01816,24.5,24.46429,0,0.38,0.38,0,0.017,0.017,0,128,128.28571,0,0.04223,High Risk
7.64832,24.5,0.38,0.017,135,7.63924,7.6347,0.01816,24.5,24.49107,0,0.38,0.38,0,0.017,0.017,0,136,133.57143,-4,0.03071,High Risk
7.63016,24.5625,0.38,0.017,135,7.63773,7.6347,-0.01816,24.5625,24.53571,0,0.38,0.38,0,0.017,0.017,0,132.66667,131.28571,0,0.03153,High Risk
7.63924,24.625,0.38,0.017,146,7.63924,7.63665,0.00908,24.60417,24.61607,0.0625,0.38,0.38,0,0.017,0.017,0,145,144.71429,1,0.0245,High Risk
7.63016,24.75,0.38,0.017,141,7.62713,7.62692,0,24.75,24.75,0,0.38,0.38,0,0.017,0.017,0,142.33333,143.14286,-1,0.01456,High Risk
7.63016,24.75,0.38,0.017,133,7.63167,7.62951,0,24.75,24.76786,0,0.38,0.38,0,0.017,0.017,0,133.66667,134.28571,-4,0.02746,High Risk
7.6347,24.8125,0.38,0.017,144,7.63319,7.63794,0.00454,24.8125,24.83036,0,0.38,0.38,0,0.017,0.017,0,145,146,-2,0.04477,High Risk
7.6347,25.125,0.38,0.017,159,7.64227,7.63665,-0.00454,25.125,25.125,0,0.38,0.38,0,0.017,0.017,0,159.66667,160.57143,0,0.03364,High Risk
7.64832,25.125,0.38,0.017,158,7.64378,7.64119,0,25.125,25.13393,0,0.38,0.38,0,0.017,0.017,0,159,159.28571,-2,0.02908,High Risk
7.63016,25.25,0.38,0.017,135,7.63773,7.64054,-0.01816,25.25,25.25,0,0.38,0.38,0,0.017,0.017,0,135.66667,134.71429,1,0.01548,High Risk
7.6347,25.3125,0.38,0.017,145,7.63319,7.62951,0,25.35417,25.35714,-0.0625,0.38,0.38,0,0.017,0.017,0,144.66667,143,0,0.03047,High Risk
7.63924,25.4375,0.38,0.017,139,7.63773,7.636,0,25.41667,25.40179,0.0625,0.38,0.38,0,0.017,0.017,0,137.66667,137.85714,4,0.02357,High Risk
7.62562,25.4375,0.38,0.017,134,7.63016,7.63081,-0.00908,25.4375,25.44643,0,0.38,0.38,0,0.017,0.017,0,135,136.57143,-1,0.02152,High Risk
7.62562,25.5,0.38,0.017,144,7.62865,7.63016,-0.00454,25.5,25.49107,0,0.38,0.38,0,0.017,0.017,0,145.66667,144.71429,-2,0.01705,High Risk
7.63016,25.5,0.38,0.017,144,7.63773,7.6334,-0.01816,25.52083,25.53571,-0.0625,0.38,0.38,0,0.017,0.017,0,142.33333,142.28571,4,0.03681,High Risk
7.63016,25.625,0.38,0.017,144,7.63016,7.63729,0,25.58333,25.58036,0.0625,0.38,0.38,0,0.017,0.017,0,144.66667,144.14286,-2,0.0462,High Risk
7.6347,25.5625,0.38,0.017,137,7.6347,7.63924,-0.00454,25.58333,25.58036,0,0.38,0.38,0,0.017,0.017,0,142.33333,143.57143,-9,0.04444,High Risk
7.63924,25.625,0.38,0.017,144,7.64075,7.63665,-0.00454,25.64583,25.63393,-0.0625,0.38,0.38,0,0.017,0.017,0,144,143.71429,0,0.02827,High Risk
7.63016,25.6875,0.38,0.017,151,7.64378,7.64183,-0.01816,25.66667,25.66071,0,0.38,0.38,0,0.017,0.017,0,153.66667,151,0,0.03316,High Risk
7.64832,25.6875,0.38,0.017,154,7.64075,7.64313,0.01362,25.6875,25.67857,0,0.38,0.38,0,0.017,0.017,0,152,152.42857,3,0.02874,High Risk
7.65286,25.6875,0.38,0.017,148,7.64227,7.63989,0.01816,25.66667,25.66071,0,0.38,0.38,0,0.017,0.017,0,147,148.28571,2,0.0328,High Risk
7.6347,25.6875,0.38,0.017,144,7.63773,7.64054,-0.00454,25.6875,25.6875,0,0.38,0.38,0,0.017,0.017,0,145.66667,145.57143,-2,0.03176,High Risk
7.63924,25.6875,0.38,0.017,144,7.64529,7.64119,-0.00908,25.6875,25.6875,0,0.38,0.38,0,0.017,0.017,0,144,142.57143,0,0.01469,High Risk
7.6574,25.6875,0.38,0.017,134,7.65437,7.65805,0,25.6875,25.69643,0,0.38,0.38,0,0.017,0.017,0,135.66667,138.28571,-3,0.0324,High Risk
7.65286,25.625,0.38,0.017,144,7.65589,7.65545,-0.00454,25.625,25.61607,0,0.38,0.38,0,0.017,0.017,0,144.66667,143.28571,0,0.01666,High Risk
7.66648,25.625,0.38,0.017,138,7.66648,7.66194,0.00908,25.58333,25.58929,0.0625,0.38,0.38,0,0.017,0.017,0,138.66667,140.85714,-3,0.03486,High Risk
7.6574,25.5625,0.38,0.017,135,7.6574,7.6574,0,25.5625,25.57143,0,0.38,0.38,0,0.017,0.017,0,137,137.28571,-4,0.01705,High Risk
7.67102,25.5625,0.38,0.017,144,7.6574,7.65286,0.01816,25.54167,25.52679,0,0.38,0.38,0,0.017,0.017,0,144,143.28571,0,0.03955,High Risk
7.63924,25.4375,0.38,0.017,144,7.65437,7.6587,-0.0227,25.4375,25.42857,0,0.38,0.38,0,0.017,0.017,0,142.66667,143.28571,1,0.0305,High Risk
7.65286,25.0625,0.38,0.017,138,7.66194,7.66064,-0.02269,25.10417,25.10714,-0.0625,0.38,0.38,0,0.017,0.017,0,139.33333,141,-4,0.03158,High Risk
7.64832,25.0625,0.38,0.017,141,7.65437,7.65286,0,25.08333,25.08036,0,0.38,0.38,0,0.017,0.017,0,140,139.71429,2,0.02912,High Risk
7.60746,25.6875,0.38,0.017,139,7.612,7.612,-0.01362,25.72917,25.6875,-0.0625,0.38,0.38,0,0.017,0.017,0,138.33333,139.57143,2,0.036,High Risk
7.59838,25.75,0.38,0.017,140,7.60595,7.60746,-0.00908,25.77083,25.79464,0,0.38,0.38,0,0.017,0.017,0,140,139.71429,0,0.02433,Moderate Risk
7.60746,26.125,0.38,0.017,131,7.60746,7.60876,0,26.14583,26.125,-0.0625,0.38,0.38,0,0.017,0.017,0,130,134.71429,1,0.02247,High Risk
7.612,26.25,0.38,0.017,159,7.61503,7.61719,-0.00454,26.25,26.25,0,0.38,0.38,0,0.017,0.017,0,157.33333,156.42857,3,0.00971,High Risk
7.61654,26.25,0.38,0.017,142,7.61957,7.61849,-0.00454,26.25,26.25893,0,0.38,0.38,0,0.017,0.017,0,142.66667,143.42857,0,0.01896,High Risk
7.63016,25.9375,0.38,0.017,139,7.63621,7.63794,-0.00908,25.9375,25.97321,0,0.38,0.38,0,0.017,0.017,0,142.33333,142.71429,-5,0.03029,High Risk
7.61654,25.3125,0.38,0.017,128,7.62562,7.62821,-0.01362,25.35417,25.33929,-0.0625,0.38,0.38,0,0.017,0.017,0,124.66667,125.14286,10,0.03043,High Risk
7.62562,24.75,0.38,0.017,146,7.62411,7.62303,0.00454,24.77083,24.79464,0,0.38,0.38,0,0.017,0.017,0,146.66667,144.42857,2,0.02794,High Risk
7.61654,24.75,0.38,0.017,144,7.62411,7.62238,-0.01362,24.77083,24.78571,-0.0625,0.38,0.38,0,0.017,0.017,0,144.66667,144.71429,0,0.02681,High Risk
7.60746,24.9375,0.38,0.017,159,7.60746,7.61135,0,24.9375,24.9375,0,0.38,0.38,0,0.017,0.017,0,159.66667,155,0,0.01693,High Risk
7.60292,25,0.38,0.017,143,7.61503,7.612,-0.03178,24.95833,24.94643,0.0625,0.38,0.38,0,0.017,0.017,0,143.33333,143.28571,0,0.03278,High Risk
7.60292,25.125,0.38,0.017,134,7.60746,7.60681,-0.00454,25.14583,25.14286,0,0.38,0.38,0,0.017,0.017,0,133,134.71429,1,0.02151,High Risk
7.62108,25.125,0.38,0.017,135,7.612,7.612,0.00908,25.16667,25.16964,-0.0625,0.38,0.38,0,0.017,0.017,0,130.66667,132.71429,4,0.02697,High Risk
7.612,24.8125,0.38,0.017,191,7.612,7.6133,0,24.85417,24.86607,-0.0625,0.38,0.38,0,0.017,0.017,0,177.66667,172,18,0.02045,High Risk
7.612,24.75,0.38,0.017,146,7.61049,7.612,0.00454,24.75,24.75,0,0.38,0.38,0,0.017,0.017,0,145.66667,145.71429,-1,0.01048,High Risk
7.62108,24.4375,0.38,0.017,147,7.61654,7.612,0.00908,24.4375,24.44643,0,0.38,0.38,0,0.017,0.017,0,146,146.71429,2,0.02353,High Risk
7.612,24.4375,0.38,0.017,147,7.61351,7.60811,-0.00454,24.4375,24.4375,0,0.38,0.38,0,0.017,0.017,0,146,145.42857,2,0.01522,High Risk
7.62108,24.3125,0.38,0.017,144,7.62108,7.61784,-0.00454,24.29167,24.29464,0.0625,0.38,0.38,0,0.017,0.017,0,146,146.28571,0,0.02535,High Risk
7.612,24.25,0.38,0.017,148,7.612,7.61135,0,24.27083,24.26786,-0.0625,0.38,0.38,0,0.017,0.017,0,147.33333,146.85714,0,0.01868,High Risk
7.612,24.125,0.38,0.017,144,7.61351,7.61524,-0.00454,24.14583,24.13393,-0.0625,0.38,0.38,0,0.017,0.017,0,145.33333,146.14286,-3,0.01868,High Risk
7.58477,24.375,0.38,0.017,134,7.58477,7.58477,-0.00453,24.375,24.38393,0,0.38,0.38,0,0.017,0.017,0,133.66667,133.28571,0,0.02229,High Risk
7.60292,24.625,0.38,0.017,135,7.58779,7.58347,0.02269,24.60417,24.59821,0.0625,0.38,0.38,0,0.017,0.017,0,135.33333,135.14286,1,0.03464,High Risk
7.58023,24.625,0.38,0.017,129,7.58477,7.58606,-0.01361,24.66667,24.67857,-0.0625,0.38,0.38,0,0.017,0.017,0,129,128.57143,0,0.02636,High Risk
7.56207,24.75,0.38,0.017,132,7.57418,7.57634,-0.01816,24.72917,24.74107,0.0625,0.38,0.38,0,0.017,0.017,0,131.33333,130.71429,1,0.0261,High Risk
7.60292,24.8125,0.38,0.017,128,7.5772,7.5705,0.03631,24.8125,24.83036,0,0.38,0.38,0,0.017,0.017,0,131.66667,132.14286,-6,0.046,High Risk
7.56661,25,0.38,0.017,143,7.56812,7.57569,0.00454,24.97917,24.99107,0,0.38,0.38,0,0.017,0.017,0,143,143.57143,1,0.03466,High Risk
7.58023,25.0625,0.38,0.017,144,7.57569,7.57699,0.01362,25.02083,25.01786,0.0625,0.38,0.38,0,0.017,0.017,0,148.66667,149.71429,-7,0.02535,High Risk
7.57569,25.125,0.38,0.017,138,7.56661,7.57115,0.01362,25.10417,25.08929,0,0.38,0.38,0,0.017,0.017,0,143,143.85714,-8,0.03153,High Risk
7.56207,25.125,0.38,0.017,146,7.56964,7.5692,-0.01816,25.125,25.10714,0,0.38,0.38,0,0.017,0.017,0,146,144.71429,0,0.03085,High Risk
7.57569,25.125,0.38,0.017,149,7.57418,7.57569,0,25.10417,25.11607,0,0.38,0.38,0,0.017,0.017,0,146.33333,145.71429,3,0.02568,High Risk
7.58477,25.1875,0.38,0.017,152,7.58326,7.58218,0.00454,25.1875,25.1875,0,0.38,0.38,0,0.017,0.017,0,151,148.85714,1,0.00485,High Risk
7.59384,25.1875,0.38,0.017,165,7.59233,7.5919,-0.00454,25.1875,25.17857,0,0.38,0.38,0,0.017,0.017,0,163.33333,161.42857,3,0.0221,High Risk
7.58023,25.0625,0.38,0.017,179,7.5893,7.5893,-0.01361,25.0625,25.08036,0,0.38,0.38,0,0.017,0.017,0,176.66667,175.57143,3,0.02572,High Risk
7.59838,25.0625,0.38,0.017,156,7.59535,7.59384,0.00454,25.0625,25.0625,0,0.38,0.38,0,0.017,0.017,0,155.33333,158,0,0.00524,High Risk
7.58477,24.625,0.38,0.017,151,7.59233,7.59579,-0.01361,24.625,24.63393,0,0.38,0.38,0,0.017,0.017,0,150.33333,151.42857,2,0.02553,High Risk
7.5893,24.4375,0.38,0.017,161,7.58779,7.58671,0,24.4375,24.42857,0,0.38,0.38,0,0.017,0.017,0,160.66667,158.28571,4,0.0306,High Risk
7.57569,24.5,0.38,0.017,167,7.57266,7.57439,0,24.5,24.5,0,0.38,0.38,0,0.017,0.017,0,169,176.14286,-2,0.01253,High Risk
7.58477,24.5,0.38,0.017,147,7.5772,7.56272,0.03178,24.5,24.50893,0,0.38,0.38,0,0.017,0.017,0,147,148.71429,1,0.05012,High Risk
7.55753,24.9375,0.38,0.017,174,7.56207,7.56142,-0.00908,24.9375,24.9375,0,0.38,0.38,0,0.017,0.017,0,173.66667,172.14286,0,0.00817,High Risk
7.55753,25,0.38,0.017,167,7.55299,7.55558,0.00908,25.04167,25.02679,-0.0625,0.38,0.38,0,0.017,0.017,0,165,164.42857,4,0.02557,High Risk
7.54845,25.125,0.38,0.017,146,7.55148,7.55623,-0.00908,25.125,25.11607,0,0.38,0.38,0,0.017,0.017,0,156,163.57143,-20,0.04607,High Risk
7.55299,25.1875,0.38,0.017,175,7.54694,7.54845,0.00908,25.20833,25.19643,-0.0625,0.38,0.38,0,0.017,0.017,0,174,172.28571,-1,0.0223,High Risk
7.55753,25.5,0.38,0.017,145,7.55148,7.55299,0.01816,25.47917,25.46429,0.0625,0.38,0.38,0,0.017,0.017,0,144.66667,144.42857,0,0.03057,Moderate Risk
7.53937,25.5,0.38,0.017,144,7.54996,7.55169,-0.01816,25.5,25.48214,0,0.38,0.38,0,0.017,0.017,0,144,144.42857,0,0.02883,Moderate Risk
7.54391,25.5,0.38,0.017,145,7.5545,7.55169,-0.00454,25.5,25.5,0,0.38,0.38,0,0.017,0.017,0,144.33333,144.14286,1,0.01941,Moderate Risk
7.54391,25.5625,0.38,0.017,144,7.54088,7.54326,0.00908,25.52083,25.50893,0.0625,0.38,0.38,0,0.017,0.017,0,147.33333,146.71429,-7,0.02152,Moderate Risk
7.55753,25.5,0.38,0.017,144,7.5545,7.55364,0.00908,25.54167,25.55357,-0.0625,0.38,0.38,0,0.017,0.017,0,144.66667,145.71429,0,0.02152,Moderate Risk
7.55299,25.625,0.38,0.017,149,7.5545,7.55494,-0.00454,25.58333,25.57143,0.0625,0.38,0.38,0,0.017,0.017,0,149,148.71429,0,0.02067,Moderate Risk
7.55753,25.5625,0.38,0.017,151,7.5545,7.55623,-0.00454,25.5625,25.5625,0,0.38,0.38,0,0.017,0.017,0,151,150,0,0.01456,Moderate Risk
7.55753,25.625,0.38,0.017,150,7.55753,7.55558,0,25.60417,25.58929,0,0.38,0.38,0,0.017,0.017,0,151.66667,151.28571,-1,0.027,Moderate Risk
7.55753,25.5625,0.38,0.017,154,7.5545,7.55429,0,25.5625,25.57143,0,0.38,0.38,0,0.017,0.017,0,153.66667,152.28571,1,0.02045,Moderate Risk
7.55753,25.5625,0.38,0.017,153,7.55753,7.55494,0,25.5625,25.57143,0,0.38,0.38,0,0.017,0.017,0,153.33333,152.71429,-1,0.02067,Moderate Risk
7.58023,25.5625,0.38,0.017,154,7.56207,7.56012,0.0227,25.58333,25.57143,-0.0625,0.38,0.38,0,0.017,0.017,0,157,155.57143,-3,0.03334,Moderate Risk
7.57569,25.625,0.38,0.017,162,7.57115,7.57374,0.01362,25.625,25.59821,0,0.38,0.38,0,0.017,0.017,0,164.33333,142.85714,-2,0.0355,High Risk
7.56661,24.5625,0.38,0.017,160,7.56812,7.56661,0,24.5625,24.55357,0,0.38,0.38,0,0.017,0.017,0,160,159.57143,0,0.02353,High Risk
7.55753,24.375,0.38,0.017,181,7.5545,7.55364,0,24.39583,24.39286,-0.0625,0.38,0.38,0,0.017,0.017,0,182.33333,185,-2,0.02854,High Risk
7.54845,24.5,0.38,0.017,160,7.55148,7.54975,0,24.47917,24.45536,0,0.38,0.38,0,0.017,0.017,0,160.66667,162.42857,-1,0.02663,High Risk
7.54845,24.625,0.38,0.017,173,7.53937,7.53937,0.01362,24.60417,24.58036,0.0625,0.38,0.38,0,0.017,0.017,0,171.66667,171.57143,3,0.02697,High Risk
7.56661,24.5,0.38,0.017,127,7.56661,7.56661,0,24.52083,24.54464,-0.0625,0.38,0.38,0,0.017,0.017,0,127.66667,127.57143,-1,0.02573,High Risk
7.57115,24.5625,0.38,0.017,127,7.57418,7.57439,-0.00454,24.52083,24.51786,0.0625,0.38,0.38,0,0.017,0.017,0,126.66667,126.57143,-1,0.02389,High Risk
7.55753,24.3125,0.38,0.017,112,7.55602,7.55558,0.00454,24.29167,24.29464,0,0.38,0.38,0,0.017,0.017,0,112.66667,112.28571,-1,0.03476,High Risk
7.56207,24.25,0.38,0.017,118,7.5545,7.55753,0.01362,24.25,24.26786,0,0.38,0.38,0,0.017,0.017,0,115.66667,114.85714,3,0.04146,High Risk
7.5893,24.25,0.38,0.017,118,7.56207,7.55623,0.04085,24.25,24.25,0,0.38,0.38,0,0.017,0.017,0,118.33333,118.42857,0,0.02998,High Risk
7.56207,23.9375,0.38,0.017,119,7.56812,7.55299,-0.0227,23.9375,23.96429,0,0.38,0.38,0,0.017,0.017,0,118.33333,117.42857,1,0.09157,High Risk
7.55753,23.75,0.38,0.017,117,7.55904,7.55818,0,23.77083,23.76786,0,0.38,0.38,0,0.017,0.017,0,117.66667,119,-1,0.02954,High Risk
7.55753,23.625,0.38,0.017,119,7.55904,7.55948,0,23.625,23.625,0,0.38,0.38,0,0.017,0.017,0,124.33333,125.57143,-7,0.0229,High Risk
7.55753,23.5,0.38,0.017,129,7.56207,7.56207,-0.00908,23.45833,23.48214,0.0625,0.38,0.38,0,0.017,0.017,0,126.66667,124.57143,1,0.02266,High Risk
7.53937,23.4375,0.38,0.017,135,7.53786,7.54002,0,23.45833,23.46429,0,0.38,0.38,0,0.017,0.017,0,130.66667,128.85714,5,0.0328,High Risk
7.50759,24,0.38,0.017,123,7.51516,7.51343,-0.00454,24,24,0,0.38,0.38,0,0.017,0.017,0,124,126,0,0.01547,High Risk
7.51213,24,0.38,0.017,131,7.51213,7.51408,-0.00454,24,24,0,0.38,0.38,0,0.017,0.017,0,126.66667,125.85714,5,0.0156,High Risk
7.53029,24.375,0.38,0.017,142,7.52878,7.52964,0,24.35417,24.33036,0,0.38,0.38,0,0.017,0.017,0,139.66667,137.57143,3,0.02151,High Risk
7.53483,24.4375,0.38,0.017,141,7.53483,7.53548,0,24.41667,24.41071,0.0625,0.38,0.38,0,0.017,0.017,0,139.66667,138.14286,2,0.02297,High Risk
7.53483,24.4375,0.38,0.017,151,7.53483,7.54002,0,24.4375,24.45536,0,0.38,0.38,0,0.017,0.017,0,150.66667,144.28571,-1,0.03047,High Risk
7.53483,24.5625,0.38,0.017,139,7.53332,7.53353,0,24.5625,24.57143,0,0.38,0.38,0,0.017,0.017,0,140.66667,142.28571,0,0.01624,High Risk
7.53483,24.625,0.38,0.017,133,7.5318,7.53353,0.00454,24.625,24.60714,0,0.38,0.38,0,0.017,0.017,0,137,137.85714,-8,0.01968,High Risk
7.52575,25.1875,0.38,0.017,136,7.52424,7.52575,0.00454,25.1875,25.16071,0,0.38,0.38,0,0.017,0.017,0,134.33333,137.85714,5,0.02719,High Risk
7.53483,25.25,0.38,0.017,137,7.53332,7.53159,0,25.27083,25.26786,0,0.38,0.38,0,0.017,0.017,0,136.66667,138,1,0.02211,High Risk
7.47582,25.25,0.38,0.017,137,7.51516,7.5251,-0.05901,25.27083,25.28571,-0.0625,0.38,0.38,0,0.017,0.017,0,140,140,-2,0.06069,High Risk
7.53483,25.25,0.38,0.017,143,7.53332,7.53418,0.00454,25.27083,25.28571,0,0.38,0.38,0,0.017,0.017,0,143.66667,139.28571,-1,0.02014,High Risk
7.53483,25.25,0.38,0.017,146,7.53786,7.53548,-0.00908,25.29167,25.26786,-0.0625,0.38,0.38,0,0.017,0.017,0,145,144.42857,2,0.02628,High Risk
7.53483,25.25,0.38,0.017,156,7.54391,7.53937,-0.03178,25.25,25.25,0,0.38,0.38,0,0.017,0.017,0,157.33333,159.14286,2,0.02459,High Risk
7.53937,25.1875,0.38,0.017,165,7.53786,7.53678,0.00454,25.1875,25.21429,0,0.38,0.38,0,0.017,0.017,0,162.66667,160.42857,2,0.02156,High Risk
7.53483,25.1875,0.38,0.017,163,7.53332,7.53483,0.00454,25.22917,25.24107,-0.0625,0.38,0.38,0,0.017,0.017,0,163.66667,164.57143,-1,0.01705,High Risk
7.53483,25.0625,0.38,0.017,188,7.53483,7.5491,0,25.0625,25.08036,0,0.38,0.38,0,0.017,0.017,0,192.66667,191.42857,-5,0.09074,High Risk
7.53483,25,0.38,0.017,151,7.53483,7.53613,0,25,25.00893,0,0.38,0.38,0,0.017,0.017,0,151.66667,151.28571,1,0.01624,High Risk
7.53483,24.9375,0.38,0.017,142,7.53483,7.53548,0,24.9375,24.96429,0,0.38,0.38,0,0.017,0.017,0,142.66667,148.42857,-1,0.02014,High Risk
7.53483,24.9375,0.38,0.017,144,7.5424,7.53807,-0.01362,24.9375,24.9375,0,0.38,0.38,0,0.017,0.017,0,144.66667,143.85714,0,0.01138,High Risk
7.53937,24.9375,0.38,0.017,144,7.53634,7.53872,0.00454,24.9375,24.9375,0,0.38,0.38,0,0.017,0.017,0,144.66667,145,-1,0.00971,High Risk
7.53483,24.875,0.38,0.017,152,7.53483,7.53872,0,24.89583,24.90179,0,0.38,0.38,0,0.017,0.017,0,149.33333,145.85714,4,0.03363,High Risk
7.53483,24.75,0.38,0.017,141,7.53483,7.53483,0,24.75,24.75,0,0.38,0.38,0,0.017,0.017,0,143,142.57143,-3,0,High Risk
7.54391,24.6875,0.38,0.017,141,7.53634,7.53613,0.01362,24.6875,24.6875,0,0.38,0.38,0,0.017,0.017,0,141.33333,139.85714,0,0.00864,High Risk
7.53937,24.625,0.38,0.017,144,7.53634,7.53678,0.00454,24.60417,24.61607,0.0625,0.38,0.38,0,0.017,0.017,0,144.33333,144.14286,0,0.01896,High Risk
7.51667,24.6875,0.38,0.017,154,7.52272,7.52121,-0.00454,24.64583,24.63393,0.0625,0.38,0.38,0,0.017,0.017,0,153.66667,149.42857,2,0.02353,High Risk
7.51213,24.6875,0.38,0.017,148,7.51667,7.51732,-0.00908,24.6875,24.6875,0,0.38,0.38,0,0.017,0.017,0,147,150.71429,2,0.02189,High Risk
7.51213,24.875,0.38,0.017,158,7.51667,7.51667,-0.00454,24.83333,24.82143,0.0625,0.38,0.38,0,0.017,0.017,0,156.66667,156,3,0.02664,High Risk
7.52121,24.875,0.38,0.017,164,7.5197,7.51732,0.00454,24.83333,24.82143,0.0625,0.38,0.38,0,0.017,0.017,0,161,158.42857,4,0.02284,High Risk
7.52121,24.8125,0.38,0.017,177,7.51516,7.51797,0.00908,24.83333,24.83929,-0.0625,0.38,0.38,0,0.017,0.017,0,163.33333,161.57143,20,0.03029,High Risk
7.52121,25.1875,0.38,0.017,147,7.50003,7.49203,0.03177,25.1875,25.16964,0,0.38,0.38,0,0.017,0.017,0,145.66667,144.85714,2,0.04138,High Risk
7.50306,25.3125,0.38,0.017,144,7.51062,7.50046,-0.00453,25.29167,25.3125,0.0625,0.38,0.38,0,0.017,0.017,0,149.33333,144.57143,-1,0.05756,High Risk
7.49398,25.375,0.38,0.017,155,7.49549,7.49592,-0.00908,25.375,25.36607,0,0.38,0.38,0,0.017,0.017,0,158.33333,151.28571,-15,0.02553,High Risk
7.49398,25.5,0.38,0.017,144,7.50003,7.49852,-0.00908,25.5,25.5,0,0.38,0.38,0,0.017,0.017,0,144,144,0,0.01172,Moderate Risk
7.51213,25.5,0.38,0.017,153,7.50003,7.51084,0.01815,25.47917,25.47321,0.0625,0.38,0.38,0,0.017,0.017,0,153.33333,148.71429,-7,0.07547,Moderate Risk
7.50306,25.5,0.38,0.017,148,7.49852,7.49722,0,25.47917,25.48214,0.0625,0.38,0.38,0,0.017,0.017,0,149,150,0,0.03394,Moderate Risk
7.50306,25.5625,0.38,0.017,140,7.49852,7.50241,0,25.58333,25.58929,-0.0625,0.38,0.38,0,0.017,0.017,0,140.33333,140.71429,-2,0.04365,Moderate Risk
7.50306,25.625,0.38,0.017,148,7.50759,7.50565,-0.00453,25.625,25.625,0,0.38,0.38,0,0.017,0.017,0,159,152.28571,-8,0.00713,Moderate Risk
7.50759,25.6875,0.38,0.017,143,7.50608,7.50435,0.00453,25.6875,25.66964,0,0.38,0.38,0,0.017,0.017,0,143.66667,146,-1,0.0298,Moderate Risk
7.49852,25.75,0.38,0.017,147,7.50608,7.50954,-0.01361,25.77083,25.77679,-0.0625,0.38,0.38,0,0.017,0.017,0,169,167.57143,-10,0.03397,Moderate Risk
7.48036,25.9375,0.38,0.017,149,7.49095,7.49203,-0.00454,25.9375,25.96429,0,0.38,0.38,0,0.017,0.017,0,147.66667,152,6,0.03691,Moderate Risk
7.4849,26,0.38,0.017,150,7.49095,7.49203,-0.01816,26,26,0,0.38,0.38,0,0.017,0.017,0,150.33333,153.28571,0,0.01269,Moderate Risk
7.51213,26.125,0.38,0.017,171,7.51667,7.50824,0,26.125,26.11607,0,0.38,0.38,0,0.017,0.017,0,166,167.85714,-1,0.03431,High Risk
7.51213,26.1875,0.38,0.017,174,7.51364,7.51602,0.00454,26.1875,26.1875,0,0.38,0.38,0,0.017,0.017,0,180.33333,175.42857,-11,0.02059,Moderate Risk
7.52121,26.0625,0.38,0.017,178,7.51667,7.51926,0.00908,26.0625,26.08036,0,0.38,0.38,0,0.017,0.017,0,174.33333,175.57143,1,0.0268,Moderate Risk
7.52575,25.75,0.38,0.017,144,7.52272,7.52445,0.00454,25.75,25.75,0,0.38,0.38,0,0.017,0.017,0,144.66667,143.71429,-2,0.0101,Moderate Risk
7.52575,25.5625,0.38,0.017,154,7.5197,7.52316,0.01362,25.5625,25.58036,0.0625,0.38,0.38,0,0.017,0.017,0,145,142.57143,13,0.03735,Moderate Risk
7.51213,25.5,0.38,0.017,144,7.5197,7.52575,-0.00908,25.52083,25.51786,-0.0625,0.38,0.38,0,0.017,0.017,0,144,144.42857,0,0.02912,Moderate Risk
7.52575,24.8125,0.38,0.017,144,7.51667,7.51473,0.00908,24.8125,24.8125,0,0.38,0.38,0,0.017,0.017,0,144,146.42857,0,0.01805,High Risk
7.51213,24.625,0.38,0.017,142,7.51364,7.51472,-0.00454,24.66667,24.67857,-0.0625,0.38,0.38,0,0.017,0.017,0,138.33333,134.71429,2,0.02336,High Risk
7.51667,24.75,0.38,0.017,160,7.5197,7.51732,-0.00454,24.70833,24.69643,0.0625,0.38,0.38,0,0.017,0.017,0,163.33333,168,0,0.02403,High Risk
7.51667,24.1875,0.38,0.017,164,7.50911,7.51602,0.00908,24.1875,24.1875,0,0.38,0.38,0,0.017,0.017,0,159.66667,157.57143,6,0.02059,High Risk
7.52121,24.1875,0.38,0.017,173,7.51516,7.51732,0.00454,24.1875,24.1875,0,0.38,0.38,0,0.017,0.017,0,165,159,9,0.02059,High Risk
7.51213,24.125,0.38,0.017,154,7.51818,7.51926,-0.00908,24.14583,24.14286,-0.0625,0.38,0.38,0,0.017,0.017,0,153,154.71429,-2,0.02554,High Risk
7.53937,23.875,0.38,0.017,194,7.53029,7.52445,0.01362,23.85417,23.86607,0.0625,0.38,0.38,0,0.017,0.017,0,192.66667,193.57143,2,0.02815,High Risk
7.52121,23.875,0.38,0.017,189,7.52121,7.5264,0,23.875,23.86607,0,0.38,0.38,0,0.017,0.017,0,194.66667,194.57143,-9,0.0251,High Risk
7.52121,23.6875,0.38,0.017,186,7.52575,7.52316,0,23.72917,23.72321,-0.0625,0.38,0.38,0,0.017,0.017,0,187.33333,187.71429,0,0.0314,High Risk
7.47128,24,0.38,0.017,115,7.46977,7.46674,0,24,23.99107,0,0.38,0.38,0,0.017,0.017,0,114.66667,114.28571,-1,0.02089,High Risk
7.4849,24.5625,0.38,0.017,121,7.48187,7.47582,0.00454,24.52083,24.50893,0.0625,0.38,0.38,0,0.017,0.017,0,119,120.28571,3,0.02465,High Risk
7.47128,24.6875,0.38,0.017,131,7.46825,7.46998,0,24.6875,24.66964,0,0.38,0.38,0,0.017,0.017,0,132,130,1,0.02389,High Risk
7.47582,24.9375,0.38,0.017,136,7.46977,7.47063,0.00454,24.9375,24.9375,0,0.38,0.38,0,0.017,0.017,0,137,137,-2,0.00971,High Risk
7.47582,24.9375,0.38,0.017,137,7.47279,7.46998,0.00908,24.9375,24.9375,0,0.38,0.38,0,0.017,0.017,0,137.33333,137.28571,-2,0.0101,High Risk
7.47128,25.1875,0.38,0.017,144,7.47733,7.47517,-0.00454,25.1875,25.1875,0,0.38,0.38,0,0.017,0.017,0,143.66667,145,0,0.00971,High Risk
7.47582,25.125,0.38,0.017,144,7.4849,7.48295,0,25.125,25.125,0,0.38,0.38,0,0.017,0.017,0,144,143.57143,0,0.01951,High Risk
7.4849,25.125,0.38,0.017,142,7.4849,7.4836,0,25.125,25.125,0,0.38,0.38,0,0.017,0.017,0,140.66667,141,1,0.01138,High Risk
7.49398,25.0625,0.38,0.017,138,7.48944,7.48555,0.00908,25.0625,25.0625,0,0.38,0.38,0,0.017,0.017,0,139.66667,141.28571,-3,0.01221,High Risk
7.47582,24.375,0.38,0.017,146,7.497,7.48684,-0.02724,24.375,24.40179,0,0.38,0.38,0,0.017,0.017,0,146.33333,149.14286,-1,0.04629,High Risk
7.46674,24.5,0.38,0.017,146,7.46977,7.46804,-0.00454,24.5,24.48214,0,0.38,0.38,0,0.017,0.017,0,149.33333,151.14286,-1,0.02389,High Risk
7.47128,24.5625,0.38,0.017,164,7.47582,7.47323,-0.00454,24.5625,24.5625,0,0.38,0.38,0,0.017,0.017,0,160.66667,159.57143,4,0.00886,High Risk
7.4622,24.9375,0.38,0.017,161,7.46069,7.45636,0.00908,24.9375,24.9375,0,0.38,0.38,0,0.017,0.017,0,158.33333,157.42857,4,0.01253,High Risk
7.4622,24.9375,0.38,0.017,174,7.46523,7.46479,-0.00908,24.9375,24.94643,0,0.38,0.38,0,0.017,0.017,0,168.66667,169.14286,13,0.02067,High Risk
7.4622,24.875,0.38,0.017,173,7.46523,7.46415,-0.00454,24.91667,24.92857,-0.0625,0.38,0.38,0,0.017,0.017,0,175.33333,177.14286,-3,0.01666,High Risk
7.4622,24.75,0.38,0.017,162,7.4622,7.46869,0.00454,24.75,24.75,0,0.38,0.38,0,0.017,0.017,0,161,162.14286,2,0.0156,High Risk
7.47128,24.4375,0.38,0.017,151,7.47128,7.47517,0,24.4375,24.45536,0,0.38,0.38,0,0.017,0.017,0,149.33333,149.85714,-2,0.04116,High Risk
7.47582,24.3125,0.38,0.017,154,7.46977,7.47063,0.00908,24.35417,24.36607,-0.0625,0.38,0.38,0,0.017,0.017,0,150.33333,149.57143,10,0.02403,High Risk
7.44858,24.375,0.38,0.017,154,7.44858,7.45053,0,24.375,24.35714,0,0.38,0.38,0,0.017,0.017,0,156.66667,160.42857,0,0.02239,High Risk
7.45312,24.375,0.38,0.017,155,7.45009,7.45117,0.00454,24.375,24.36607,0,0.38,0.38,0,0.017,0.017,0,154.33333,159.28571,1,0.01896,High Risk
7.44858,24.375,0.38,0.017,155,7.45009,7.45053,0,24.375,24.36607,0,0.38,0.38,0,0.017,0.017,0,156,157.57143,-2,0.01666,High Risk
7.44858,24.375,0.38,0.017,155,7.45161,7.44793,-0.00908,24.39583,24.41964,-0.0625,0.38,0.38,0,0.017,0.017,0,155.33333,155,-1,0.02628,High Risk
7.44858,24.4375,0.38,0.017,150,7.44858,7.44534,0,24.4375,24.42857,0,0.38,0.38,0,0.017,0.017,0,152.33333,153.42857,-4,0.02319,High Risk
7.41681,24.6875,0.38,0.017,126,7.43194,7.43561,-0.01361,24.72917,24.74107,-0.0625,0.38,0.38,0,0.017,0.017,0,124.66667,124.28571,1,0.03431,High Risk
7.44858,24.8125,0.38,0.017,116,7.43042,7.43172,0.02724,24.8125,24.79464,0,0.38,0.38,0,0.017,0.017,0,121.66667,122.42857,-9,0.03394,High Risk
7.45312,25,0.38,0.017,129,7.45615,7.45247,0,24.97917,24.97321,0,0.38,0.38,0,0.017,0.017,0,135,134.14286,-8,0.02641,High Risk
7.44858,24.875,0.38,0.017,121,7.44858,7.45053,0,24.875,24.875,0,0.38,0.38,0,0.017,0.017,0,121.33333,121.71429,0,0.00714,High Risk
7.44404,24.6875,0.38,0.017,126,7.44858,7.44339,-0.00908,24.6875,24.6875,0,0.38,0.38,0,0.017,0.017,0,125.66667,127.42857,0,0.03647,High Risk
7.43496,24.375,0.38,0.017,121,7.44101,7.43042,-0.01362,24.35417,24.35714,0,0.38,0.38,0,0.017,0.017,0,122.66667,124.28571,2,0.05341,High Risk
7.43042,24.5,0.38,0.017,129,7.43345,7.44858,-0.00908,24.47917,24.49107,0.0625,0.38,0.38,0,0.017,0.017,0,129,127.71429,0,0.08425,High Risk
7.4395,24.6875,0.38,0.017,132,7.43345,7.43042,0.00908,24.6875,24.65179,0,0.38,0.38,0,0.017,0.017,0,129,127.42857,3,0.03057,High Risk
7.44858,24.75,0.38,0.017,129,7.43345,7.43431,0.02724,24.75,24.75,0,0.38,0.38,0,0.017,0.017,0,127.33333,127.85714,4,0.02311,High Risk
7.43496,25.0625,0.38,0.017,154,7.43496,7.43885,0,25.0625,25.09821,0,0.38,0.38,0,0.017,0.017,0,148,145.28571,10,0.02641,High Risk
7.43496,24.625,0.38,0.017,205,7.37746,7.40643,0.00454,24.625,24.64286,0,0.38,0.38,0,0.017,0.017,0,208.66667,205.14286,-4,0.13881,High Risk
7.43042,24.4375,0.38,0.017,155,7.4274,7.42783,-0.00454,24.4375,24.44643,0,0.38,0.38,0,0.017,0.017,0,153,153.28571,2,0.0274,High Risk
7.43042,24.1875,0.38,0.017,170,7.41681,7.4181,0.01361,24.1875,24.1875,0,0.38,0.38,0,0.017,0.017,0,171.33333,168.57143,-3,0.01941,High Risk
7.39865,24.375,0.38,0.017,176,7.41076,7.41616,-0.01816,24.35417,24.34821,0,0.38,0.38,0,0.017,0.017,0,171.66667,168.57143,5,0.04096,High Risk
7.43042,24.375,0.38,0.017,208,7.42739,7.42134,0.00908,24.375,24.39286,0,0.38,0.38,0,0.017,0.017,0,208.66667,211.28571,-2,0.0334,High Risk
7.43042,24.3125,0.38,0.017,179,7.42588,7.42264,0.01361,24.3125,24.3125,0,0.38,0.38,0,0.017,0.017,0,179,192.28571,2,0.01547,High Risk
7.42134,24,0.38,0.017,195,7.41681,7.42459,0.00907,24,24.03571,0,0.38,0.38,0,0.017,0.017,0,197.33333,196.85714,-4,0.04056,High Risk
7.41681,23.9375,0.38,0.017,195,7.41681,7.4194,0,23.97917,23.97321,-0.0625,0.38,0.38,0,0.017,0.017,0,198.66667,197.71429,-4,0.02938,High Risk
7.43496,23.9375,0.38,0.017,195,7.42286,7.42134,0.01815,23.95833,23.98214,0,0.38,0.38,0,0.017,0.017,0,197,196.42857,-2,0.03748,High Risk
7.43042,23.9375,0.38,0.017,207,7.41983,7.43237,0.01815,23.9375,23.9375,0,0.38,0.38,0,0.017,0.017,0,207,207.42857,0,0.03004,High Risk
7.42134,23.875,0.38,0.017,215,7.42588,7.42523,0,23.875,23.875,0,0.38,0.38,0,0.017,0.017,0,211.66667,211.57143,6,0.0225,High Risk
7.40773,23.9375,0.38,0.017,231,7.40924,7.41292,0.00454,23.9375,23.9375,0,0.38,0.38,0,0.017,0.017,0,232.66667,233.85714,1,0.01848,High Risk
7.40319,24.3125,0.38,0.017,242,7.40924,7.40189,-0.03177,24.29167,24.30357,0.0625,0.38,0.38,0,0.017,0.017,0,244,239.85714,-3,0.04224,High Risk
7.41681,24.375,0.38,0.017,233,7.40622,7.40578,0.01816,24.375,24.375,0,0.38,0.38,0,0.017,0.017,0,238.66667,239,-6,0.01155,High Risk
7.40319,24.4375,0.38,0.017,276,7.40168,7.40449,0.00454,24.47917,24.46429,-0.0625,0.38,0.38,0,0.017,0.017,0,274.33333,275.85714,4,0.02809,High Risk
7.40319,24.375,0.38,0.017,284,7.40773,7.40903,0.00454,24.375,24.39286,0,0.38,0.38,0,0.017,0.017,0,287.33333,286.57143,-2,0.03072,High Risk
7.38957,24.375,0.38,0.017,297,7.38503,7.38698,0,24.35417,24.33929,0.0625,0.38,0.38,0,0.017,0.017,0,298.66667,298.71429,-3,0.027,High Risk
7.38957,24.9375,0.38,0.017,300,7.38957,7.38698,0,24.89583,24.88393,0.0625,0.38,0.38,0,0.017,0.017,0,299.33333,297.85714,1,0.01896,High Risk
7.32148,24.5,3.5585,0.017,144,7.32299,7.31889,0.00454,24.54167,24.52679,-0.0625,3.68698,3.69329,-0.15035,0.017,0.017,0,144,144,0,0.31044,High Risk
7.3124,24.5,3.42726,0.017,144,7.31543,7.31694,0,24.5,24.51786,0,3.44087,3.59414,0.06374,0.017,0.017,0,144,144,0,0.33326,High Risk
7.32602,24.5,4.09081,0.017,144,7.31997,7.31824,0.01362,24.52083,24.50893,0,4.05513,3.90884,0.01542,0.017,0.017,0,144,144,0,0.3621,High Risk
7.29424,24.5,4.79604,0.017,144,7.32299,7.32018,-0.0227,24.5,24.5,0,4.71229,4.51172,0.09019,0.017,0.017,0,144,144,0,0.50669,High Risk
7.29878,24.9375,0.49491,0.017,144,7.30181,7.30008,-0.00454,24.9375,24.9375,0,0.49743,0.50199,-0.00757,0.017,0.017,0,144,144,0,0.02887,High Risk
7.32602,24.75,2.27183,0.017,144,7.30635,7.29943,0.03632,24.75,24.75,0,2.38322,2.83988,-0.12163,0.017,0.017,0,144,144,0,0.973,High Risk
7.29424,24.4375,4.81429,0.017,144,7.29424,7.29489,-0.00454,24.4375,24.4375,0,4.84522,4.70537,0.01825,0.017,0.017,0,144,144,0,0.30574,High Risk
7.2897,24.8125,4.49651,0.017,144,7.2897,7.291,0,24.85417,24.86607,-0.0625,4.42484,4.21908,0.23207,0.017,0.017,0,144,144,0,0.72874,High Risk
7.28516,24.8125,4.79604,0.017,144,7.2897,7.29165,-0.00908,24.8125,24.84821,0,4.72686,4.52422,-0.09198,0.017,0.017,0,144,144,0,0.51171,High Risk
7.29424,24.3125,3.75097,0.017,144,7.29727,7.29489,0,24.33333,24.33036,0,3.51415,3.69961,0.4126,0.017,0.017,0,144,144,0,0.5016,High Risk
7.2897,24.3125,4.90663,0.017,144,7.29424,7.29359,-0.00908,24.33333,24.32143,0,4.89422,4.75967,0.01861,0.017,0.017,0,144,144,0,0.67171,High Risk
7.2897,24.25,4.29682,0.017,144,7.28819,7.30267,0.00454,24.27083,24.26786,0,4.43004,4.43934,-0.16575,0.017,0.017,0,144,144,0,0.2709,High Risk
7.27608,24.1875,3.73688,0.017,144,7.28516,7.2884,-0.01362,24.16667,24.16964,0.0625,3.71821,3.84881,0.04197,0.017,0.017,0,144,144,0,0.39837,High Risk
7.30332,24.125,4.09081,0.017,144,7.29575,7.29229,0.00454,24.14583,24.14286,0,4.07157,3.86905,-0.09378,0.017,0.017,0,144,144,0,0.46421,High Risk
7.2897,23.9375,4.16881,0.017,144,7.29273,7.29359,-0.00454,23.9375,23.9375,0,4.09637,4.20698,0.078,0.017,0.017,0,144,144,0,0.28939,High Risk
7.29424,23.8125,3.77933,0.017,144,7.29878,7.29619,-0.00908,23.8125,23.82143,0,3.70503,3.49647,0.04245,0.017,0.017,0,144,144,0,0.57479,High Risk
7.29424,23.6875,2.83117,0.017,144,7.29878,7.29878,0.00454,23.6875,23.69643,0,2.95194,3.03526,-0.10788,0.017,0.017,0,144,144,0,0.26598,High Risk
7.29424,23.6875,2.69694,0.017,144,7.30029,7.29424,-0.00454,23.6875,23.6875,0,2.6219,2.5949,0.04989,0.017,0.017,0,144,144,0,0.16483,High Risk
7.27608,23.625,3.33837,0.017,144,7.28516,7.29165,-0.01362,23.64583,23.66964,0,3.36372,3.55749,0,0.017,0.017,0,144,144,0,0.42172,High Risk
7.29424,23.625,3.20343,0.017,144,7.29727,7.29748,0,23.625,23.625,0,3.2323,3.2492,0.03582,0.017,0.017,0,144,144,0,0.17392,High Risk
7.27154,25.0625,3.98414,0.017,144,7.26549,7.25987,0.00454,25.0625,25.0625,0,4.46145,4.66201,-0.54658,0.017,0.017,0,144,144,0,0.7049,High Risk
7.25338,25.0625,1.15076,0.017,144,7.25489,7.26441,0,25.0625,25.0625,0,1.1456,1.30401,0.05024,0.017,0.017,0,144,144,0,0.3316,High Risk
7.25792,25.0625,0.3336,0.017,144,7.26549,7.26311,-0.01362,25.0625,25.0625,0,0.3375,0.33919,-0.00651,0.017,0.017,0,144,144,0,0.01854,High Risk
7.27154,25.0625,1.01776,0.017,144,7.27457,7.27478,-0.01362,25.0625,25.0625,0,0.93006,0.98457,0.17948,0.017,0.017,0,144,144,0,0.15849,High Risk
7.25792,25.0625,1.7642,0.017,144,7.26397,7.25987,-0.00908,25.04167,25.05357,0.0625,1.74472,1.66528,0.01955,0.017,0.017,0,144,144,0,0.2012,High Risk
7.25792,25,1.95768,0.017,144,7.25943,7.26181,-0.00908,25,25.00893,0,1.9171,1.91986,0.07144,0.017,0.017,0,144,144,0,0.09588,High Risk
7.267,24.9375,2.65695,0.017,144,7.26549,7.26441,0,24.9375,24.9375,0,2.76254,2.7215,-0.16365,0.017,0.017,0,144,144,0,0.27722,High Risk
7.25338,24.9375,2.49365,0.017,144,7.25792,7.25987,0,24.9375,24.9375,0,2.60264,2.6684,-0.13372,0.017,0.017,0,144,144,0,0.28287,High Risk
7.267,24.9375,2.85241,0.017,144,7.267,7.25987,0,24.91667,24.91964,0.0625,2.77646,2.67499,0.04233,0.017,0.017,0,144,144,0,0.27197,High Risk
7.27154,24.9375,3.03973,0.017,144,7.26095,7.26311,0.01362,24.9375,24.91964,0,3.02882,2.96998,-0.04588,0.017,0.017,0,144,144,0,0.28809,High Risk
7.25792,24.9375,2.91714,0.017,144,7.27457,7.2683,-0.00908,24.91667,24.91964,0,2.84263,2.93935,-0.06623,0.017,0.017,0,144,144,0,0.34115,High Risk
7.25792,24.875,2.35805,0.017,144,7.26397,7.26246,-0.00908,24.89583,24.88393,0,2.35805,2.33859,0,0.017,0.017,0,144,144,0,0.13039,High Risk
7.267,24.8125,2.47513,0.017,144,7.267,7.26181,0,24.8125,24.83929,0,2.48003,2.50016,0.10827,0.017,0.017,0,144,144,0,0.19226,High Risk
7.267,24.75,2.18067,0.017,144,7.26549,7.27024,0.00908,24.79167,24.80357,-0.0625,2.32308,2.41802,-0.15117,0.017,0.017,0,144,144,0,0.27606,High Risk
7.267,24.8125,2.32317,0.017,144,7.267,7.26376,0,24.79167,24.80357,0,2.32029,2.20768,0.00864,0.017,0.017,0,144,144,0,0.29344,High Risk
7.25792,24.75,2.31453,0.017,144,7.25943,7.2657,0.00454,24.75,24.75,0,2.30045,2.29667,0.05955,0.017,0.017,0,144,144,0,0.12047,High Risk
7.267,24.75,2.27183,0.017,144,7.26549,7.26376,0.00454,24.72917,24.72321,0,2.3032,2.13499,-0.06001,0.017,0.017,0,144,144,0,0.36224,High Risk
7.267,24.75,2.00184,0.017,144,7.26549,7.267,0,24.75,24.72321,0,1.96043,2.06107,0.03687,0.017,0.017,0,144,144,0,0.26832,High Risk
7.267,24.6875,1.24422,0.017,144,7.26397,7.26311,0.00908,24.66667,24.66964,0,1.29999,1.39083,-0.09599,0.017,0.017,0,144,144,0,0.26764,High Risk
7.267,24.625,1.73818,0.017,144,7.26549,7.26505,0.00908,24.64583,24.64286,-0.0625,1.66324,1.60935,0.10637,0.017,0.017,0,144,144,0,0.1825,High Risk
7.27154,24.625,1.63181,0.017,144,7.27457,7.27219,0,24.625,24.625,0,1.63995,1.63894,0,0.017,0.017,0,144,144,0,0.1352,High Risk
7.25792,24.4375,2.06999,0.017,144,7.25641,7.26441,0.00454,24.41667,24.39286,0,1.96173,1.90479,0.19075,0.017,0.017,0,144,144,0,0.2051,High Risk
7.24885,24.875,2.34055,0.017,144,7.24885,7.2482,0.00454,24.85417,24.83036,0.0625,2.33474,2.2251,0.00871,0.017,0.017,0,144,144,0,0.36188,High Risk
7.24431,24.9375,2.66689,0.017,144,7.24582,7.2469,0,24.91667,24.92857,0.0625,2.75191,2.70723,-0.11186,0.017,0.017,0,144,144,0,0.22288,High Risk
7.24431,25.25,2.33184,0.017,144,7.2428,7.2469,0.00454,25.22917,25.24107,0,2.54451,2.84088,-0.00871,0.017,0.017,0,144,144,0,0.76152,High Risk
7.24431,25.5,1.60178,0.017,144,7.2428,7.24366,0.00454,25.47917,25.49107,0,1.63608,1.53081,-0.0361,0.017,0.017,0,144,144,0,0.28535,High Risk
7.267,25.5,1.17236,0.017,144,7.25187,7.24755,0.02269,25.5,25.5,0,1.30082,1.58613,-0.11418,0.017,0.017,0,144,144,0,0.63403,High Risk
7.24885,25.3125,0.71899,0.017,144,7.2549,7.25274,-0.01815,25.33333,25.33929,-0.0625,0.68542,0.64316,0.02649,0.017,0.017,0,144,144,0,0.13685,High Risk
7.24431,25.375,0.57801,0.017,144,7.24582,7.24561,0,25.35417,25.35714,0,0.57603,0.57048,0.02143,0.017,0.017,0,144,144,0,0.05394,High Risk
7.25338,25.3125,0.57801,0.017,144,7.24733,7.24625,0.00907,25.33333,25.34821,0,0.5667,0.56559,0.03392,0.017,0.017,0,144,144,0,0.0593,High Risk
7.25792,25.0625,1.07222,0.017,144,7.25036,7.24755,0.00907,25.0625,25.0625,0,1.13245,1.1222,-0.04065,0.017,0.017,0,144,144,0,0.11466,High Risk
7.25792,24.875,1.14224,0.017,144,7.25187,7.25144,0.01361,24.85417,24.84821,0,1.18592,1.19023,-0.06552,0.017,0.017,0,144,144,0,0.08611,High Risk
7.25338,24.75,1.19881,0.017,144,7.25187,7.25079,-0.00454,24.77083,24.76786,-0.0625,1.22009,1.24062,-0.05936,0.017,0.017,0,144,144,0,0.09044,High Risk
7.25338,24.625,1.37552,0.017,144,7.24733,7.24625,0.00907,24.625,24.625,0,1.39144,1.37081,0.02029,0.017,0.017,0,144,144,0,0.1832,High Risk
7.24431,24.6875,1.39611,0.017,144,7.24582,7.25144,-0.00454,24.6875,24.66964,0,1.42419,1.4078,-0.04746,0.017,0.017,0,144,144,0,0.12062,High Risk
7.24431,24.625,1.14224,0.017,144,7.24582,7.24755,0,24.625,24.63393,0,1.1685,1.22382,-0.00425,0.017,0.017,0,144,144,0,0.13804,High Risk
7.24885,24.4375,1.53196,0.017,144,7.25187,7.25015,-0.01361,24.4375,24.4375,0,1.55128,1.54556,-0.05797,0.017,0.017,0,144,144,0,0.10012,High Risk
7.24885,24.375,1.17236,0.017,144,7.24885,7.2469,-0.00453,24.41667,24.41964,-0.0625,1.36037,1.41795,-0.27121,0.017,0.017,0,144,144,0,0.23992,High Risk
7.24431,24.375,1.2396,0.017,144,7.24885,7.2469,-0.00454,24.375,24.375,0,1.32851,1.30799,-0.13592,0.017,0.017,0,144,144,0,0.10647,High Risk
7.25338,24.3125,1.41176,0.017,144,7.24733,7.24561,0.00907,24.3125,24.3125,0,1.34822,1.38613,0.1442,0.017,0.017,0,144,144,0,0.12359,High Risk
7.24885,24.3125,1.40131,0.017,144,7.24734,7.24755,0,24.3125,24.30357,0,1.34907,1.31695,0.06607,0.017,0.017,0,144,144,0,0.17691,High Risk
7.24431,24.375,0.89993,0.017,144,7.24431,7.24625,0,24.35417,24.33036,0,0.92274,0.96013,-0.03421,0.017,0.017,0,144,144,0,0.10608,High Risk
7.24885,24.3125,0.83828,0.017,144,7.24885,7.25015,0,24.3125,24.30357,0,0.84047,0.83348,0.01244,0.017,0.017,0,144,144,0,0.09219,High Risk
7.24431,24.3125,0.80751,0.017,144,7.24582,7.24561,-0.00454,24.3125,24.3125,0,0.845,0.83438,-0.06268,0.017,0.017,0,144,144,0,0.10976,High Risk
7.24885,24.25,0.70298,0.017,144,7.24582,7.2482,0.00454,24.25,24.24107,0,0.69181,0.72632,0.0335,0.017,0.017,0,144,144,0,0.10975,High Risk
7.24431,24.1875,0.76057,0.017,144,7.2549,7.25144,0,24.1875,24.19643,0,0.72394,0.72461,0.05759,0.017,0.017,0,144,144,0,0.09913,High Risk
7.24885,24.125,0.52587,0.017,144,7.24885,7.2469,-0.00453,24.14583,24.16071,0,0.52331,0.51409,-0.00803,0.017,0.017,0,144,144,0,0.07695,High Risk
7.25338,24.125,0.4657,0.017,144,7.24885,7.2469,0.00453,24.14583,24.125,0,0.45475,0.44065,0.02755,0.017,0.017,0,144,144,0,0.07438,High Risk
7.24431,24.125,0.38766,0.017,144,7.24431,7.24431,0,24.125,24.125,0,0.39374,0.39631,-0.01825,0.017,0.017,0,144,144,0,0.01453,High Risk
7.24431,24.0625,0.62801,0.017,144,7.24431,7.24431,0,24.04167,24.04464,0.0625,1.04068,1.08831,-0.65376,0.017,0.017,0,144,144,0,0.45907,High Risk
7.23069,24.4375,1.44894,0.017,144,7.23372,7.23328,-0.00908,24.4375,24.42857,0,1.38571,1.39516,-0.06043,0.017,0.017,0,144,144,0,0.41281,High Risk
7.23069,24.8125,0.52587,0.017,144,7.23372,7.23328,-0.00908,24.79167,24.79464,0.0625,0.50656,0.55796,0.06194,0.017,0.017,0,144,144,0,0.14622,High Risk
7.23977,24.75,0.7985,0.017,144,7.24128,7.24042,0.00908,24.75,24.75,0,0.8017,0.8149,-0.02734,0.017,0.017,0,144,144,0,0.09962,High Risk
7.24431,24.625,0.21864,0.017,144,7.24128,7.24107,0.00908,24.625,24.61607,0,0.21752,0.23522,0.02227,0.017,0.017,0,144,144,0,0.06222,High Risk
7.23977,24.5,0.28898,0.017,144,7.23674,7.23782,0.00908,24.5,24.5,0,0.28898,0.30103,0,0.017,0.017,0,144,144,0,0.0359,High Risk
7.23977,24.4375,0.34807,0.017,144,7.23977,7.24172,0,24.4375,24.4375,0,0.35305,0.33825,-0.00678,0.017,0.017,0,144,144,0,0.04085,High Risk
7.23977,24.4375,0.41217,0.017,144,7.23977,7.23847,0.00454,24.4375,24.41071,0,0.41644,0.40257,-0.0128,0.017,0.017,0,144,144,0,0.05169,High Risk
7.23523,24.4375,0.34807,0.017,144,7.23674,7.23653,0,24.41667,24.40179,0.0625,0.37009,0.38566,-0.02498,0.017,0.017,0,144,144,0,0.07693,High Risk
7.23523,24.375,0.41059,0.017,144,7.23674,7.23718,-0.00454,24.35417,24.36607,0.0625,0.40388,0.4334,0.00623,0.017,0.017,0,144,144,0,0.09235,High Risk
7.23977,24.375,0.46041,0.017,144,7.23826,7.23718,0,24.375,24.36607,0,0.47294,0.43791,-0.01424,0.017,0.017,0,144,144,0,0.09186,High Risk
7.23977,24.375,0.51016,0.017,144,7.24128,7.23912,-0.00454,24.375,24.375,0,0.49815,0.48764,0.02456,0.017,0.017,0,144,144,0,0.03641,High Risk
7.23523,24.375,0.59798,0.017,144,7.23826,7.23718,-0.00454,24.375,24.36607,0,0.58106,0.61003,0.02214,0.017,0.017,0,144,144,0,0.10541,High Risk
7.23069,24.3125,0.64477,0.017,144,7.23523,7.23588,0.00454,24.3125,24.34821,0,0.63838,0.6369,0.01676,0.017,0.017,0,144,144,0,0.0511,High Risk
7.1626,24.75,0.26004,0.017,144,7.15957,7.16065,0.00908,24.75,24.75,0,0.26176,0.24419,-0.00619,0.017,0.017,0,144,144,0,0.04474,High Risk
7.14898,24.75,0.23477,0.017,144,7.15503,7.15806,-0.00454,24.75,24.75,0,0.22758,0.23966,0.04685,0.017,0.017,0,144,144,0,0.0663,High Risk
7.15806,24.6875,0.15996,0.017,144,7.1626,7.16195,-0.00454,24.72917,24.72321,-0.0625,0.17519,0.17879,0.00699,0.017,0.017,0,144,144,0,0.07224,High Risk
7.1626,24.75,0.23477,0.017,144,7.16109,7.1626,0.00454,24.72917,24.73214,0,0.24399,0.21849,-0.00943,0.017,0.017,0,144,144,0,0.07795,High Risk
7.17167,24.6875,0.27792,0.017,144,7.16562,7.16778,0.00454,24.70833,24.71429,-0.0625,0.28159,0.28535,-0.00218,0.017,0.017,0,144,144,0,0.03834,High Risk
7.18075,24.4375,0.45692,0.017,144,7.17772,7.17362,0.00454,24.45833,24.46429,0,0.44838,0.43805,0.00519,0.017,0.017,0,144,144,0,0.05077,High Risk
7.1626,24.3125,0.43317,0.017,144,7.1747,7.17297,-0.00453,24.3125,24.32143,0,0.45427,0.45535,-0.03253,0.017,0.017,0,144,144,0,0.05965,High Risk
7.16713,24.0625,0.41852,0.017,144,7.16713,7.16843,0.00453,24.0625,24.08036,0,0.39736,0.42265,0.00949,0.017,0.017,0,144,144,0,0.08407,High Risk
7.16713,24,0.45518,0.017,144,7.17016,7.16778,-0.00908,24,23.99107,0,0.47486,0.48238,-0.03412,0.017,0.017,0,144,144,0,0.05008,High Risk
7.16713,23.9375,0.47284,0.017,144,7.16562,7.16713,0.00453,23.9375,23.9375,0,0.46124,0.47997,0.00179,0.017,0.017,0,144,144,0,0.06298,High Risk
7.17167,23.9375,0.46217,0.017,144,7.17167,7.17037,0,23.9375,23.92857,0,0.49486,0.49389,-0.05775,0.017,0.017,0,144,144,0,0.05763,High Risk
7.17167,23.8125,0.46217,0.017,144,7.17167,7.16908,0.00454,23.8125,23.80357,0,0.461,0.46222,0.00351,0.017,0.017,0,144,144,0,0.06956,High Risk
7.16713,23.8125,0.46217,0.017,144,7.17167,7.16908,-0.00454,23.77083,23.76786,0.0625,0.46809,0.46106,-0.00709,0.017,0.017,0,144,144,0,0.04967,High Risk
7.16713,23.75,0.46393,0.017,144,7.16713,7.16843,0,23.75,23.74107,0,0.46869,0.45239,-0.00355,0.017,0.017,0,144,144,0,0.05901,High Risk
7.17621,23.75,0.41217,0.017,144,7.17016,7.16584,0.01815,23.75,23.75,0,0.42073,0.4295,-0.00635,0.017,0.017,0,144,144,0,0.03565,High Risk
7.15806,23.75,0.34807,0.017,144,7.17773,7.17297,-0.00454,23.75,23.75,0,0.36955,0.36188,-0.03076,0.017,0.017,0,144,144,0,0.09266,High Risk
7.17167,23.6875,0.34142,0.017,144,7.17318,7.16973,-0.00454,23.6875,23.6875,0,0.33881,0.33736,0.00782,0.017,0.017,0,144,144,0,0.04816,High Risk
7.14898,23.9375,0.66948,0.017,144,7.15201,7.15352,-0.00908,23.91667,23.89286,0,0.64659,0.6353,0.03673,0.017,0.017,0,144,144,0,0.07325,High Risk
7.14444,23.9375,0.67453,0.017,144,7.15049,7.14898,-0.00908,23.9375,23.9375,0,0.67369,0.66386,-0.00254,0.017,0.017,0,144,144,0,0.03896,High Risk
7.14444,23.9375,0.59349,0.017,144,7.15049,7.15093,-0.01362,23.95833,23.94643,-0.0625,0.64416,0.6641,-0.07098,0.017,0.017,0,144,144,0,0.08723,High Risk
7.1399,24,0.66948,0.017,144,7.14595,7.14768,-0.00908,23.97917,23.98214,0,0.67967,0.65564,-0.01014,0.017,0.017,0,144,144,0,0.0909,High Risk
7.13082,24.125,0.85409,0.017,144,7.13839,7.1399,-0.01816,24.125,24.125,0,0.84357,0.8145,0.02205,0.017,0.017,0,144,144,0,0.07297,High Risk
7.13082,24.1875,0.7985,0.017,144,7.1399,7.13925,-0.01362,24.1875,24.1875,0,0.81263,0.81983,-0.01813,0.017,0.017,0,144,144,0,0.04914,High Risk
7.12628,24.75,0.5339,0.017,144,7.14141,7.14185,-0.0227,24.79167,24.76786,-0.0625,0.51819,0.52266,0.01002,0.017,0.017,0,144,144,0,0.06869,High Risk
7.13082,24.8125,0.58903,0.017,144,7.13687,7.14185,-0.00908,24.77083,24.76786,0.0625,0.54896,0.5249,0.00222,0.017,0.017,0,144,144,0,0.13257,High Risk
7.13082,24.75,0.62801,0.017,144,7.13839,7.1386,-0.00908,24.77083,24.77679,0,0.618,0.61122,0,0.017,0.017,0,144,144,0,0.06381,High Risk
7.12174,24.75,0.64235,0.017,144,7.13385,7.13601,-0.01816,24.75,24.75,0,0.63602,0.62612,0.0214,0.017,0.017,0,144,144,0,0.04586,High Risk
7.1399,24.75,0.61397,0.017,144,7.13536,7.13212,0.01362,24.79167,24.80357,-0.0625,0.62254,0.62264,-0.01167,0.017,0.017,0,144,144,0,0.03774,High Risk
7.12174,23.875,1.60178,0.017,144,7.12477,7.12109,-0.00454,23.91667,23.92857,-0.0625,1.63411,1.60815,-0.02398,0.017,0.017,0,144,144,0,0.31775,High Risk
7.12174,24.0625,0.95172,0.017,144,7.12628,7.13082,-0.00454,24.04167,24.03571,0,1.16237,1.13129,-0.29713,0.017,0.017,0,144,144,0,0.26692,High Risk
7.12174,24.4375,0.85729,0.017,144,7.12023,7.1185,0,24.41667,24.41071,0,0.93137,0.92391,-0.1796,0.017,0.017,0,144,144,0,0.19159,High Risk
7.0945,24.6875,0.75489,0.017,144,7.09904,7.10293,-0.00454,24.6875,24.6875,0,0.83833,0.81476,-0.13502,0.017,0.017,0,144,144,0,0.1088,High Risk
7.09904,24.75,0.84142,0.017,144,7.10509,7.10942,-0.01362,24.75,24.75,0,0.86278,0.8256,-0.0353,0.017,0.017,0,144,144,0,0.13278,High Risk
7.11266,24.875,0.53999,0.017,144,7.11266,7.10747,-0.00908,24.875,24.86607,0,0.51726,0.55683,0.05807,0.017,0.017,0,144,144,0,0.14075,High Risk
7.10812,24.875,0.65455,0.017,144,7.10358,7.10617,0.00908,24.875,24.89286,0,0.64482,0.61035,0.00978,0.017,0.017,0,144,144,0,0.13732,High Risk
7.14444,24.8125,0.52786,0.017,144,7.14141,7.14055,0.00454,24.8125,24.83929,0,0.52771,0.56088,0.02918,0.017,0.017,0,144,144,0,0.12251,High Risk
7.15806,24.6875,0.35622,0.017,144,7.14747,7.14898,0.01816,24.6875,24.6875,0,0.37082,0.38711,0.01215,0.017,0.017,0,144,144,0,0.08488,High Risk
7.1626,24.6875,0.28674,0.017,144,7.15655,7.15222,0.00454,24.6875,24.6875,0,0.3112,0.31452,-0.05733,0.017,0.017,0,144,144,0,0.05146,High Risk
7.17621,24.4375,0.43151,0.017,144,7.17016,7.16454,0.00908,24.4375,24.45536,0,0.47004,0.43575,-0.05965,0.017,0.017,0,144,144,0,0.10709,High Risk
7.18529,24.4375,0.50439,0.017,144,7.18378,7.17556,-0.00454,24.4375,24.44643,0,0.48343,0.48096,0,0.017,0.017,0,144,144,0,0.09295,High Risk
7.1399,24.25,0.47465,0.017,144,7.1399,7.14055,-0.00908,24.29167,24.30357,-0.0625,0.43752,0.4483,0.08847,0.017,0.017,0,144,144,0,0.09713,High Risk
7.15806,24.25,0.43317,0.017,144,7.16714,7.15546,-0.02723,24.22917,24.22321,0.0625,0.4646,0.4834,-0.01342,0.017,0.017,0,144,144,0,0.13757,High Risk
7.1399,24.1875,0.46748,0.017,144,7.14444,7.13925,-0.00454,24.1875,24.19643,0,0.47347,0.4998,-0.01261,0.017,0.017,0,144,144,0,0.09958,High Risk
7.12628,24.1875,0.58903,0.017,144,7.13385,7.13536,-0.01816,24.20833,24.20536,0,0.58316,0.5507,0.00443,0.017,0.017,0,144,144,0,0.12018,High Risk
7.1399,24.0625,0.62801,0.017,144,7.13687,7.13601,0.00908,24.0625,24.05357,0,0.56799,0.56907,0.08392,0.017,0.017,0,144,144,0,0.12319,High Risk
7.1399,24,0.58903,0.017,144,7.1399,7.1399,0,24.02083,24.01786,0,0.67667,0.6667,-0.11659,0.017,0.017,0,144,144,0,0.14438,High Risk
7.14444,24,0.51796,0.017,144,7.14141,7.1399,0.00454,24,24,0,0.55861,0.55047,-0.11005,0.017,0.017,0,144,144,0,0.09979,High Risk
7.14898,23.9375,0.51796,0.017,144,7.14595,7.14574,0.00454,23.91667,23.91071,0.0625,0.52473,0.52194,0.0268,0.017,0.017,0,144,144,0,0.10171,High Risk
7.1399,23.9375,0.46748,0.017,144,7.14141,7.14963,0,23.91667,23.89286,0.0625,0.48418,0.49369,0.0123,0.017,0.017,0,144,144,0,0.12092,High Risk
7.1399,23.875,0.5846,0.017,144,7.14293,7.14249,-0.00908,23.875,23.875,0,0.5723,0.51931,0.0131,0.017,0.017,0,144,144,0,0.11239,High Risk
7.14444,23.875,0.48375,0.017,144,7.1399,7.14249,0.01362,23.875,23.88393,0,0.52489,0.53991,-0.10085,0.017,0.017,0,144,144,0,0.13982,High Risk
7.1399,23.8125,0.4432,0.017,144,7.13687,7.1386,0.00908,23.77083,23.76786,0.0625,0.54414,0.5683,-0.14805,0.017,0.017,0,144,144,0,0.16134,High Risk
7.13082,23.8125,0.516,0.017,144,7.13385,7.13666,0.00454,23.79167,23.80357,0.0625,0.49378,0.50959,0.06082,0.017,0.017,0,144,144,0,0.07787,High Risk
7.17621,23.75,0.62801,0.017,144,7.14898,7.14314,0.03631,23.77083,23.75893,0,0.60574,0.56477,0.03228,0.017,0.017,0,144,144,0,0.14806,High Risk
7.14444,23.625,0.3847,0.017,144,7.14141,7.14314,0.00454,23.625,23.625,0,0.38324,0.37654,0.00587,0.017,0.017,0,144,144,0,0.03999,High Risk
7.14444,23.625,0.30397,0.017,144,7.14444,7.1412,0,23.58333,23.58929,0.0625,0.33427,0.34906,-0.06765,0.017,0.017,0,144,144,0,0.09214,High Risk
7.14444,23.625,0.33879,0.017,144,7.14293,7.14379,0,23.60417,23.59821,0.0625,0.34366,0.35829,-0.01198,0.017,0.017,0,144,144,0,0.075,High Risk
7.14444,23.625,0.29928,0.017,144,7.14444,7.14055,0.00454,23.60417,23.58036,0,0.28733,0.30418,0.04529,0.017,0.017,0,144,144,0,0.09163,High Risk
7.1399,23.625,0.24613,0.017,144,7.14293,7.1412,0,23.625,23.60714,0,0.21218,0.18357,0.04976,0.017,0.017,0,144,144,0,0.0938,High Risk
7.12628,23.625,0.26727,0.017,144,7.12931,7.13147,-0.00454,23.60417,23.59821,0,0.27368,0.26218,-0.00421,0.017,0.017,0,144,144,0,0.06503,High Risk
7.12628,23.625,0.37883,0.017,144,7.12779,7.13212,-0.00454,23.625,23.625,0,0.37081,0.34414,0.00145,0.017,0.017,0,144,144,0,0.09815,High Risk
7.12628,23.625,0.29124,0.017,144,7.13082,7.12758,-0.01362,23.625,23.625,0,0.30173,0.28254,-0.01038,0.017,0.017,0,144,144,0,0.06756,High Risk
7.12174,23.625,0.39517,0.017,144,7.12931,7.12887,0,23.66667,23.67857,-0.0625,0.40757,0.43345,-0.01386,0.017,0.017,0,144,144,0,0.09774,High Risk
7.13082,23.6875,0.36314,0.017,144,7.12779,7.13147,0,23.66667,23.67857,0,0.35,0.33303,0.01507,0.017,0.017,0,144,144,0,0.0779,High Risk
7.12628,23.75,0.29928,0.017,144,7.12477,7.12498,0,23.79167,23.78571,-0.0625,0.31853,0.31756,-0.04346,0.017,0.017,0,144,144,0,0.05354,High Risk
7.11266,23.8125,0.51796,0.017,144,7.11871,7.12174,-0.01816,23.79167,23.78571,0,0.48305,0.46837,0.07981,0.017,0.017,0,144,144,0,0.11079,High Risk
7.12174,24,0.39517,0.017,144,7.12023,7.1185,0.00454,24,23.99107,0,0.38983,0.42453,-0.0061,0.017,0.017,0,144,144,0,0.10457,High Risk
7.1172,24.1875,0.21181,0.017,144,7.1172,7.12239,-0.00454,24.1875,24.1875,0,0.22869,0.23051,-0.02952,0.017,0.017,0,144,144,0,0.05318,High Risk
7.12628,24.125,0.30515,0.017,144,7.14141,7.12952,-0.0227,24.16667,24.1875,-0.0625,0.30517,0.29907,0.00353,0.017,0.017,0,144,144,0,0.08121,High Risk
7.1172,24.1875,0.32469,0.017,144,7.12628,7.12109,-0.0227,24.1875,24.1875,0,0.32766,0.31879,-0.00891,0.017,0.017,0,144,144,0,0.04089,High Risk
7.12628,24.1875,0.3336,0.017,144,7.12477,7.12823,0.00454,24.1875,24.1875,0,0.35711,0.3404,-0.04378,0.017,0.017,0,144,144,0,0.06098,High Risk
7.13082,24.125,0.1842,0.017,144,7.12931,7.13017,0,24.14583,24.15179,-0.0625,0.18348,0.18459,-0.00222,0.017,0.017,0,144,144,0,0.04106,High Risk
7.13082,24.125,0.21951,0.017,144,7.12628,7.12563,0.00454,24.14583,24.13393,-0.0625,0.21579,0.20343,0.00431,0.017,0.017,0,144,144,0,0.04446,High Risk
7.12174,24.125,0.15112,0.017,144,7.12628,7.12304,-0.00908,24.125,24.125,0,0.1553,0.15181,-0.00819,0.017,0.017,0,144,144,0,0.02856,High Risk
7.13082,24,0.44151,0.017,144,7.12779,7.13277,0.00454,24.02083,24.03571,0,0.49978,0.48804,-0.09441,0.017,0.017,0,144,144,0,0.118,High Risk
7.11266,24.0625,0.43649,0.017,144,7.12174,7.12758,-0.00908,24.04167,24.04464,0,0.43761,0.47355,0.00167,0.017,0.017,0,144,144,0,0.13122,High Risk
7.13082,24,0.47645,0.017,144,7.13082,7.13017,0,24,24,0,0.42839,0.40922,0.07364,0.017,0.017,0,144,144,0,0.07202,High Risk
7.12174,23.9375,0.59798,0.017,144,7.13082,7.12693,-0.00908,23.91667,23.91964,0.0625,0.5189,0.52858,0.10495,0.017,0.017,0,144,144,0,0.13482,High Risk
7.12174,23.9375,0.61629,0.017,144,7.12931,7.13082,-0.01816,23.89583,23.89286,0.0625,0.60738,0.56638,0.03609,0.017,0.017,0,144,144,0,0.14647,High Risk
7.12628,23.875,0.64235,0.017,144,7.12628,7.12823,0,23.875,23.875,0,0.61376,0.60151,0,0.017,0.017,0,144,144,0,0.13938,High Risk
7.12174,23.9375,0.56081,0.017,144,7.12931,7.12758,-0.00454,23.89583,23.88393,0.0625,0.59833,0.59748,-0.00639,0.017,0.017,0,144,144,0,0.12028,High Risk
7.1172,23.875,0.55239,0.017,144,7.12779,7.12887,-0.0227,23.875,23.875,0,0.56184,0.57568,-0.03664,0.017,0.017,0,144,144,0,0.11787,High Risk
7.13536,23.875,0.59798,0.017,144,7.13385,7.12887,0.00908,23.875,23.875,0,0.56561,0.54042,0.03505,0.017,0.017,0,144,144,0,0.07482,High Risk
7.13082,23.875,0.59125,0.017,144,7.12931,7.12758,0,23.89583,23.88393,0,0.57954,0.56646,0.01324,0.017,0.017,0,144,144,0,0.05019,High Risk
7.12628,23.875,0.58681,0.017,144,7.12628,7.12693,0.00454,23.875,23.88393,0,0.58978,0.59945,-0.00222,0.017,0.017,0,144,144,0,0.05712,High Risk
7.12174,23.875,0.63514,0.017,144,7.12628,7.12498,-0.00454,23.875,23.85714,0,0.64899,0.62934,-0.03434,0.017,0.017,0,144,144,0,0.0667,High Risk
7.1399,23.875,0.62329,0.017,144,7.13385,7.12887,0.01816,23.875,23.85714,0,0.63785,0.63593,0,0.017,0.017,0,144,144,0,0.09935,High Risk
7.13082,23.75,0.68474,0.017,144,7.12628,7.12693,0.00908,23.75,23.75893,0,0.59721,0.5882,0.13444,0.017,0.017,0,144,144,0,0.11927,High Risk
7.13082,23.6875,0.59798,0.017,144,7.12931,7.13666,0.00454,23.6875,23.6875,0,0.57832,0.54852,0.01338,0.017,0.017,0,144,144,0,0.13864,High Risk
7.12628,23.5,0.49491,0.017,144,7.12779,7.12758,0,23.54167,23.55357,-0.0625,0.48211,0.43552,0.0634,0.017,0.017,0,144,144,0,0.12292,High Risk
7.12628,23.5,0.2471,0.017,144,7.12477,7.13017,0,23.5,23.50893,0,0.22813,0.26346,0.02846,0.017,0.017,0,144,144,0,0.09439,High Risk
7.1172,23.5,0.21435,0.017,144,7.13233,7.13471,-0.0227,23.5,23.5,0,0.20318,0.16972,0.02109,0.017,0.017,0,144,144,0,0.0872,High Risk
7.13082,23.5625,0.19795,0.017,144,7.13082,7.12369,0,23.52083,23.5,0.0625,0.20068,0.1904,-0.03132,0.017,0.017,0,144,144,0,0.07595,High Risk
7.12174,23.5625,0.28674,0.017,144,7.12174,7.12563,0,23.54167,23.54464,0,0.30497,0.32991,0,0.017,0.017,0,144,144,0,0.10461,High Risk
7.13082,23.5625,0.30753,0.017,144,7.13536,7.13017,0,23.54167,23.52679,0,0.29476,0.30995,0.03711,0.017,0.017,0,144,144,0,0.0853,High Risk
7.12174,23.625,0.32469,0.017,144,7.12174,7.12693,0,23.625,23.625,0,0.33584,0.34265,-0.01673,0.017,0.017,0,144,144,0,0.05434,High Risk
7.12174,23.625,0.34407,0.017,144,7.13082,7.13212,-0.00908,23.625,23.625,0,0.33515,0.32601,0.03892,0.017,0.017,0,144,144,0,0.07978,High Risk
7.12628,23.625,0.37305,0.017,144,7.12325,7.12239,0.00454,23.625,23.64286,0,0.36156,0.35575,0.00285,0.017,0.017,0,144,144,0,0.09294,High Risk
7.12174,23.75,0.31356,0.017,144,7.12325,7.12174,0,23.75,23.75,0,0.34156,0.34195,-0.03721,0.017,0.017,0,144,144,0,0.07047,High Risk
7.12174,23.75,0.36175,0.017,144,7.12628,7.12628,-0.00454,23.75,23.75893,0,0.38513,0.33585,-0.04571,0.017,0.017,0,144,144,0,0.12439,High Risk
7.12174,23.75,0.40903,0.017,144,7.12325,7.12174,0,23.75,23.75,0,0.38504,0.36141,0.01235,0.017,0.017,0,144,144,0,0.10833,High Risk
7.12628,23.8125,0.34142,0.017,144,7.12174,7.12563,0,23.8125,23.8125,0,0.35266,0.35986,-0.01617,0.017,0.017,0,144,144,0,0.03747,High Risk
7.12628,23.8125,0.40281,0.017,144,7.12477,7.12174,0.00454,23.79167,23.79464,0,0.38257,0.36454,0.02106,0.017,0.017,0,144,144,0,0.072,High Risk
7.10358,23.875,0.59125,0.017,144,7.11266,7.11655,-0.01362,23.875,23.88393,0,0.60425,0.63527,-0.00224,0.017,0.017,0,144,144,0,0.12136,High Risk
7.11266,24,0.38618,0.017,144,7.11871,7.1172,-0.00908,23.95833,23.9375,0.0625,0.45965,0.49251,-0.08666,0.017,0.017,0,144,144,0,0.12935,High Risk
7.12174,23.9375,0.50058,0.017,144,7.12477,7.12174,-0.00454,23.95833,23.95536,0,0.4968,0.5009,0.00567,0.017,0.017,0,144,144,0,0.04408,High Risk
7.12174,23.9375,0.5219,0.017,144,7.12174,7.12109,0,23.9375,23.94643,0,0.52594,0.51669,0.00394,0.017,0.017,0,144,144,0,0.04568,High Risk
7.13082,23.8125,0.5672,0.017,144,7.13082,7.13147,0,23.8125,23.8125,0,0.57514,0.5753,-0.01081,0.017,0.017,0,144,144,0,0.02935,High Risk
7.1399,23.625,0.47827,0.017,144,7.13687,7.13471,0.00908,23.64583,23.66964,0,0.47845,0.46699,0.0161,0.017,0.017,0,144,144,0,0.06124,High Risk
7.1172,23.5625,0.40591,0.017,144,7.12931,7.12758,-0.01362,23.5625,23.5625,0,0.40904,0.40407,-0.00155,0.017,0.017,0,144,144,0,0.05518,High Risk
7.14444,23.375,0.47284,0.017,144,7.12931,7.13082,0.0227,23.35417,23.35714,0,0.4431,0.45477,0.04461,0.017,0.017,0,144,144,0,0.08641,High Risk
7.13082,23.3125,0.50248,0.017,144,7.12779,7.13277,0.00454,23.3125,23.3125,0,0.48102,0.47758,0.02056,0.017,0.017,0,144,144,0,0.0539,High Risk
7.13082,23.3125,0.49491,0.017,144,7.12931,7.13277,0,23.3125,23.3125,0,0.4931,0.48124,-0.00757,0.017,0.017,0,144,144,0,0.05502,High Risk
7.12628,23.25,0.54616,0.017,144,7.12628,7.12628,0,23.25,23.25,0,0.54824,0.53132,0,0.017,0.017,0,144,144,0,0.04454,High Risk
7.12628,23.25,0.56506,0.017,144,7.13082,7.12887,-0.00908,23.25,23.25,0,0.52288,0.5375,0.00637,0.017,0.017,0,144,144,0,0.09591,High Risk
7.12628,23.25,0.53999,0.017,144,7.12779,7.12563,-0.01362,23.25,23.23214,0,0.54218,0.54025,-0.0187,0.017,0.017,0,144,144,0,0.07016,High Risk
7.1626,23.1875,0.62801,0.017,144,7.1399,7.13212,0.03178,23.16667,23.16071,0.0625,0.65149,0.66759,-0.03896,0.017,0.017,0,144,144,0,0.08723,High Risk
7.12174,23.1875,0.58903,0.017,144,7.12325,7.12304,-0.00454,23.1875,23.17857,0,0.57235,0.57235,0.02183,0.017,0.017,0,144,144,0,0.05458,High Risk
7.12628,23.125,0.52987,0.017,144,7.12779,7.13082,-0.00908,23.125,23.16071,0,0.53807,0.513,-0.02461,0.017,0.017,0,144,144,0,0.08714,High Risk
7.12174,23.1875,0.5802,0.017,144,7.12628,7.12369,-0.00454,23.1875,23.1875,0,0.57313,0.55136,-0.00661,0.017,0.017,0,144,144,0,0.09856,High Risk
7.13536,23.125,0.59798,0.017,144,7.13233,7.13017,-0.00454,23.125,23.13393,0,0.52927,0.50803,0.10119,0.017,0.017,0,144,144,0,0.11591,High Risk
7.13536,23.125,0.6925,0.017,144,7.12931,7.12693,0.01362,23.125,23.14286,0,0.69432,0.67179,0.01032,0.017,0.017,0,144,144,0,0.111,High Risk
7.1172,23.125,0.55658,0.017,144,7.12174,7.12693,-0.00908,23.125,23.11607,0,0.57386,0.57736,-0.01492,0.017,0.017,0,144,144,0,0.13272,High Risk
7.12628,23.125,0.49679,0.017,144,7.13082,7.13147,0,23.125,23.125,0,0.4809,0.45418,0.03462,0.017,0.017,0,144,144,0,0.06929,High Risk
7.12174,23.125,0.44151,0.017,144,7.12477,7.13147,-0.00454,23.125,23.125,0,0.46106,0.47842,-0.00338,0.017,0.017,0,144,144,0,0.07174,High Risk
7.14444,23.0625,0.26623,0.017,144,7.14444,7.13406,-0.01362,23.08333,23.08036,0,0.26485,0.25995,0.00311,0.017,0.017,0,144,144,0,0.05315,High Risk
7.11266,23.0625,0.23109,0.017,144,7.12174,7.13276,-0.01816,23.0625,23.0625,0,0.24736,0.2494,-0.0239,0.017,0.017,0,144,144,0,0.07226,High Risk
7.12174,23.125,0.24516,0.017,144,7.12325,7.12628,0,23.125,23.13393,0,0.23948,0.21351,0.00572,0.017,0.017,0,144,144,0,0.07036,High Risk
7.10358,23.5625,0.36175,0.017,144,7.10358,7.10358,0,23.5625,23.5625,0,0.36555,0.37111,0.00278,0.017,0.017,0,144,144,0,0.02459,High Risk
7.09904,23.6875,0.3454,0.017,144,7.11569,7.10682,-0.04994,23.66667,23.65179,0.0625,0.35037,0.34006,-0.01357,0.017,0.017,0,144,144,0,0.08261,High Risk
7.09904,23.6875,0.18642,0.017,144,7.10358,7.10488,-0.01362,23.72917,23.73214,-0.0625,0.21804,0.23555,-0.0465,0.017,0.017,0,144,144,0,0.07276,High Risk
7.12628,23.75,0.20436,0.017,144,7.11569,7.11136,0.01816,23.77083,23.77679,-0.0625,0.2204,0.23416,-0.04567,0.017,0.017,0,144,144,0,0.07117,High Risk
7.11266,23.75,0.19404,0.017,144,7.11115,7.11201,0.00454,23.75,23.75893,0,0.19533,0.19731,-0.00233,0.017,0.017,0,144,144,0,0.03167,High Risk
7.10812,23.6875,0.1236,0.017,144,7.11115,7.11201,-0.00454,23.70833,23.73214,0,0.12498,0.12612,-0.00415,0.017,0.017,0,144,144,0,0.02313,High Risk
7.11266,23.6875,0.14687,0.017,144,7.10963,7.11136,0,23.70833,23.70536,0,0.14656,0.15471,0.0121,0.017,0.017,0,144,144,0,0.0453,High Risk
7.1172,23.6875,0.16928,0.017,144,7.11266,7.11331,0.00454,23.6875,23.6875,0,0.17019,0.17276,-0.00137,0.017,0.017,0,144,144,0,0.01381,High Risk
7.11266,23.6875,0.14807,0.017,144,7.10963,7.11461,0,23.6875,23.67857,0,0.1526,0.14768,-0.00428,0.017,0.017,0,144,144,0,0.05318,High Risk
7.11266,23.625,0.13927,0.017,144,7.11569,7.1185,0.00454,23.64583,23.66071,0,0.1408,0.1425,-0.00288,0.017,0.017,0,144,144,0,0.05181,High Risk
7.10812,23.625,0.10462,0.017,144,7.11417,7.11525,0,23.64583,23.64286,-0.0625,0.10625,0.10869,-0.00312,0.017,0.017,0,144,144,0,0.03716,High Risk
7.1172,23.625,0.16724,0.017,144,7.11417,7.11266,0.00454,23.625,23.61607,0,0.16501,0.15969,0.00401,0.017,0.017,0,144,144,0,0.03624,High Risk
7.1399,23.625,0.20847,0.017,144,7.12174,7.11979,0.02724,23.625,23.625,0,0.22114,0.20876,-0.0181,0.017,0.017,0,144,144,0,0.05016,High Risk
7.12174,23.625,0.30515,0.017,144,7.11417,7.11396,0.01362,23.625,23.625,0,0.2856,0.3036,0.00353,0.017,0.017,0,144,144,0,0.0647,High Risk
7.10812,23.5625,0.37883,0.017,144,7.11266,7.11201,0,23.5625,23.5625,0,0.37594,0.37722,0.00145,0.017,0.017,0,144,144,0,0.02396,High Risk
7.1172,23.5625,0.89993,0.017,144,7.10812,7.11525,0.01362,23.60417,23.57143,-0.0625,0.87488,0.86209,0.01664,0.017,0.017,0,144,144,0,0.08981,High Risk
7.12174,23.5625,0.77205,0.017,144,7.11871,7.12044,0,23.54167,23.54464,0,0.72518,0.75194,-0.0058,0.017,0.017,0,144,144,0,0.16432,High Risk
7.10812,23.5625,0.7837,0.017,144,7.11115,7.1159,-0.00454,23.52083,23.53571,0.0625,0.80887,0.8195,-0.01779,0.017,0.017,0,144,144,0,0.07211,High Risk
7.11266,23.3125,0.83828,0.017,144,7.11417,7.12174,0.00454,23.33333,23.33036,0,0.90133,0.92625,-0.06501,0.017,0.017,0,144,144,0,0.14346,High Risk
7.11266,23.3125,0.69511,0.017,144,7.11115,7.11201,0.00908,23.3125,23.3125,0,0.67462,0.69542,-0.02658,0.017,0.017,0,144,144,0,0.08944,High Risk
7.11266,23.25,0.5121,0.017,144,7.11569,7.11266,-0.00454,23.22917,23.24107,0.0625,0.51929,0.52876,-0.01178,0.017,0.017,0,144,144,0,0.06547,High Risk
7.12174,23.25,0.32343,0.017,144,7.11417,7.11915,0.00908,23.25,23.25893,0,0.326,0.34257,0.00374,0.017,0.017,0,144,144,0,0.08383,High Risk
7.10358,23.25,0.46217,0.017,144,7.10963,7.11007,-0.01816,23.27083,23.26786,0,0.44907,0.44259,0.00699,0.017,0.017,0,144,144,0,0.07061,High Risk
7.11266,23.3125,0.5219,0.017,144,7.10963,7.11071,0,23.29167,23.30357,0,0.51353,0.49897,0,0.017,0.017,0,144,144,0,0.06208,High Risk
7.10358,23.3125,0.4657,0.017,144,7.10963,7.11136,-0.00908,23.29167,23.29464,0.0625,0.50163,0.50604,-0.02733,0.017,0.017,0,144,144,0,0.07994,High Risk
7.10812,23.3125,0.34142,0.017,144,7.11569,7.11396,-0.01816,23.3125,23.30357,0,0.37175,0.38411,-0.04624,0.017,0.017,0,144,144,0,0.06526,High Risk
7.09904,23.375,0.42497,0.017,144,7.09904,7.10099,0,23.39583,23.39286,-0.0625,0.40765,0.40522,0.02216,0.017,0.017,0,144,144,0,0.07696,High Risk
7.08996,23.6875,0.5219,0.017,144,7.0945,7.0932,-0.00908,23.6875,23.66964,0,0.56007,0.59855,-0.0496,0.017,0.017,0,144,144,0,0.10734,High Risk
7.0945,23.75,0.66197,0.017,144,7.0945,7.09385,0,23.72917,23.71429,0,0.64483,0.64944,0.06399,0.017,0.017,0,144,144,0,0.07781,High Risk
7.12174,23.875,0.5802,0.017,144,7.10509,7.09774,0.02724,23.83333,23.83036,0.0625,0.52485,0.51437,0.00436,0.017,0.017,0,144,144,0,0.16529,High Risk
7.09904,23.875,0.40281,0.017,144,7.10661,7.10228,-0.0227,23.89583,23.89286,0,0.46585,0.52815,-0.03534,0.017,0.017,0,144,144,0,0.19893,High Risk
7.09904,24.0625,0.60478,0.017,144,7.09904,7.09904,0,24.0625,24.05357,0,0.58405,0.56515,0.02677,0.017,0.017,0,144,144,0,0.05857,High Risk
7.0945,24.0625,0.57584,0.017,144,7.09753,7.09709,-0.00454,24.0625,24.07143,0,0.56307,0.54474,0.00864,0.017,0.017,0,144,144,0,0.05974,High Risk
7.0945,24.1875,0.46748,0.017,144,7.09753,7.09645,-0.00454,24.1875,24.19643,0,0.47286,0.47859,-0.00717,0.017,0.017,0,144,144,0,0.03629,High Risk
7.09904,24.1875,0.50631,0.017,144,7.09904,7.09774,0,24.1875,24.21429,0,0.5,0.4781,0.00192,0.017,0.017,0,144,144,0,0.10414,High Risk
7.09904,24.3125,0.43317,0.017,144,7.09299,7.0958,0.01362,24.3125,24.3125,0,0.44158,0.42223,-0.01856,0.017,0.017,0,144,144,0,0.05514,High Risk
7.08996,24.4375,0.62801,0.017,144,7.07483,7.08153,0.04085,24.41667,24.42857,0.0625,0.6376,0.63315,-0.00713,0.017,0.017,0,144,144,0,0.10817,High Risk
7.08996,24.4375,0.67453,0.017,144,7.08845,7.08348,0.00454,24.4375,24.42857,0,0.64749,0.63771,0.03459,0.017,0.017,0,144,144,0,0.11386,High Risk
7.08542,24.625,0.34011,0.017,144,7.09147,7.09126,-0.00908,24.58333,24.57143,0.0625,0.36691,0.37428,-0.04459,0.017,0.017,0,144,144,0,0.07926,High Risk
7.09904,24.625,0.14041,0.017,144,7.09601,7.0958,0.00908,24.625,24.61607,0,0.1374,0.14302,0.00619,0.017,0.017,0,144,144,0,0.03805,High Risk
7.0945,24.625,0.07569,0.017,144,7.09299,7.0945,0.00908,24.64583,24.64286,0,0.08153,0.08976,-0.00334,0.017,0.017,0,144,144,0,0.04718,High Risk
7.09904,24.6875,0.0804,0.017,144,7.09904,7.09839,0,24.66667,24.66071,0.0625,0.07502,0.07668,0.00666,0.017,0.017,0,144,144,0,0.04558,High Risk
7.09904,24.625,0.1236,0.017,144,7.09753,7.09839,0,24.625,24.64286,0,0.11944,0.11808,0.00746,0.017,0.017,0,144,144,0,0.0275,High Risk
7.0945,24.625,0.10729,0.017,144,7.0945,7.09645,0.00454,24.625,24.61607,0,0.09937,0.10317,0.01511,0.017,0.017,0,144,144,0,0.03837,High Risk
7.09904,24.5,0.51796,0.017,144,7.09904,7.09904,0,24.5,24.5,0,0.49707,0.50525,0.04151,0.017,0.017,0,144,144,0,0.03908,High Risk
7.09904,24.4375,0.78077,0.017,144,7.09753,7.09774,0.00454,24.41667,24.41964,0.0625,0.7683,0.82856,0.0287,0.017,0.017,0,144,144,0,0.1549,High Risk
7.09904,24.375,0.73535,0.017,144,7.09904,7.09709,0,24.375,24.375,0,0.77092,0.81796,-0.02238,0.017,0.017,0,144,144,0,0.12439,High Risk
7.09904,24.25,0.672,0.017,144,7.09904,7.09904,0,24.29167,24.30357,-0.0625,0.62124,0.60133,0.03686,0.017,0.017,0,144,144,0,0.10267,High Risk
7.09904,24.3125,0.79552,0.017,144,7.09904,7.09904,0,24.3125,24.30357,0,0.79454,0.80285,0.00593,0.017,0.017,0,144,144,0,0.03494,High Risk
7.09904,24.1875,0.73535,0.017,144,7.09753,7.09774,0,24.1875,24.1875,0,0.68218,0.73924,0.13511,0.017,0.017,0,144,144,0,0.17833,High Risk
7.09904,24.1875,0.82584,0.017,144,7.09904,7.10163,0,24.1875,24.17857,0,0.81875,0.77627,-0.00309,0.017,0.017,0,144,144,0,0.1125,High Risk
7.09904,24.1875,0.70298,0.017,144,7.09753,7.09709,0,24.1875,24.1875,0,0.73105,0.73121,-0.04909,0.017,0.017,0,144,144,0,0.04276,High Risk
7.1172,24.125,0.7985,0.017,144,7.10509,7.10099,0.01816,24.14583,24.13393,-0.0625,0.75468,0.67658,0.04924,0.017,0.017,0,144,144,0,0.19844,High Risk
7.09904,24.0625,0.68218,0.017,144,7.09753,7.09774,0.00454,24.08333,24.10714,0,0.69958,0.72765,-0.0261,0.017,0.017,0,144,144,0,0.10025,High Risk
7.09904,24.0625,0.76916,0.017,144,7.10055,7.09904,0,24.0625,24.0625,0,0.7663,0.78301,0,0.017,0.017,0,144,144,0,0.05704,High Risk
7.09904,24,0.69772,0.017,144,7.10055,7.10293,-0.00454,24,23.99107,0,0.6986,0.67438,-0.00526,0.017,0.017,0,144,144,0,0.08908,High Risk
7.09904,24,0.23477,0.017,144,7.09601,7.09774,0.00454,24,24,0,0.21521,0.35263,0.01872,0.017,0.017,0,144,144,0,0.29809,High Risk
7.09904,24,0.52587,0.017,144,7.09753,7.09645,0,24,24,0,0.52922,0.55464,0,0.017,0.017,0,144,144,0,0.05639,High Risk
7.0945,24,0.52587,0.017,144,7.10207,7.09839,0.00454,23.97917,23.98214,0,0.59006,0.56805,-0.09042,0.017,0.017,0,144,144,0,0.12709,High Risk
7.0945,24,0.49303,0.017,144,7.09601,7.09645,0,23.97917,24,0.0625,0.52367,0.5517,-0.05106,0.017,0.017,0,144,144,0,0.08732,High Risk
7.08996,24.0625,0.49303,0.017,144,7.09299,7.09385,-0.00908,24.02083,24.01786,0.0625,0.47142,0.40872,0.01838,0.017,0.017,0,144,144,0,0.16058,High Risk
7.08996,24.1875,0.66697,0.017,144,7.08845,7.08737,0,24.14583,24.14286,0.0625,0.65063,0.613,0.01242,0.017,0.017,0,144,144,0,0.12439,High Risk
7.08996,24.1875,0.78664,0.017,144,7.08996,7.08996,0,24.1875,24.1875,0,0.78763,0.73264,0.00294,0.017,0.017,0,144,144,0,0.12277,High Risk
7.08542,24.25,0.83204,0.017,144,7.08542,7.08153,0,24.25,24.25,0,0.82487,0.87297,0,0.017,0.017,0,144,144,0,0.14898,High Risk
7.08542,24.6875,0.38175,0.017,144,7.08542,7.08412,0,24.6875,24.69643,0,0.3912,0.43153,-0.01342,0.017,0.017,0,144,144,0,0.09556,High Risk
7.08542,24.9375,0.30045,0.017,144,7.0824,7.07959,0.00907,24.89583,24.90179,0.0625,0.3096,0.31335,-0.01433,0.017,0.017,0,144,144,0,0.06344,High Risk
7.07635,24.875,0.1387,0.017,144,7.07786,7.07829,-0.00907,24.91667,24.90179,-0.0625,0.14223,0.15949,0,0.017,0.017,0,144,144,0,0.07389,High Risk
7.08088,24.875,0.09024,0.017,144,7.08542,7.08477,-0.00454,24.85417,24.84821,0,0.11548,0.11917,-0.03285,0.017,0.017,0,144,144,0,0.06038,High Risk
7.07635,24.875,0.08722,0.017,144,7.08391,7.08348,-0.00907,24.85417,24.85714,0,0.09119,0.09572,-0.00496,0.017,0.017,0,144,144,0,0.03515,Moderate Risk
7.07635,24.8125,0.10331,0.017,144,7.08543,7.08413,0.00454,24.8125,24.82143,0,0.1026,0.09643,-0.00044,0.017,0.017,0,144,144,0,0.04835,High Risk
7.08088,24.6875,0.75207,0.017,144,7.08693,7.08542,-0.00908,24.6875,24.69643,0,0.7151,0.66926,0.03846,0.017,0.017,0,144,144,0,0.13026,High Risk
7.08542,24.5625,0.89993,0.017,144,7.08845,7.08866,-0.00908,24.58333,24.58036,0,0.9067,1.04427,-0.01695,0.017,0.017,0,144,144,0,0.34507,High Risk
7.08542,24.5,0.92374,0.017,144,7.09147,7.08737,-0.01362,24.54167,24.5625,-0.0625,0.95845,1.00728,-0.01389,0.017,0.017,0,144,144,0,0.14493,High Risk
7.08996,24.5625,1.30096,0.017,144,7.08845,7.08866,0.00454,24.5625,24.5625,0,1.18124,1.1093,0.15872,0.017,0.017,0,144,144,0,0.26605,High Risk
7.08996,24.5625,1.22585,0.017,144,7.09147,7.08737,-0.00454,24.54167,24.55357,0,1.18307,1.16325,0.04473,0.017,0.017,0,144,144,0,0.11915,High Risk
7.0945,24.4375,0.94818,0.017,144,7.08391,7.08672,0.01362,24.41667,24.42857,0,0.92618,0.93577,0.02788,0.017,0.017,0,144,144,0,0.0599,High Risk
7.0945,24.375,0.99156,0.017,144,7.08694,7.08672,0.00454,24.375,24.375,0,0.98694,0.96183,0.03628,0.017,0.017,0,144,144,0,0.14952,High Risk
7.08542,24.3125,0.96602,0.017,144,7.08996,7.08996,0,24.3125,24.3125,0,0.99175,1.00613,-0.04795,0.017,0.017,0,144,144,0,0.07871,High Risk
7.0945,24.25,0.96602,0.017,144,7.09147,7.09126,0.00908,24.25,24.25,0,0.96377,1.02502,0.06609,0.017,0.017,0,144,144,0,0.20874,High Risk
7.0945,24.0625,0.83204,0.017,144,7.09147,7.09061,0.00908,24.10417,24.08929,-0.0625,0.74436,0.75355,0.11575,0.017,0.017,0,144,144,0,0.19273,High Risk
7.08542,24,0.89658,0.017,144,7.08996,7.08737,-0.00908,24.04167,24.04464,-0.0625,0.81657,0.76457,0.10403,0.017,0.017,0,144,144,0,0.20624,High Risk
7.07635,24,0.81968,0.017,144,7.07937,7.08283,0,24.02083,24.00893,0,0.79714,0.75929,0,0.017,0.017,0,144,144,0,0.11785,High Risk
7.05819,25.0625,0.20193,0.017,144,7.06576,7.06532,-0.00908,25.08333,25.08929,-0.0625,0.21874,0.22595,-0.01758,0.017,0.017,0,144,144,0,0.06147,High Risk
7.0945,24,0.41217,0.017,144,7.07937,7.077,0.02723,24,24,0,0.40397,0.37117,-0.03272,0.017,0.017,0,144,144,0,0.12086,High Risk
7.06727,23.9375,0.2442,0.017,144,7.06727,7.06857,0,23.9375,23.9375,0,0.22699,0.35874,0.00381,0.017,0.017,0,144,144,0,0.26188,High Risk
7.06727,23.75,1.00645,0.017,144,7.06424,7.06857,0,23.75,23.75893,0,0.98448,0.89175,0.01119,0.017,0.017,0,144,144,0,0.30189,High Risk
7.06727,23.6875,0.95172,0.017,144,7.06878,7.07051,-0.00454,23.72917,23.73214,-0.0625,0.94373,0.9375,-0.0143,0.017,0.017,0,144,144,0,0.07919,High Risk
7.08088,23.5625,0.80149,0.017,144,7.07483,7.07505,0.01361,23.5625,23.5625,0,0.93069,0.97631,-0.18638,0.017,0.017,0,144,144,0,0.20415,High Risk
7.07181,23.5,0.77205,0.017,144,7.07635,7.0757,0,23.5,23.5,0,0.7478,0.79247,0.05844,0.017,0.017,0,144,144,0,0.10356,High Risk
7.07635,23.4375,0.54409,0.017,144,7.07484,7.077,0,23.4375,23.42857,0,0.5498,0.5637,0.03004,0.017,0.017,0,144,144,0,0.08648,High Risk
7.07635,23.4375,0.48192,0.017,144,7.07635,7.06727,0,23.4375,23.41964,0,0.45386,0.43397,0.04041,0.017,0.017,0,144,144,0,0.09473,High Risk
7.07181,23.6875,0.45345,0.017,144,7.06878,7.06727,0.00454,23.625,23.55357,0.0625,0.42522,0.49576,-0.12456,0.017,0.017,0,144,144,0,0.30344,High Risk
7.04911,24.125,0.8045,0.017,144,7.05062,7.05365,0,23.95833,23.85714,0.25,0.67217,0.57864,0.18821,0.017,0.017,0,144,144,0,0.37301,High Risk
6.9901,24.5,0.58239,0.017,144,6.98556,6.9914,0.00908,24.4375,24.3125,0.0625,0.84028,0.88953,-0.30752,0.017,0.017,0,144,144,0,0.52665,High Risk
6.94016,25.3125,1.34021,0.017,144,6.93411,6.93043,0,25.3125,25.25893,0,1.23762,1.24138,0.10979,0.017,0.017,0,144,144,0,0.28248,High Risk
6.92654,25.8125,0.87999,0.017,144,6.93108,6.91941,-0.02724,25.75,25.75,0.0625,0.87474,0.82112,-0.05067,0.017,0.017,0,144,144,0,0.21484,High Risk
6.94924,24.375,1.73173,0.017,144,6.94924,6.95119,0,24.375,24.40179,0,1.60519,1.44389,0.12399,0.017,0.017,0,144,144,0,0.38367,High Risk
6.91746,25,1.08426,0.017,144,6.92503,6.9233,-0.01362,24.95833,24.95536,0.0625,1.0843,1.09522,-0.01217,0.017,0.017,0,144,144,0,0.32941,High Risk
6.9447,24.375,1.2396,0.017,144,6.94319,6.9434,0.00908,24.375,24.40179,0,1.29032,1.3895,-0.05653,0.017,0.017,0,144,144,0,0.22026,High Risk
6.93108,24.5625,2.42037,0.017,144,6.92957,6.93108,0,24.5625,24.58036,0,2.3877,2.14952,0.02691,0.017,0.017,0,144,144,0,0.68792,High Risk
6.89023,25.125,3.83672,0.017,144,6.89023,6.89736,-0.00454,25.16667,25.20536,-0.0625,3.77163,3.87704,-0.02902,0.017,0.017,0,144,144,0,0.81888,High Risk
6.89023,24.0625,3.9992,0.017,144,6.88569,6.88504,0.00908,24.0625,24.08036,0,3.68432,3.42656,0.23407,0.017,0.017,0,144,144,0,1.23865,High Risk
6.88115,23.3125,4.01432,0.017,144,6.89628,6.88763,-0.04539,23.3125,23.32143,0,3.66942,2.97079,0.06012,0.017,0.017,0,144,144,0,1.57872,High Risk
6.87207,23.375,3.33837,0.017,144,6.87358,6.87466,0,23.375,23.34821,0,3.97523,4.29822,-0.75244,0.017,0.017,0,144,144,0,1.04416,High Risk
6.922,23.625,3.63971,0.017,144,6.8872,6.87985,0.05901,23.60417,23.50893,-0.0625,3.87732,3.26825,-1.26692,0.017,0.017,0,144,144,0,1.95469,High Risk
6.86299,23.75,3.301,0.017,144,6.86299,6.87401,0.00454,23.75,23.64286,0,3.48765,3.52481,0.5014,0.017,0.017,0,144,144,0,1.79889,High Risk
6.85845,23.8125,1.8378,0.017,144,6.85845,6.86947,0,23.79167,23.75,0.0625,2.561,3.11224,-1.07934,0.017,0.017,0,144,144,0,1.64238,High Risk
6.84937,24.5,1.93597,0.017,144,6.84634,6.84353,0.00908,24.47917,24.49107,0.0625,2.28736,2.39401,-0.029,0.017,0.017,0,144,144,0,1.18414,High Risk
4.51155,26.3125,3.57871,0.017,144,4.51004,4.5135,0.00454,26.29167,26.28571,0.0625,3.10892,3.12494,0.94982,0.017,0.017,0,144,144,0,0.76617,High Risk
4.58418,26.25,3.17765,0.017,144,4.57056,4.55175,0.00454,26.25,26.26786,0,2.37927,1.84033,1.02779,0.017,0.017,0,144,144,0,1.41605,High Risk
4.74306,26.3125,2.73868,0.017,144,4.75214,4.80791,-0.02724,26.3125,26.3125,0,3.21386,3.7634,-1.04506,0.017,0.017,0,144,144,0,1.44187,High Risk
4.55694,26.875,4.67637,0.017,144,4.54786,4.58159,0.02269,26.875,26.875,0,4.54864,4.40256,0,0.017,0.017,0,144,144,0,0.54857,High Risk
8.90121,23.625,4.20044,0.017,266,8.91785,8.65349,-0.00454,23.625,23.39286,0,4.40758,4.08443,-0.54127,0.017,0.017,0,288.66667,275.71429,-34,1.68209,High Risk
7.18075,27,0.00116,0.017,298,7.17621,7.16454,-0.00454,27,27.00893,0,2.92451,3.84804,-4.90547,0.017,0.017,0,276.66667,270.57143,32,3.5049,Low Risk
7.18983,27,0.00116,0.017,300,7.18529,7.17167,0.00908,27,27.00893,0,1.63632,3.20341,0,0.017,0.017,0,288,275.42857,2,4.47107,Low Risk
7.22161,27,0.00116,0.017,298,7.20345,7.18983,0.01816,27,27,0.0625,3.25916,2.65031,-4.84985,0.017,0.017,0,287.66667,284.71429,32,5.0645,Low Risk
7.24431,27,0.00116,0.017,298,7.23977,7.22485,0.00908,26.95833,26.96429,0.0625,0.00116,1.30906,0,0.017,0.017,0,297,288.42857,-1,4.55479,Low Risk
7.24431,27,0.00116,0.017,299,7.24128,7.2281,0,26.97917,26.96429,0,0.00116,1.30906,0,0.017,0.017,0,298.66667,288.57143,1,4.55662,Low Risk
7.25338,27,0.00116,0.017,300,7.24733,7.24236,0.00907,26.97917,26.96429,0.0625,0.00116,0.00116,0,0.017,0.017,0,299.33333,298.14286,1,0.02939,Low Risk
7.24885,27,0.00116,0.017,299,7.24885,7.24431,-0.00453,26.97917,26.97321,0,0.00116,0.00116,0,0.017,0.017,0,299.33333,298.28571,-1,0.02842,Low Risk
7.24431,27,4.32945,0.017,266,7.24431,7.24885,0,26.95833,26.95536,0.0625,4.4184,4.2615,-0.08271,0.017,0.017,0,277,270.71429,-33,0.65868,Moderate Risk
7.18983,27,4.67027,0.017,266,7.2322,7.23782,-0.07263,26.95833,26.96429,0.0625,4.46143,3.82093,0.15669,0.017,0.017,0,266,266,0,1.43293,Moderate Risk
7.24431,26.9375,4.96292,0.017,295,7.22766,7.23458,0.06356,26.97917,26.95536,-0.0625,4.58366,4.72921,0.32795,0.017,0.017,0,275.66667,270.14286,29,0.66533,High Risk
7.23977,27,4.16881,0.017,266,7.23674,7.23653,0.01362,26.97917,26.98214,0,4.5448,4.69645,-0.53704,0.017,0.017,0,288.33333,294.42857,-33,0.51201,Moderate Risk
7.21253,26.875,4.26444,0.017,266,7.20799,7.20475,0.01362,26.875,26.89286,0,4.10339,4.1706,0.49931,0.017,0.017,0,266,266,0,0.41162,High Risk
7.18075,26.875,3.90971,0.017,266,7.18226,7.18594,-0.00454,26.89583,26.88393,0,3.89021,3.88339,0.05851,0.017,0.017,0,266,266,0,0.208,High Risk
7.1626,26.6875,3.63971,0.017,266,7.17167,7.17297,-0.01361,26.66667,26.66964,0,3.61704,3.53312,0.01367,0.017,0.017,0,266,266,0,0.23108,High Risk
7.17621,26.5625,4.70585,0.017,266,7.17167,7.16778,0.00908,26.5625,26.59821,0,4.75445,4.7634,0.01783,0.017,0.017,0,266,266,0,0.24067,High Risk
7.1626,26.5625,3.36352,0.017,266,7.15957,7.1626,0.01362,26.5625,26.53571,0,3.53898,3.78622,-0.19498,0.017,0.017,0,266,266,0,0.57946,High Risk
7.15352,26.5,3.5585,0.017,266,7.15957,7.16454,-0.00454,26.5,26.50893,0,3.65902,3.71798,-0.09493,0.017,0.017,0,266,266,0,0.22045,High Risk
7.17167,26.5,2.96113,0.017,266,7.16865,7.16519,0.00907,26.45833,26.44643,0.0625,3.02929,3.11955,-0.03343,0.017,0.017,0,266,266,0,0.28661,High Risk
7.17167,26.1875,0.00116,0.017,299,7.16562,7.15806,0.00907,26.1875,26.19643,0,0.00116,0.00116,0,0.017,0.017,0,298.66667,299.14286,1,0.02997,Moderate Risk
7.15806,26.125,0.00116,0.017,298,7.15806,7.17362,0,26.125,26.125,0,0.00116,0.00116,0,0.017,0.017,0,296.33333,296,6,0.0671,Moderate Risk
7.14444,26.0625,0.00116,0.017,297,7.14898,7.16584,-0.00908,26.10417,26.11607,-0.0625,0.00116,0.00116,0,0.017,0.017,0,296.33333,297.28571,-1,0.06795,Moderate Risk
7.15806,26.0625,0.00116,0.017,300,7.15352,7.15806,0,26.08333,26.10714,-0.0625,0.00116,0.00116,0,0.017,0.017,0,298,297.14286,3,0.04145,Moderate Risk
7.14444,26.125,0.00116,0.017,293,7.14444,7.15157,0.00454,26.08333,26.10714,0.0625,0.00116,0.00116,0,0.017,0.017,0,296.33333,297,-5,0.03252,Moderate Risk
7.14444,26,3.72283,0.017,266,7.14898,7.15028,-0.01362,25.97917,25.97321,0,4.35446,4.49997,-0.94744,0.017,0.017,0,287.33333,287.28571,-32,0.72753,High Risk
7.15806,25.9375,0.00116,0.017,298,7.1626,7.15935,-0.00907,25.89583,25.91071,0.0625,2.67034,3.06749,-4.52956,0.017,0.017,0,276.66667,266.42857,32,3.076,Moderate Risk
7.15806,25.8125,0.00116,0.017,291,7.14747,7.14898,0.01362,25.77083,25.79464,0.0625,0.00116,0.00116,0,0.017,0.017,0,287.66667,292.57143,16,0.02697,Moderate Risk
7.14444,25.8125,0.00116,0.017,287,7.15049,7.15157,-0.00908,25.79167,25.79464,0.0625,0.00116,0.00116,0,0.017,0.017,0,291.33333,293.42857,-4,0.03404,Moderate Risk
7.1626,25.75,0.00116,0.017,294,7.15352,7.15093,0.01816,25.77083,25.78571,-0.0625,0.00116,0.00116,0,0.017,0.017,0,290.66667,293.71429,7,0.03316,Moderate Risk
7.15806,25.75,0.00116,0.017,298,7.14898,7.14898,0.00908,25.75,25.75,0,0.00116,0.00116,0,0.017,0.017,0,295,294.71429,1,0.02097,Moderate Risk
7.1399,25.75,0.00116,0.017,293,7.14898,7.15222,-0.01816,25.75,25.75,0,0.00116,0.00116,0,0.017,0.017,0,293,293.85714,-1,0.01869,Moderate Risk
7.15806,25.6875,0.00116,0.017,291,7.14141,7.14379,0.08625,25.70833,25.70536,0,0.00116,0.00116,0,0.017,0.017,0,290.33333,290.14286,2,0.08815,Moderate Risk
7.14898,25.5625,0.00116,0.017,285,7.14293,7.14444,0,25.58333,25.58036,0,0.00116,0.00116,0,0.017,0.017,0,286,287.57143,0,0.03098,Moderate Risk
7.14444,25.625,0.00116,0.017,289,7.14444,7.13925,0.00454,25.58333,25.57143,0.0625,0.00116,0.00116,0,0.017,0.017,0,291.33333,288.71429,1,0.02874,Moderate Risk
7.14898,25.5625,0.00116,0.017,289,7.14595,7.14833,0,25.52083,25.51786,0.0625,0.00116,0.00116,0,0.017,0.017,0,292.33333,292.85714,0,0.05482,Moderate Risk
7.1399,25.5,0.00116,0.017,293,7.14595,7.14768,-0.00908,25.52083,25.52679,-0.0625,0.00116,0.00116,0,0.017,0.017,0,290.33333,293.14286,4,0.04846,Moderate Risk
7.1399,25.5,0.00116,0.017,293,7.14293,7.14379,-0.00454,25.5,25.50893,0,0.00116,0.00116,0,0.017,0.017,0,293.66667,293,3,0.01998,Moderate Risk
7.14898,25.5,0.00116,0.017,286,7.14747,7.14055,-0.00454,25.47917,25.5,0,0.00116,0.00116,0,0.017,0.017,0,294.33333,291.57143,-11,0.04499,Moderate Risk
7.13082,25.4375,0.00116,0.017,289,7.14444,7.1412,-0.0227,25.4375,25.45536,0,0.00116,0.00116,0,0.017,0.017,0,293,292.71429,-2,0.03536,Moderate Risk
7.14444,25.4375,0.00116,0.017,299,7.14444,7.14314,-0.00454,25.4375,25.46429,0,0.00116,0.00116,0,0.017,0.017,0,291.66667,291.71429,11,0.02924,Moderate Risk
7.14444,25.375,0.00116,0.017,300,7.13687,7.14314,0.01362,25.39583,25.41071,-0.0625,0.00116,0.00116,0,0.017,0.017,0,292.33333,288.85714,12,0.03465,Moderate Risk
7.13082,25.375,0.00116,0.017,288,7.14141,7.13601,-0.01362,25.375,25.39286,0,0.00116,0.00116,0,0.017,0.017,0,288,288,0,0.04775,Moderate Risk
7.1626,25.375,0.00116,0.017,288,7.14444,7.14379,0.0227,25.35417,25.36607,0.0625,0.00116,0.00116,0,0.017,0.017,0,292.66667,290.42857,-12,0.03172,Moderate Risk
7.14898,25.375,0.00116,0.017,285,7.15201,7.14833,0,25.375,25.375,0,0.00116,0.00116,0,0.017,0.017,0,290.66667,288.57143,-3,0.01329,Moderate Risk
7.14444,25.3125,0.00116,0.017,290,7.14444,7.13925,0.00908,25.3125,25.33929,0,0.00116,0.00116,0,0.017,0.017,0,286,286.57143,16,0.03859,Moderate Risk
7.12628,25.3125,0.00116,0.017,288,7.13536,7.13536,-0.01362,25.3125,25.30357,0,0.00116,0.00116,0,0.017,0.017,0,286,286.85714,5,0.02353,Moderate Risk
7.12628,25.3125,0.00116,0.017,285,7.13687,7.13731,-0.01816,25.3125,25.29464,0,0.00116,0.00116,0,0.017,0.017,0,283.66667,286,7,0.03476,Moderate Risk
7.1399,25.3125,0.00116,0.017,286,7.1399,7.1399,0,25.29167,25.26786,0,0.00116,0.00116,0,0.017,0.017,0,292,292.28571,-14,0.02912,Moderate Risk
7.12628,25.25,0.00116,0.017,299,7.13082,7.13536,-0.01816,25.25,25.25,0,0.00116,0.00116,0,0.017,0.017,0,291,291,14,0.02097,Moderate Risk
7.13082,25.25,0.00116,0.017,287,7.13385,7.13601,-0.00908,25.22917,25.24107,0,0.00116,0.00116,0,0.017,0.017,0,287,287,0,0.0261,Moderate Risk
7.13082,25.125,4.92532,0.017,266,7.14141,7.13795,-0.01362,25.1875,25.16964,-0.125,3.2715,1.40273,0.0373,0.017,0.017,0,275.33333,286.28571,0,4.8476,High Risk
7.08542,25.1875,0.00116,0.017,295,7.1172,7.12887,-0.05902,25.1875,25.1875,0,0.00116,1.40273,0,0.017,0.017,0,296.33333,287.85714,0,4.84888,Moderate Risk
7.13082,25.1875,0.00116,0.017,289,7.13536,7.1386,-0.00454,25.1875,25.1875,0,0.00116,0.00116,0,0.017,0.017,0,291.33333,291.57143,-3,0.01634,Moderate Risk
7.1399,25.1875,0.00116,0.017,291,7.13687,7.1386,0,25.1875,25.1875,0,0.00116,0.00116,0,0.017,0.017,0,290.33333,290.57143,4,0.01138,Moderate Risk
7.13082,25.1875,4.07539,0.017,266,7.1399,7.1399,0.00908,25.1875,25.16071,0,4.41012,1.89072,-0.83124,0.017,0.017,0,275.66667,285.57143,-29,4.78686,High Risk
7.1399,25.1875,0.00116,0.017,292,7.14444,7.14314,-0.00908,25.1875,25.1875,0,0.00116,1.89072,0,0.017,0.017,0,294.33333,286.14286,-5,4.76956,Moderate Risk
7.14444,25.1875,4.92532,0.017,291,7.14141,7.14249,0.00454,25.14583,25.16964,0.0625,3.2777,1.40539,0.01869,0.017,0.017,0,292.33333,292,-2,4.83828,High Risk
7.14898,25.125,0.00116,0.017,299,7.14293,7.13795,0.00908,25.14583,25.13393,-0.0625,0.00116,0.65813,0,0.017,0.017,0,295.66667,291.42857,-1,3.50621,Moderate Risk
7.12628,25.125,0.00116,0.017,288,7.13233,7.13795,-0.00454,25.10417,25.10714,0,0.00116,0.67838,0,0.017,0.017,0,289,292,-2,3.63465,Moderate Risk
7.13536,25.125,0.00116,0.017,288,7.13536,7.13341,-0.00908,25.125,25.10714,0,0.00116,0.00116,0,0.017,0.017,0,288.66667,290.28571,-2,0.04242,Moderate Risk
7.14444,25.125,0.00116,0.017,289,7.13687,7.14509,0.0227,25.125,25.125,0,0.00116,0.00116,0,0.017,0.017,0,292.33333,291.42857,-6,0.03291,High Risk
7.13082,25.125,0.00116,0.017,289,7.13839,7.13925,-0.01362,25.125,25.13393,0,0.00116,0.00116,0,0.017,0.017,0,290.33333,290.42857,-3,0.02403,Moderate Risk
7.1399,25.125,0.00116,0.017,285,7.13839,7.13731,0.01362,25.125,25.125,0,0.00116,0.00116,0,0.017,0.017,0,287,289.14286,-8,0.01646,Moderate Risk
7.12628,25.125,0.00116,0.017,295,7.14746,7.13471,-0.04993,25.16667,25.16964,-0.0625,0.00116,0.00116,0,0.017,0.017,0,278.33333,281.71429,-5,0.05531,Moderate Risk
7.14444,25.1875,0.00116,0.017,283,7.13536,7.13731,0.00454,25.1875,25.1875,0,0.00116,0.00116,0,0.017,0.017,0,289,287.57143,-3,0.01646,Moderate Risk
7.1399,25.1875,0.00116,0.017,286,7.1399,7.1386,0,25.1875,25.1875,0,0.00116,0.00116,0,0.017,0.017,0,285.66667,283.42857,1,0.01138,Moderate Risk
7.1172,25.25,0.00116,0.017,281,7.12174,7.12174,-0.00908,25.27083,25.27679,0,0.00116,0.00116,0,0.017,0.017,0,282.33333,283.28571,-1,0.02719,Moderate Risk
7.11266,25.375,0.00116,0.017,290,7.11417,7.11785,-0.00908,25.39583,25.41964,0,0.00116,0.00116,0,0.017,0.017,0,289.33333,288.42857,1,0.02854,Moderate Risk
7.12174,25.4375,4.83261,0.017,285,7.12174,7.13276,0.00454,25.4375,25.42857,0,4.47509,3.69126,0.28469,0.017,0.017,0,288,280.71429,-1,3.43717,High Risk
7.12174,25.4375,0.00116,0.017,281,7.12325,7.12498,0,25.41667,25.42857,0,0.00116,0.00116,0,0.017,0.017,0,282.66667,282.42857,-4,0.01868,Moderate Risk
7.12628,25.5625,0.00116,0.017,279,7.12931,7.12369,0.00454,25.5625,25.5625,0,0.00116,0.00116,0,0.017,0.017,0,280.33333,278.85714,-2,0.0156,Moderate Risk
7.13082,25.5625,0.00116,0.017,284,7.12477,7.13666,0.00908,25.58333,25.57143,0,0.00116,0.00116,0,0.017,0.017,0,288.66667,287.57143,-13,0.07949,Moderate Risk
7.13082,25.625,0.00116,0.017,282,7.14898,7.14314,-0.04539,25.625,25.60714,0,0.00116,0.00116,0,0.017,0.017,0,282.66667,283.71429,0,0.04613,Moderate Risk
7.1399,25.625,0.00116,0.017,286,7.13385,7.12887,0.01816,25.625,25.625,0,0.00116,0.00116,0,0.017,0.017,0,288.33333,285,-8,0.01805,Moderate Risk
7.12174,25.6875,0.00116,0.017,293,7.12174,7.12369,0.00454,25.6875,25.6875,0,0.00116,0.00116,0,0.017,0.017,0,284.66667,285.28571,14,0.00886,Moderate Risk
7.1399,25.875,0.00116,0.017,296,7.13536,7.13666,0.01362,25.83333,25.84821,0.0625,0.00116,0.00116,0,0.017,0.017,0,291.33333,282.57143,11,0.02924,Moderate Risk
7.14444,25.75,0.00116,0.017,291,7.13839,7.14184,0,25.79167,25.79464,-0.0625,0.00116,0.00116,0,0.017,0.017,0,290.66667,288.85714,-3,0.05713,Moderate Risk
7.12628,25.8125,0.00116,0.017,283,7.13687,7.13666,-0.00908,25.8125,25.82143,0,0.00116,0.00116,0,0.017,0.017,0,284.33333,285.85714,-2,0.03624,Moderate Risk
7.1626,25.9375,0.00116,0.017,298,7.14747,7.14574,0.02724,25.91667,25.91071,0.0625,0.00116,0.00116,0,0.017,0.017,0,292.66667,289.71429,3,0.0354,Moderate Risk
7.1399,25.9375,4.4289,0.017,266,7.1399,7.14444,-0.00454,25.95833,25.95536,0,3.63621,1.55904,1.46777,0.017,0.017,0,268,273.28571,0,4.01173,High Risk
7.14444,25.875,0.00116,0.017,290,7.14444,7.14314,-0.00454,25.91667,25.94643,-0.0625,1.47707,1.55904,0,0.017,0.017,0,282.66667,273.57143,-2,4.00929,Moderate Risk
7.1399,25.9375,0.00116,0.017,290,7.13385,7.1386,0.00908,25.9375,25.95536,0,0.00116,1.39237,0,0.017,0.017,0,290.66667,291.14286,5,4.78192,Moderate Risk
7.14444,25.9375,0.00116,0.017,290,7.13839,7.1399,0.00454,25.9375,25.94643,0,0.00116,0.70998,0,0.017,0.017,0,288.33333,290.85714,0,3.77642,Moderate Risk
7.14898,25.9375,0.00116,0.017,290,7.14595,7.15287,0,25.9375,25.94643,0,0.00116,0.00116,0,0.017,0.017,0,290.33333,290.42857,-2,0.04301,Moderate Risk
7.14898,25.9375,0.00116,0.017,298,7.15957,7.15352,0,25.95833,25.94643,-0.0625,0.00116,0.00116,0,0.017,0.017,0,296,293.57143,1,0.03583,Moderate Risk
7.15806,26,0.00116,0.017,294,7.15201,7.15482,0.00908,25.97917,25.96429,0,0.00116,0.00116,0,0.017,0.017,0,295,294.28571,1,0.04056,Moderate Risk
7.1626,26,0.00116,0.017,291,7.15049,7.15028,0.01816,25.97917,25.97321,0,0.00116,0.00116,0,0.017,0.017,0,288,291.71429,9,0.03126,Moderate Risk
7.1399,26,0.00116,0.017,282,7.13839,7.1399,0.00908,26,26,0,0.00116,0.00116,0,0.017,0.017,0,284.33333,284.85714,1,0.0189,Moderate Risk
7.15352,26,0.00116,0.017,286,7.14898,7.14898,0.00454,26,25.97321,0,0.00116,0.00116,0,0.017,0.017,0,288.33333,288.14286,-11,0.02719,Moderate Risk
7.20345,26,0.00116,0.017,278,7.17016,7.15157,0.04539,26,25.99107,0,0.00116,0.00116,0,0.017,0.017,0,282,280.71429,-11,0.06177,Moderate Risk
7.11266,26,0.00116,0.017,282,7.13082,7.13536,-0.02724,26,25.98214,0,0.00116,0.00116,0,0.017,0.017,0,281.66667,284.14286,0,0.05483,Moderate Risk
7.14444,25.9375,0.00116,0.017,283,7.14898,7.14639,-0.01362,25.97917,25.99107,-0.0625,0.00116,0.00116,0,0.017,0.017,0,284,287,0,0.02336,Moderate Risk
7.14444,26,0.00116,0.017,286,7.14898,7.14898,-0.01362,25.95833,25.98214,0.0625,0.00116,0.00116,0,0.017,0.017,0,284,284,3,0.02809,Moderate Risk
7.1399,26.0625,0.00116,0.017,282,7.15352,7.14574,-0.0227,26.0625,26.0625,0,0.00116,0.00116,0,0.017,0.017,0,284.66667,281.42857,1,0.02011,Moderate Risk
7.14898,26.125,0.00116,0.017,281,7.14747,7.14509,0.00454,26.08333,26.07143,0.0625,0.00116,0.00116,0,0.017,0.017,0,284.66667,283,0,0.02874,Moderate Risk
7.15352,26.0625,0.00116,0.017,279,7.15201,7.14768,0.00908,26.10417,26.09821,-0.0625,0.00116,0.00116,0,0.017,0.017,0,281.33333,283.42857,0,0.03386,Moderate Risk
7.14444,26.1875,0.00116,0.017,288,7.14293,7.13925,0.00454,26.16667,26.14286,0.0625,0.00116,0.00116,0,0.017,0.017,0,282.66667,285.14286,7,0.02746,Moderate Risk
7.14898,26.1875,0.00116,0.017,281,7.14444,7.14055,0.00454,26.16667,26.15179,0,0.00116,0.00116,0,0.017,0.017,0,283.33333,284.14286,-7,0.03099,Moderate Risk
7.14444,26.1875,0.00116,0.017,283,7.14898,7.14898,-0.00454,26.1875,26.1875,0,0.00116,0.00116,0,0.017,0.017,0,282,284.14286,3,0.01048,Moderate Risk
7.1626,26.25,0.00116,0.017,281,7.27306,7.20086,-0.31776,26.27083,26.21429,-0.0625,0.00116,0.00116,0,0.017,0.017,0,282.66667,284.85714,2,0.28301,Moderate Risk
7.1399,26.1875,0.00116,0.017,275,7.14898,7.12823,-0.01816,26.1875,26.1875,0,0.00116,0.00116,0,0.017,0.017,0,275.33333,279.71429,-4,0.10156,Moderate Risk
7.15806,26.1875,0.00116,0.017,288,7.1626,7.15935,-0.00907,26.1875,26.1875,0,0.00116,0.00116,0,0.017,0.017,0,279,277,14,0.01869,Moderate Risk
7.1626,26.25,0.00116,0.017,279,7.1626,7.15546,-0.01815,26.20833,26.20536,0.0625,0.00116,0.00116,0,0.017,0.017,0,282.66667,279.57143,-11,0.04241,Moderate Risk
7.1626,26.25,0.00116,0.017,276,7.16109,7.15676,0,26.25,26.20536,0,0.00116,0.00116,0,0.017,0.017,0,281.66667,283.42857,-9,0.03996,Moderate Risk
7.17621,26.25,0.00116,0.017,294,7.16562,7.15741,0.00454,26.25,26.23214,0,0.00116,0.00116,0,0.017,0.017,0,287.33333,286,9,0.04555,Moderate Risk
7.15806,26.25,0.00116,0.017,287,7.15806,7.17168,0,26.29167,26.28571,-0.0625,0.00116,0.00116,0,0.017,0.017,0,287,285.14286,2,0.06725,Moderate Risk
7.16713,26.25,0.00116,0.017,287,7.16411,7.16713,0.00907,26.27083,26.27679,0,2.96285,3.15263,-4.96176,0.017,0.017,0,289.33333,283.71429,-3,3.26108,Moderate Risk
7.11266,26.25,0.00116,0.017,286,7.14595,7.15741,-0.05447,26.25,26.26786,0,1.65508,2.53195,0,0.017,0.017,0,287.66667,285.71429,-1,3.83823,Moderate Risk
7.17167,26.25,0.00116,0.017,293,7.17167,7.17167,0,26.27083,26.25893,-0.0625,0.00116,0.00116,0,0.017,0.017,0,292.33333,291.85714,3,0.01923,Moderate Risk
7.16713,26.1875,4.32945,0.017,266,7.17167,7.17362,-0.00454,26.1875,26.19643,0,1.44392,1.25683,4.32829,0.017,0.017,0,283.33333,287.14286,-25,4.32095,High Risk
7.16713,26.1875,0.00116,0.017,294,7.17016,7.16519,-0.00454,26.1875,26.17857,0,3.25907,3.87154,-4.88686,0.017,0.017,0,295.33333,287.71429,-3,3.56214,Moderate Risk
7.17621,26.0625,0.00116,0.017,295,7.16713,7.16713,0.01815,26.0625,26.0625,0,0.00116,0.00116,0,0.017,0.017,0,293.66667,293.57143,0,0.01386,Moderate Risk
7.18075,25.9375,4.67027,0.017,282,7.17924,7.1801,0.00454,25.97917,26,-0.0625,4.77413,2.04672,0,0.017,0.017,0,290.33333,287.42857,-13,5.14788,High Risk
7.19437,25.875,0.00116,0.017,282,7.18983,7.18918,0.00454,25.85417,25.86607,0.0625,0.00116,0.00116,0,0.017,0.017,0,282.33333,284.85714,1,0.03102,Moderate Risk
7.19891,25.8125,0.00116,0.017,272,7.1974,7.19696,0.00454,25.8125,25.82143,0,0.00116,0.00116,0,0.017,0.017,0,273,274.28571,-1,0.03061,Moderate Risk
7.20345,25.8125,0.00116,0.017,277,7.19588,7.20021,0.01362,25.8125,25.8125,0,0.00116,0.00116,0,0.017,0.017,0,277.66667,279.42857,-2,0.01634,Moderate Risk
7.19437,25.8125,0.00116,0.017,287,7.20042,7.20864,-0.00908,25.79167,25.78571,0.0625,0.00116,0.00116,0,0.017,0.017,0,279.33333,279.85714,10,0.04153,Moderate Risk
7.21253,25.6875,0.00116,0.017,273,7.21102,7.20345,0.00908,25.6875,25.70536,0,0.00116,0.00116,0,0.017,0.017,0,274,275.71429,-1,0.0381,Moderate Risk
7.21707,25.625,0.00116,0.017,277,7.21102,7.21058,0.00454,25.625,25.63393,0,0.00116,0.00116,0,0.017,0.017,0,280.66667,279.28571,-11,0.02554,Moderate Risk
7.21707,25.5625,0.00116,0.017,273,7.21707,7.21123,0,25.58333,25.60714,-0.0625,0.00116,0.00116,0,0.017,0.017,0,272.66667,276.57143,1,0.03603,Moderate Risk
7.23977,25.5625,0.00116,0.017,289,7.23069,7.2255,0.03178,25.58333,25.58036,0,0.00116,0.00116,0,0.017,0.017,0,286.66667,284.28571,3,0.04817,Moderate Risk
7.22161,25.5625,0.00116,0.017,205,7.21253,7.21253,0.01816,25.5625,25.5625,0,0.00116,0.00116,0,0.017,0.017,0,255,267.28571,-69,0.01483,Moderate Risk
7.22161,25.5,0.00116,0.017,276,7.21858,7.22356,0.00454,25.52083,25.50893,-0.0625,0.00116,0.00116,0,0.017,0.017,0,282.66667,279.14286,-11,0.03884,Moderate Risk
7.21707,25.5,0.00116,0.017,288,7.21858,7.22226,-0.00454,25.5,25.50893,0,0.00116,0.00116,0,0.017,0.017,0,283,280.57143,1,0.02703,Moderate Risk
7.23069,25.5,0.00116,0.017,289,7.22918,7.23199,-0.00908,25.47917,25.47321,0.0625,0.00116,0.00116,0,0.017,0.017,0,284,282.57143,8,0.05136,Moderate Risk
7.22615,25.4375,0.00116,0.017,288,7.22161,7.22291,0.00454,25.41667,25.42857,0.0625,0.00116,0.00116,0,0.017,0.017,0,278,279,16,0.02191,Moderate Risk
7.22161,25.4375,0.00116,0.017,275,7.22464,7.21642,0,25.4375,25.41964,0,0.00116,0.00116,0,0.017,0.017,0,280.33333,280,-14,0.04645,Moderate Risk
7.23523,25.375,0.00116,0.017,274,7.22312,7.23004,0.01816,25.39583,25.41071,0,0.00116,0.00116,0,0.017,0.017,0,281,281.57143,-13,0.05203,Moderate Risk
7.23069,25.4375,0.00116,0.017,290,7.22615,7.23134,0.01362,25.41667,25.39286,0.0625,0.00116,0.00116,0,0.017,0.017,0,284.66667,281.14286,15,0.03135,High Risk
7.23977,25.375,0.00116,0.017,275,7.23523,7.23328,0.00454,25.375,25.38393,0,0.00116,0.00116,0,0.017,0.017,0,275,275,0,0.01896,Moderate Risk
7.23977,25.375,0.00116,0.017,285,7.23674,7.23458,0.00908,25.35417,25.35714,0.0625,0.00116,0.00116,0,0.017,0.017,0,279.66667,279.28571,3,0.03775,Moderate Risk
7.24885,25.375,0.00116,0.017,286,7.23372,7.23393,0.03632,25.35417,25.34821,0.0625,0.00116,0.00116,0,0.017,0.017,0,277,276.71429,13,0.04223,Moderate Risk
7.23977,25.3125,0.00116,0.017,285,7.23069,7.23199,0.00908,25.3125,25.33929,0,0.00116,0.00116,0,0.017,0.017,0,283.66667,277.42857,1,0.02809,Moderate Risk
7.23523,25.3125,0.00116,0.017,270,7.23674,7.23328,0,25.3125,25.32143,0,0.00116,0.00116,0,0.017,0.017,0,274.66667,278.14286,-2,0.0245,Moderate Risk
7.24431,25.375,0.00116,0.017,272,7.23977,7.23912,0.00454,25.35417,25.34821,0,0.00116,0.66063,0,0.017,0.017,0,274.66667,274.85714,-10,3.5173,Moderate Risk
7.24431,25.25,0.00116,0.017,266,7.23674,7.22939,0.00908,25.25,25.26786,0,0.00116,0.00116,0,0.017,0.017,0,271.66667,270.85714,-11,0.04382,Moderate Risk
7.23523,25.3125,0.00116,0.017,273,7.23523,7.23523,-0.00908,25.27083,25.25893,0.0625,0.00116,0.00116,0,0.017,0.017,0,276,273.57143,1,0.02568,Moderate Risk
7.22615,25.3125,0.00116,0.017,273,7.23372,7.23847,-0.01362,25.29167,25.28571,0,0.00116,0.00116,0,0.017,0.017,0,271.33333,272.57143,4,0.03748,Moderate Risk
7.24431,25.1875,0.00116,0.017,272,7.24431,7.24236,0,25.1875,25.1875,0,0.00116,0.00116,0,0.017,0.017,0,274.33333,277.71429,0,0.00714,High Risk
7.24431,25.125,0.00116,0.017,285,7.22615,7.23134,0.04086,25.16667,25.17857,-0.0625,0.00116,0.00116,0,0.017,0.017,0,279.66667,278.85714,3,0.03927,Moderate Risk
7.23977,25.125,0.00116,0.017,272,7.2428,7.24366,-0.00454,25.14583,25.14286,-0.0625,0.00116,0.00116,0,0.017,0.017,0,272.66667,275.85714,0,0.01868,Moderate Risk
7.24431,25.0625,0.00116,0.017,277,7.24582,7.25079,-0.00454,25.0625,25.0625,0,0.00116,0.00116,0,0.017,0.017,0,278,275.85714,-1,0.0305,Moderate Risk
7.24431,25.0625,0.00116,0.017,278,7.24431,7.25079,0,25.04167,25.05357,0.0625,0.00116,0.00116,0,0.017,0.017,0,279,277.14286,-3,0.04231,Moderate Risk
7.24431,25.0625,0.00116,0.017,272,7.24582,7.24496,-0.00454,25.02083,25.01786,0.0625,0.00116,0.00116,0,0.017,0.017,0,271.33333,270.85714,1,0.02151,Moderate Risk
7.27154,24.9375,0.00116,0.017,274,7.25339,7.2482,0.02723,24.95833,24.94643,0,0.00116,0.00116,0,0.017,0.017,0,274,274.28571,-4,0.0324,Moderate Risk
7.23977,25,0.00116,0.017,278,7.25187,7.24755,-0.03177,24.95833,24.95536,0.0625,0.00116,0.00116,0,0.017,0.017,0,276.66667,275.14286,4,0.03667,Moderate Risk
7.26246,24.6875,0.00116,0.017,284,7.27154,7.26506,0.00454,24.66667,24.66964,0.0625,0.00116,0.00116,0,0.017,0.017,0,286.66667,288.14286,-9,0.04619,Moderate Risk
7.25792,24.625,0.00116,0.017,285,7.25338,7.25468,0.01361,24.64583,24.63393,-0.0625,0.00116,0.00116,0,0.017,0.017,0,287.66667,289.71429,0,0.02433,Moderate Risk
7.267,24.625,0.00116,0.017,294,7.26095,7.26441,0.00908,24.60417,24.60714,0.0625,0.00116,0.00116,0,0.017,0.017,0,289.33333,285.28571,8,0.03976,Moderate Risk
7.25792,24.625,0.00116,0.017,285,7.26549,7.23328,0.00454,24.60417,24.61607,0,0.00116,0.00116,0,0.017,0.017,0,282,283.71429,2,0.17572,Moderate Risk
7.27608,24.625,0.00116,0.017,276,7.27003,7.26895,0.00908,24.625,24.625,0,0.00116,0.00116,0,0.017,0.017,0,283.66667,287.28571,-11,0.01155,Moderate Risk
7.267,24.625,0.00116,0.017,282,7.267,7.27413,0,24.64583,24.64286,0,0.00116,0.00116,0,0.017,0.017,0,285,283.42857,-3,0.06239,Moderate Risk
7.267,24.625,0.00116,0.017,299,7.27003,7.2657,-0.00454,24.625,24.63393,0,0.00116,0.00116,0,0.017,0.017,0,292.66667,288,6,0.02728,Moderate Risk
7.26246,24.625,0.00116,0.017,285,7.26549,7.26506,-0.00454,24.625,24.625,0,0.00116,0.00116,0,0.017,0.017,0,290,287.71429,-1,0.01559,Moderate Risk
7.267,24.625,0.00116,0.017,288,7.28213,7.27219,-0.0454,24.625,24.625,0,0.00116,0.00116,0,0.017,0.017,0,289.33333,286.71429,-7,0.03648,Moderate Risk
7.27608,24.625,0.00116,0.017,270,7.26851,7.27089,0.00908,24.625,24.625,0,0.00116,0.00116,0,0.017,0.017,0,269.33333,271.42857,1,0.01103,Moderate Risk
7.27154,24.6875,0.00116,0.017,267,7.27154,7.27089,-0.00454,24.64583,24.63393,0.0625,0.00116,0.00116,0,0.017,0.017,0,268.66667,270.57143,-3,0.02284,Moderate Risk
7.32602,24.625,0.00116,0.017,259,7.28365,7.27543,0.05902,24.625,24.63393,0,0.00116,0.00116,0,0.017,0.017,0,263,266.28571,-4,0.05794,Moderate Risk
7.13082,24.625,0.00116,0.017,251,7.21858,7.24755,-0.1271,24.64583,24.63393,-0.0625,0.00116,0.00116,0,0.017,0.017,0,249,252.28571,-4,0.11515,Moderate Risk
7.27608,24.625,0.00116,0.017,250,7.27305,7.27478,0.00908,24.60417,24.61607,0.0625,0.00116,0.00116,0,0.017,0.017,0,260.66667,257.57143,-15,0.0254,Moderate Risk
7.267,24.5,0.00116,0.017,266,7.27457,7.27803,-0.01816,24.54167,24.55357,-0.0625,0.00116,0.00116,0,0.017,0.017,0,266.33333,264.85714,0,0.02908,Moderate Risk
7.27608,24.5,0.00116,0.017,276,7.27154,7.27932,-0.00908,24.54167,24.53571,-0.0625,0.00116,0.00116,0,0.017,0.017,0,268,269.42857,5,0.04669,Moderate Risk
7.2897,24.5,0.00116,0.017,263,7.27154,7.27154,0.03178,24.52083,24.53571,0,0.00116,0.00116,0,0.017,0.017,0,265,267.28571,-3,0.04343,Moderate Risk
7.267,24.5,0.00116,0.017,265,7.26851,7.30397,0.01362,24.52083,24.51786,0,0.00116,0.00116,0,0.017,0.017,0,269.66667,265.71429,-7,0.11337,High Risk
7.33963,24,0.00116,0.017,274,7.35628,7.36168,-0.0227,24,23.99107,0,0.00116,1.48265,0,0.017,0.017,0,278,274,-2,3.73078,Moderate Risk
7.35779,23.9375,0.00116,0.017,249,7.36082,7.36428,-0.00454,23.97917,24.00893,-0.0625,0.00116,0.00116,0,0.017,0.017,0,254,258,-2,0.03802,Moderate Risk
7.34417,24,0.00116,0.017,257,7.3472,7.35455,-0.00454,24,24,-0.0625,0.00116,0.00116,0,0.017,0.017,0,253.66667,253.85714,14,0.03882,Moderate Risk
7.36687,24.0625,0.00116,0.017,246,7.36838,7.36168,-0.02724,24.04167,24.01786,0,0.00116,0.00116,0,0.017,0.017,0,254,254.71429,-13,0.05777,Moderate Risk
7.35779,24.0625,0.00116,0.017,262,7.35476,7.35714,0,24.0625,24.0625,0,0.00116,0.00116,0,0.017,0.017,0,257.33333,257.14286,8,0.01221,Moderate Risk
7.34417,24.0625,0.00116,0.017,251,7.35476,7.35649,-0.01816,24.0625,24.0625,0,0.00116,0.00116,0,0.017,0.017,0,255.33333,255.85714,-2,0.01456,Moderate Risk
7.36233,24.1875,0.00116,0.017,259,7.36384,7.35325,0,24.14583,24.14286,0.0625,0.00116,0.00116,0,0.017,0.017,0,260.66667,265.28571,0,0.0484,Moderate Risk
7.35779,24.125,0.00116,0.017,261,7.36233,7.34482,-0.00908,24.125,24.125,0,0.00116,0.00116,0,0.017,0.017,0,261.33333,263.85714,-7,0.09024,Moderate Risk
7.33056,24.125,0.00116,0.017,266,7.37141,7.36557,-0.06355,24.125,24.13393,0,0.00116,0.00116,0,0.017,0.017,0,264,261.28571,-7,0.05462,Moderate Risk
7.36233,24.1875,0.00116,0.017,256,7.35628,7.35844,0.01362,24.1875,24.17857,0,0.00116,0.00116,0,0.017,0.017,0,255,262.14286,3,0.02152,Moderate Risk
7.34417,24.25,0.00116,0.017,258,7.35022,7.35584,0,24.25,24.22321,0,0.00116,0.00116,0,0.017,0.017,0,258.66667,263.85714,-1,0.04177,Moderate Risk
7.35779,24.25,0.00116,0.017,257,7.35476,7.33055,0.01362,24.25,24.25,0,0.00116,0.00116,0,0.017,0.017,0,257.66667,260.28571,0,0.11327,Moderate Risk
7.34871,24.3125,0.00116,0.017,256,7.34568,7.34677,0.00908,24.3125,24.3125,0,0.00116,0.00116,0,0.017,0.017,0,262.33333,262,-16,0.01951,Moderate Risk
7.34871,24.375,0.00116,0.017,255,7.34266,7.34936,0.00454,24.375,24.36607,0,0.00116,0.00116,0,0.017,0.017,0,260.33333,257.57143,-1,0.02953,Moderate Risk
7.34417,24.5625,0.00116,0.017,248,7.34417,7.34352,-0.00454,24.5625,24.52679,0,0.00116,0.00116,0,0.017,0.017,0,248.66667,250.71429,-3,0.03661,Moderate Risk
7.34871,24.5625,0.00116,0.017,268,7.35174,7.35909,-0.00908,24.58333,24.58036,0,0.00116,0.00116,0,0.017,0.017,0,255.66667,258.14286,12,0.03968,Moderate Risk
7.36687,24.5625,0.00116,0.017,256,7.37595,7.3753,-0.01816,24.58333,24.58036,-0.0625,0.00116,0.00116,0,0.017,0.017,0,256,263.57143,0,0.04168,Moderate Risk
7.36233,24.5625,0.00116,0.017,266,7.36233,7.36298,0.00454,24.58333,24.57143,0,0.00116,0.00116,0,0.017,0.017,0,260.33333,262.14286,7,0.01998,Moderate Risk
7.36233,24.5625,0.00116,0.017,259,7.36838,7.36882,-0.00454,24.60417,24.58036,-0.0625,0.00116,0.00116,0,0.017,0.017,0,258.66667,264.85714,1,0.0268,Moderate Risk
7.36687,24.5625,0.00116,0.017,265,7.37746,7.38114,-0.00908,24.5625,24.58929,0,0.00116,0.00116,0,0.017,0.017,0,269.33333,274,-1,0.0328,Moderate Risk
7.37595,24.625,0.00116,0.017,278,7.3245,7.35325,-0.00454,24.60417,24.58929,0.0625,0.00116,0.00116,0,0.017,0.017,0,271.33333,271,12,0.13783,Moderate Risk
7.37595,24.5625,0.00116,0.017,278,7.37746,7.35131,0,24.58333,24.58929,-0.0625,0.00116,0.00116,0,0.017,0.017,0,274,271.14286,0,0.13552,Moderate Risk
7.36687,24.5625,0.00116,0.017,272,7.37292,7.35001,-0.00908,24.58333,24.58929,0,0.00116,0.00116,0,0.017,0.017,0,276,272,-6,0.13446,Moderate Risk
7.37141,24.5625,0.00116,0.017,288,7.36687,7.37141,0.01362,24.60417,24.58036,-0.0625,0.00116,0.00116,0,0.017,0.017,0,284.66667,278.28571,5,0.03749,Moderate Risk
7.37595,24.625,0.00116,0.017,292,7.38049,7.37595,-0.01362,24.60417,24.59821,0,0.00116,0.00116,0,0.017,0.017,0,287.33333,283.14286,1,0.03057,Moderate Risk
7.40319,24.625,0.00116,0.017,298,7.40319,7.38827,0.01816,24.58333,24.57143,0.0625,0.00116,0.00116,0,0.017,0.017,0,293.33333,287.14286,14,0.0589,Moderate Risk
7.38049,24.5625,0.00116,0.017,289,7.38352,7.3766,-0.00454,24.5625,24.55357,0,0.00116,0.00116,0,0.017,0.017,0,284.33333,276.42857,12,0.03772,Moderate Risk
7.38957,24.5625,0.00116,0.017,274,7.38957,7.39022,0,24.52083,24.51786,0.0625,0.00116,0.00116,0,0.017,0.017,0,274.66667,273.42857,-3,0.01868,Moderate Risk
7.38049,24.5,0.00116,0.017,268,7.39714,7.39022,-0.03178,24.52083,24.52679,0,0.00116,0.00116,0,0.017,0.017,0,269.66667,265.57143,-1,0.03981,Moderate Risk
7.38503,24.5625,0.00116,0.017,267,7.38503,7.38892,0.00454,24.5625,24.54464,0,0.00116,0.00116,0,0.017,0.017,0,271,269.71429,-2,0.04062,Moderate Risk
7.38503,24.5,0.00116,0.017,270,7.38503,7.38762,0,24.5,24.51786,0,0.00116,0.00116,0,0.017,0.017,0,269.66667,272,4,0.02554,Moderate Risk
7.39411,24.4375,0.00116,0.017,265,7.39108,7.39216,0.00454,24.45833,24.48214,0,0.00116,0.00116,0,0.017,0.017,0,262.66667,261.42857,4,0.03392,Moderate Risk
7.40319,24.4375,0.00116,0.017,261,7.40773,7.3993,0.01816,24.4375,24.45536,0,0.00116,0.00116,0,0.017,0.017,0,265.66667,265.42857,-3,0.04857,Moderate Risk
7.39865,24.4375,0.00116,0.017,270,7.40016,7.39865,0,24.47917,24.47321,-0.0625,0.00116,0.00116,0,0.017,0.017,0,256,261.14286,-16,0.03153,Moderate Risk
7.39411,24.4375,0.00116,0.017,272,7.39411,7.39281,0.00454,24.4375,24.4375,0,0.00116,0.00116,0,0.017,0.017,0,276.33333,274.85714,-13,0.00686,Moderate Risk
7.39411,24.4375,0.00116,0.017,263,7.39562,7.398,0,24.4375,24.4375,0,0.00116,0.00116,0,0.017,0.017,0,265,269.85714,-3,0.00627,Moderate Risk
7.42588,24.4375,0.00116,0.017,263,7.40621,7.40643,0.03631,24.41667,24.41964,0.0625,0.00116,0.00116,0,0.017,0.017,0,265,267.85714,-9,0.03852,Moderate Risk
7.40773,24.4375,0.00116,0.017,259,7.40016,7.3993,0.00908,24.4375,24.4375,0,0.00116,0.00116,0,0.017,0.017,0,263,263,-5,0.0161,Moderate Risk
7.4395,24.4375,0.00116,0.017,274,7.41832,7.40513,0.03631,24.4375,24.42857,0,0.00116,0.00116,0,0.017,0.017,0,269,267.28571,2,0.07809,Moderate Risk
7.41227,24.4375,0.00116,0.017,261,7.42891,7.42589,0,24.4375,24.42857,0,0.00116,0.00116,0,0.017,0.017,0,263.66667,267.85714,-2,0.05956,Moderate Risk
7.41227,24.4375,0.00116,0.017,265,7.41832,7.41746,-0.01815,24.41667,24.41964,0,0.00116,0.00116,0,0.017,0.017,0,263.66667,266.14286,0,0.04939,Moderate Risk
7.51667,24.4375,0.00116,0.017,262,7.46069,7.43367,0.10894,24.41667,24.41964,0.0625,0.00116,0.00116,0,0.017,0.017,0,263,265.42857,7,0.09623,Moderate Risk
7.41681,24.375,0.00116,0.017,267,7.41681,7.41292,-0.00453,24.375,24.375,0,0.00116,0.00116,0,0.017,0.017,0,271,270.14286,-7,0.01428,Moderate Risk
7.43042,24.375,0.00116,0.017,267,7.42286,7.42394,0.01361,24.375,24.40179,0,0.00116,0.00116,0,0.017,0.017,0,268,265.57143,-7,0.04064,Moderate Risk
7.45766,24.375,0.00116,0.017,272,7.44404,7.44534,0.0227,24.375,24.38393,0,0.00116,0.00116,0,0.017,0.017,0,269.66667,267.28571,7,0.02975,Moderate Risk
7.45312,24.375,0.00116,0.017,265,7.44101,7.43496,0.00454,24.375,24.375,0,0.00116,0.00116,0,0.017,0.017,0,262.66667,265.14286,3,0.03555,Moderate Risk
7.44404,24.375,0.00116,0.017,262,7.47128,7.45442,-0.00908,24.35417,24.36607,0.0625,0.00116,0.00116,0,0.017,0.017,0,263,266,0,0.06868,Moderate Risk
7.45312,24.375,0.00116,0.017,260,7.45009,7.43366,0.00454,24.35417,24.34821,0,0.00116,0.00116,0,0.017,0.017,0,258.66667,260,3,0.09615,Moderate Risk
7.39865,24.3125,0.00116,0.017,271,7.40773,7.4194,-0.01362,24.27083,24.25,0.0625,0.00116,0.00116,0,0.017,0.017,0,264.33333,261.42857,6,0.05505,Moderate Risk
7.39865,24.25,0.00116,0.017,265,7.40924,7.41486,-0.01816,24.25,24.25,0,0.00116,0.00116,0,0.017,0.017,0,264.33333,260.42857,-2,0.02393,Moderate Risk
7.43042,24.1875,0.00116,0.017,256,7.42437,7.42523,0.01361,24.1875,24.15179,0,0.00116,0.00116,0,0.017,0.017,0,255.33333,257.57143,2,0.03098,Moderate Risk
7.39865,24.125,0.00116,0.017,268,7.42134,7.4382,-0.03177,24.125,24.11607,0,0.00116,0.00116,0,0.017,0.017,0,258,261.57143,19,0.08381,Moderate Risk
7.43042,24.0625,0.00116,0.017,262,7.43647,7.42329,-0.0227,24.08333,24.08929,0,0.00116,0.00116,0,0.017,0.017,0,262.33333,258.57143,-7,0.06384,Moderate Risk
7.41681,24.0625,0.00116,0.017,256,7.46825,7.45118,-0.01361,24.08333,24.07143,0,0.00116,0.00116,0,0.017,0.017,0,254.33333,257.85714,0,0.11152,Moderate Risk
7.42134,24.0625,0.00116,0.017,256,7.42286,7.43042,0.00453,24.0625,24.07143,0,0.00116,0.00116,0,0.017,0.017,0,255.66667,259.42857,0,0.04099,Moderate Risk
7.42134,24.0625,0.00116,0.017,267,7.41378,7.4181,0,24.0625,24.0625,0,0.00116,0.00116,0,0.017,0.017,0,259.66667,258.71429,11,0.01941,Moderate Risk
7.41681,24.0625,0.00116,0.017,258,7.42135,7.42135,0,24.0625,24.0625,0,0.00116,0.00116,0,0.017,0.017,0,256,257.71429,2,0.01283,Moderate Risk
7.41681,24.0625,0.00116,0.017,257,7.41227,7.41292,0.00908,24.04167,24.05357,0,0.00116,0.00116,0,0.017,0.017,0,263.66667,259.85714,-9,0.01998,Moderate Risk
7.42134,24,0.00116,0.017,256,7.41227,7.41356,0.01815,24,24.00893,0,0.00116,0.00116,0,0.017,0.017,0,263,262,-10,0.02539,Moderate Risk
7.41227,24,0.00116,0.017,268,7.41832,7.4181,0,24,24.00893,0,0.00116,0.00116,0,0.017,0.017,0,264.33333,260,10,0.04914,Moderate Risk
7.27608,24,0.00116,0.017,271,7.3699,7.38892,-0.13619,24,24.00893,0,0.00116,0.00116,0,0.017,0.017,0,261,261.42857,15,0.14321,Moderate Risk
7.41227,24,0.00116,0.017,256,7.41529,7.41486,-0.00907,24,23.97321,0,0.00116,0.00116,0,0.017,0.017,0,257.66667,257.71429,-4,0.02556,Moderate Risk
7.40319,24,0.00116,0.017,258,7.41076,7.41292,-0.00908,24,23.99107,0,0.00116,0.00116,0,0.017,0.017,0,259,266.57143,-2,0.02402,Moderate Risk
7.42134,24,0.00116,0.017,272,7.41227,7.41421,0.01815,24,24,0,0.00116,0.00116,0,0.017,0.017,0,263.33333,265,14,0.01372,Moderate Risk
7.23523,24,0.00116,0.017,272,7.36687,7.39994,-0.19519,24,23.97321,0,0.00116,0.00116,0,0.017,0.017,0,264.66667,262.14286,9,0.1625,Moderate Risk
7.39411,23.9375,0.00116,0.017,269,7.41983,7.42394,-0.05447,23.9375,23.9375,0,0.00116,0.00116,0,0.017,0.017,0,271.66667,269.85714,-5,0.03774,Moderate Risk
7.41227,23.9375,0.00116,0.017,265,7.41076,7.41292,0.00908,23.9375,23.92857,0,0.00116,0.00116,0,0.017,0.017,0,265.33333,266.71429,-1,0.02152,High Risk
7.39865,23.875,0.00116,0.017,279,7.40924,7.41875,-0.01362,23.91667,23.92857,-0.0625,0.00116,0.00116,0,0.017,0.017,0,279.66667,279.28571,-8,0.04531,Moderate Risk
7.38957,23.875,0.00116,0.017,283,7.3926,7.39865,0,23.89583,23.90179,-0.0625,0.00116,0.00116,0,0.017,0.017,0,280.33333,280.14286,8,0.04291,Moderate Risk
7.39411,23.875,0.00116,0.017,278,7.39562,7.39216,-0.00908,23.91667,23.91964,-0.0625,0.00116,0.00116,0,0.017,0.017,0,284.33333,285,-14,0.02554,Moderate Risk
7.39865,23.9375,0.00116,0.017,279,7.39562,7.39216,0.00908,23.9375,23.9375,0,0.00116,0.00116,0,0.017,0.017,0,276.33333,280.57143,6,0.00886,Moderate Risk
7.39411,23.9375,0.00116,0.017,272,7.38806,7.41227,0.00454,23.9375,23.9375,0,0.00116,0.00116,0,0.017,0.017,0,268.33333,268.28571,11,0.11291,Moderate Risk
7.38957,23.875,0.00116,0.017,266,7.40319,7.3993,-0.04085,23.89583,23.91071,-0.0625,0.00116,0.00116,0,0.017,0.017,0,271.66667,272.28571,-8,0.04877,Moderate Risk
7.38503,23.9375,0.00116,0.017,271,7.38957,7.38114,-0.00908,23.91667,23.91071,0.0625,0.00116,0.00116,0,0.017,0.017,0,269.66667,266.42857,0,0.06975,Moderate Risk
7.38957,23.9375,0.00116,0.017,267,7.38957,7.38892,0,23.9375,23.9375,0,0.00116,0.00116,0,0.017,0.017,0,264.66667,267.28571,2,0.02147,Moderate Risk
7.38957,24,0.00116,0.017,272,7.39108,7.39022,0,23.95833,23.97321,0.0625,0.00116,0.00116,0,0.017,0.017,0,269,267,9,0.02014,Moderate Risk
7.38957,23.9375,0.00116,0.017,263,7.38957,7.39476,0,23.9375,23.95536,0,0.00116,0.00116,0,0.017,0.017,0,262.33333,264.14286,1,0.03516,Moderate Risk
7.38957,23.9375,0.00116,0.017,262,7.26549,7.33639,0.00454,23.9375,23.95536,0,0.00116,0.00116,0,0.017,0.017,0,261.66667,262.71429,1,0.2927,Moderate Risk
7.39411,23.9375,0.00116,0.017,278,7.39562,7.398,-0.00454,23.95833,23.94643,-0.0625,0.00116,0.00116,0,0.017,0.017,0,278.66667,274.71429,0,0.0251,Moderate Risk
7.41227,23.9375,0.00116,0.017,275,7.40168,7.40319,0.01816,23.9375,23.94643,0,0.00116,0.00116,0,0.017,0.017,0,264,273.71429,1,0.03904,Moderate Risk
7.41227,23.9375,0.00116,0.017,272,7.4153,7.40643,-0.00454,23.9375,23.9375,0,0.00116,0.00116,0,0.017,0.017,0,277.33333,283,-14,0.02078,Moderate Risk
7.42134,23.9375,0.00116,0.017,272,7.41529,7.41227,0.00907,23.9375,23.9375,0,0.00116,0.00116,0,0.017,0.017,0,272.33333,278.57143,-1,0.01738,Moderate Risk
7.41681,24,0.00116,0.017,294,7.4274,7.42718,-0.03631,23.97917,23.95536,0.0625,0.00116,0.00116,0,0.017,0.017,0,290.33333,288.28571,5,0.05708,Moderate Risk
7.41681,24,0.00116,0.017,299,7.41832,7.42394,-0.00453,23.97917,23.97321,0.0625,0.00116,0.00116,0,0.017,0.017,0,298.33333,293.28571,0,0.04486,Moderate Risk
7.41227,23.9375,0.00116,0.017,294,7.41378,7.41681,-0.00454,23.9375,23.92857,0,0.00116,0.00116,0,0.017,0.017,0,294.33333,291.14286,-4,0.02088,Moderate Risk
7.40319,23.9375,0.00116,0.017,261,7.40924,7.41227,0,23.9375,23.9375,0,0.00116,0.00116,0,0.017,0.017,0,269.33333,278.28571,-4,0.01387,Moderate Risk
7.45312,23.9375,0.00116,0.017,259,7.44707,7.44728,0.00454,23.9375,23.9375,0,0.00116,0.00116,0,0.017,0.017,0,250.33333,251.71429,12,0.02011,Moderate Risk
7.44404,23.9375,0.00116,0.017,259,7.44858,7.44534,-0.00454,23.9375,23.9375,0,0.00116,0.00116,0,0.017,0.017,0,255,252.71429,12,0.0101,Moderate Risk
7.45312,23.875,0.00116,0.017,247,7.45766,7.45182,-0.00454,23.89583,23.91964,0,0.00116,0.00116,0,0.017,0.017,0,254.33333,249.14286,-9,0.02883,Moderate Risk
7.43496,23.875,0.00116,0.017,242,7.43799,7.44663,-0.00454,23.875,23.875,0,0.00116,0.00116,0,0.017,0.017,0,239,238.85714,2,0.01727,Moderate Risk
7.39865,23.875,0.00116,0.017,256,7.39411,7.398,0.00908,23.85417,23.83036,0.0625,0.00116,0.00116,0,0.017,0.017,0,259,263.28571,-3,0.02496,Moderate Risk
7.41227,23.8125,0.00116,0.017,260,7.39714,7.39346,0.0227,23.8125,23.8125,0,0.00116,0.00116,0,0.017,0.017,0,254,251,9,0.01991,Moderate Risk
7.39865,23.8125,0.00116,0.017,251,7.41075,7.40319,0.00908,23.8125,23.8125,0,0.00116,0.00116,0,0.017,0.017,0,254.66667,253.28571,-2,0.0429,Moderate Risk
7.38957,23.8125,0.00116,0.017,260,7.38957,7.39216,0,23.83333,23.85714,-0.0625,0.00116,0.00116,0,0.017,0.017,0,252,254.28571,11,0.02554,Moderate Risk
7.38957,23.875,0.00116,0.017,256,7.38957,7.398,0,23.85417,23.85714,0,0.00116,0.00116,0,0.017,0.017,0,257.66667,254.57143,2,0.04939,Moderate Risk
7.38503,23.875,0.00116,0.017,253,7.38806,7.38957,-0.00454,23.875,23.875,0,0.00116,0.00116,0,0.017,0.017,0,255,251.28571,-7,0.00524,Moderate Risk
7.38957,23.875,0.00116,0.017,240,7.3926,7.3967,-0.00454,23.875,23.875,0,0.00116,0.00116,0,0.017,0.017,0,246,251.28571,-11,0.02021,Moderate Risk
7.38957,23.875,0.00116,0.017,249,7.39108,7.39022,-0.00454,23.875,23.86607,0,0.00116,0.00116,0,0.017,0.017,0,243.33333,249.14286,-8,0.01524,Moderate Risk
7.43496,23.875,0.00116,0.017,248,7.40621,7.3967,0.04085,23.85417,23.85714,0,0.00116,0.00116,0,0.017,0.017,0,253.33333,249.71429,-9,0.04956,Moderate Risk
7.39411,23.875,0.00116,0.017,253,7.39865,7.39995,0.00454,23.89583,23.89286,-0.0625,0.00116,0.00116,0,0.017,0.017,0,251,252.85714,8,0.0503,Moderate Risk
7.37595,23.9375,0.00116,0.017,258,7.38503,7.38762,-0.01362,23.9375,23.91964,0,0.00116,0.00116,0,0.017,0.017,0,256.66667,257.14286,1,0.02554,Moderate Risk
7.38957,23.9375,0.00116,0.017,256,7.38957,7.36882,0,23.9375,23.92857,0,0.00116,0.00116,0,0.017,0.017,0,251.33333,254,0,0.12162,Moderate Risk
7.39411,23.9375,0.00116,0.017,256,7.3926,7.39152,0,23.95833,23.96429,0,0.00116,0.00116,0,0.017,0.017,0,255.33333,254.85714,5,0.02156,Moderate Risk
7.38957,24,0.00116,0.017,256,7.38957,7.39087,0,23.95833,23.95536,0.0625,0.00116,0.00116,0,0.017,0.017,0,254,255.57143,1,0.01968,Moderate Risk
6.90385,23.9375,0.00116,0.017,269,7.2322,7.32407,-0.49026,23.95833,23.96429,-0.0625,0.00116,0.00116,0,0.017,0.017,0,269,261.71429,-1,0.38738,Moderate Risk
7.40773,23.9375,0.00116,0.017,254,7.38957,7.39476,0.04086,23.95833,23.95536,-0.0625,0.00116,0.00116,0,0.017,0.017,0,259,263.42857,-3,0.0422,Moderate Risk
7.41227,23.9375,0.00116,0.017,276,7.4047,7.40449,0.00908,23.9375,23.9375,0,0.00116,0.00116,0,0.017,0.017,0,285.33333,286.14286,-12,0.01358,Moderate Risk
7.39411,23.9375,0.00116,0.017,276,7.4047,7.4006,-0.01816,23.9375,23.92857,0,0.00116,0.00116,0,0.017,0.017,0,277,280.28571,3,0.03202,Moderate Risk
7.39865,23.9375,0.00116,0.017,275,7.4047,7.40967,-0.00454,23.91667,23.91071,0.0625,0.00116,0.00116,0,0.017,0.017,0,276.33333,277.14286,-4,0.05371,Moderate Risk
7.44858,23.875,0.00116,0.017,281,7.42286,7.41746,0.03177,23.89583,23.89286,0,0.00116,0.00116,0,0.017,0.017,0,271,271.28571,16,0.05599,Moderate Risk
7.40319,23.875,0.00116,0.017,274,7.40622,7.41421,-0.00908,23.89583,23.90179,0,0.00116,0.00116,0,0.017,0.017,0,277.33333,272.57143,-17,0.04895,Moderate Risk
7.40773,23.875,0.00116,0.017,267,7.41832,7.4194,-0.03631,23.89583,23.88393,0,0.00116,0.00116,0,0.017,0.017,0,268.33333,269.42857,-5,0.04448,Moderate Risk
7.41681,23.8125,0.00116,0.017,265,7.4153,7.42913,0,23.8125,23.8125,0.0625,0.00116,0.00116,0,0.017,0.017,0,268.66667,272.57143,-2,0.05348,Moderate Risk
7.40773,23.8125,0.00116,0.017,261,7.41983,7.41357,-0.03177,23.8125,23.8125,0,0.00116,0.00116,0,0.017,0.017,0,264.33333,267.85714,1,0.02498,Moderate Risk
7.42134,23.8125,0.00116,0.017,275,7.41983,7.41745,-0.00908,23.8125,23.8125,0,0.00116,0.00116,0,0.017,0.017,0,271.66667,267.14286,9,0.02694,Moderate Risk
7.33963,23.8125,0.00116,0.017,265,7.38957,7.40124,-0.07264,23.8125,23.8125,0,0.00116,0.00116,0,0.017,0.017,0,272.33333,270.71429,-8,0.05691,Moderate Risk
7.41227,23.8125,0.00116,0.017,284,7.4047,7.41032,0.01362,23.79167,23.80357,0.0625,0.00116,0.00116,0,0.017,0.017,0,278.33333,273.42857,12,0.02741,Moderate Risk
7.43042,23.8125,0.00116,0.017,265,7.41983,7.41356,0.01361,23.83333,23.8125,-0.0625,0.00116,0.00116,0,0.017,0.017,0,272.66667,273.42857,-4,0.03947,Moderate Risk
7.43042,23.75,0.00116,0.017,262,7.42739,7.42069,0,23.75,23.76786,0,0.00116,0.00116,0,0.017,0.017,0,263,263.71429,0,0.04115,Moderate Risk
7.42134,23.75,0.00116,0.017,257,7.43345,7.42978,-0.04086,23.75,23.75,0,0.00116,0.00116,0,0.017,0.017,0,256,262.85714,1,0.04041,Moderate Risk
7.40773,23.75,0.00116,0.017,258,7.43042,7.42653,-0.01361,23.75,23.75,0,0.00116,0.00116,0,0.017,0.017,0,257,258.57143,1,0.04367,Moderate Risk
7.43496,23.75,0.00116,0.017,271,7.43193,7.42913,0.00908,23.72917,23.71429,0.0625,0.00116,0.00116,0,0.017,0.017,0,257.33333,258.28571,26,0.04714,Moderate Risk
7.43042,23.6875,0.00116,0.017,256,7.43647,7.43431,0.00908,23.70833,23.69643,0,0.00116,0.00116,0,0.017,0.017,0,256.66667,257.85714,-2,0.03492,Moderate Risk
7.42134,23.6875,0.00116,0.017,251,7.43345,7.43431,-0.03632,23.6875,23.69643,0,0.00116,0.00116,0,0.017,0.017,0,257,258.42857,-13,0.04473,Moderate Risk
7.42134,23.6875,0.00116,0.017,265,7.42437,7.42912,0,23.6875,23.6875,0,0.00116,0.00116,0,0.017,0.017,0,257.66667,257.14286,2,0.02658,Moderate Risk
7.47582,23.625,0.00116,0.017,271,7.44707,7.44469,0.04086,23.60417,23.60714,0.0625,0.00116,0.00116,0,0.017,0.017,0,263,263.14286,12,0.05532,Moderate Risk
7.4395,23.5,0.00116,0.017,272,7.43647,7.42718,0.00908,23.54167,23.53571,-0.0625,0.00116,0.00116,0,0.017,0.017,0,270.66667,267,3,0.05015,Moderate Risk
7.44404,23.5,0.00116,0.017,262,7.43799,7.43496,0.00454,23.52083,23.51786,0,0.00116,0.00116,0,0.017,0.017,0,259,259.71429,6,0.03621,Moderate Risk
7.4395,23.4375,0.00116,0.017,256,7.44253,7.44728,-0.00454,23.4375,23.42857,0,0.00116,0.00116,0,0.017,0.017,0,258.66667,259.42857,-10,0.03259,Moderate Risk
7.47128,23.375,0.00116,0.017,260,7.46825,7.45636,-0.01362,23.375,23.375,0,0.00116,0.00116,0,0.017,0.017,0,262,261.85714,-3,0.03176,Moderate Risk
7.44858,23.375,0.00116,0.017,264,7.45161,7.45961,-0.00454,23.33333,23.34821,0.0625,0.00116,0.00116,0,0.017,0.017,0,261.66667,259.28571,4,0.04387,Moderate Risk
7.45312,23.1875,0.00116,0.017,283,7.45766,7.45636,-0.00908,23.1875,23.1875,0,0.00116,0.00116,0,0.017,0.017,0,280,278.85714,4,0.00864,Moderate Risk
7.44858,23.125,0.00116,0.017,274,7.44858,7.45377,-0.00454,23.125,23.16071,0,0.00116,0.00116,0,0.017,0.017,0,271.33333,272.14286,0,0.03795,Moderate Risk
7.43496,23.1875,0.00116,0.017,262,7.43647,7.44209,-0.00454,23.16667,23.15179,0,0.00116,0.00116,0,0.017,0.017,0,259.33333,266,3,0.04938,Moderate Risk
7.44404,23.125,0.00116,0.017,259,7.43799,7.44145,0.01362,23.14583,23.15179,-0.0625,0.00116,0.00116,0,0.017,0.017,0,259.33333,259.14286,6,0.02939,Moderate Risk
7.43496,23.1875,0.00116,0.017,270,7.4395,7.4395,-0.00454,23.16667,23.16071,0,0.00116,0.00116,0,0.017,0.017,0,262.33333,260.14286,12,0.02843,Moderate Risk
7.43042,23.1875,0.00116,0.017,279,7.43496,7.4382,-0.00454,23.1875,23.16071,0,0.00116,0.00116,0,0.017,0.017,0,269,263.42857,9,0.03029,Moderate Risk
7.42588,23.25,0.00116,0.017,251,7.43345,7.42783,-0.00908,23.25,23.24107,0,0.00116,0.00116,0,0.017,0.017,0,253,256,4,0.03516,Moderate Risk
7.41681,23.3125,0.00116,0.017,259,7.42588,7.42523,-0.01361,23.35417,23.33929,-0.0625,0.00116,0.00116,0,0.017,0.017,0,259.33333,259.14286,-4,0.02999,Moderate Risk
7.40319,23.5,0.00116,0.017,272,7.39865,7.41162,0.00454,23.5,23.5,0,0.00116,0.00116,0,0.017,0.017,0,263,264.71429,19,0.03075,Moderate Risk
7.41227,23.625,0.00116,0.017,257,7.42437,7.42264,-0.00454,23.625,23.63393,0,0.00116,0.00116,0,0.017,0.017,0,262,261.28571,0,0.04484,Moderate Risk
7.39411,23.75,0.00116,0.017,256,7.40319,7.40643,-0.00908,23.70833,23.69643,0.0625,0.00116,0.00116,0,0.017,0.017,0,256.66667,263.42857,-1,0.04442,Moderate Risk
7.40319,23.75,0.00116,0.017,272,7.41076,7.41875,-0.00908,23.77083,23.75893,-0.0625,0.00116,0.00116,0,0.017,0.017,0,267.66667,265.57143,13,0.03631,Moderate Risk
7.41681,23.8125,0.00116,0.017,271,7.40924,7.41356,0.01362,23.79167,23.76786,0,0.00116,0.00116,0,0.017,0.017,0,278,274.14286,-11,0.03967,Moderate Risk
7.40319,23.9375,0.00116,0.017,270,7.39865,7.41551,0.00454,23.95833,23.94643,-0.0625,0.00116,0.00116,0,0.017,0.017,0,264.33333,261.14286,3,0.04801,Moderate Risk
7.40773,24,0.00116,0.017,259,7.40319,7.41032,0.00454,23.97917,23.95536,0.0625,0.00116,0.00116,0,0.017,0.017,0,265.33333,261.28571,-11,0.04138,Moderate Risk
7.42134,24,0.00116,0.017,255,7.41983,7.42199,0.00453,24.02083,24.00893,-0.0625,0.00116,0.00116,0,0.017,0.017,0,262.66667,262.14286,-11,0.02151,Moderate Risk
7.42134,24.0625,0.00116,0.017,257,7.40924,7.41356,0.00453,24.0625,24.05357,0,0.00116,0.00116,0,0.017,0.017,0,263.33333,265.14286,-6,0.03448,Moderate Risk
7.44858,24.3125,0.00116,0.017,274,7.43194,7.4395,0.00908,24.29167,24.26786,0,0.00116,0.00116,0,0.017,0.017,0,264.66667,263.57143,15,0.05341,Moderate Risk
7.43042,24.375,0.00116,0.017,276,7.42891,7.42588,-0.00908,24.375,24.39286,0,0.00116,0.00116,0,0.017,0.017,0,280.66667,273.57143,-6,0.06766,Moderate Risk
7.43042,24.375,0.00116,0.017,270,7.43799,7.44145,-0.00908,24.41667,24.41071,-0.0625,0.00116,0.00116,0,0.017,0.017,0,277,273.57143,-12,0.04487,Moderate Risk
7.43496,24.4375,0.00116,0.017,272,7.44101,7.44145,0,24.4375,24.4375,0,0.00116,0.00116,0,0.017,0.017,0,277.66667,275.57143,-17,0.01373,Moderate Risk
7.45312,24.4375,0.00116,0.017,297,7.45615,7.45377,-0.00454,24.45833,24.46429,-0.0625,0.00116,0.00116,0,0.017,0.017,0,291,290.42857,9,0.02641,Moderate Risk
7.44858,24.4375,0.00116,0.017,294,7.4622,7.45831,-0.03632,24.45833,24.47321,-0.0625,0.00116,0.00116,0,0.017,0.017,0,296.66667,292.71429,-5,0.04097,Moderate Risk
7.49398,24.4375,0.00116,0.017,272,7.47582,7.46609,0.01816,24.45833,24.45536,-0.0625,0.00116,0.00116,0,0.017,0.017,0,280.33333,283.85714,-14,0.05019,Moderate Risk
7.45766,24.4375,0.00116,0.017,287,7.46069,7.4622,-0.00908,24.4375,24.45536,0,0.00116,0.00116,0,0.017,0.017,0,287,280.14286,-11,0.03008,Moderate Risk
7.46674,24.3125,0.00116,0.017,293,7.47431,7.46739,-0.0227,24.33333,24.375,-0.0625,0.00116,1.37373,0,0.017,0.017,0,297,286.85714,-7,4.73802,Moderate Risk
7.46674,24.3125,0.00116,0.017,285,7.4622,7.46804,0.00454,24.3125,24.30357,0,0.00116,0.00116,0,0.017,0.017,0,285,289.28571,1,0.02637,Moderate Risk
7.47128,24.3125,0.00116,0.017,285,7.46674,7.47258,0.00454,24.3125,24.28571,0,0.00116,0.00116,0,0.017,0.017,0,283,283.14286,3,0.0354,Moderate Risk
7.47128,24.25,0.00116,0.017,288,7.47128,7.46998,-0.00454,24.29167,24.29464,-0.0625,0.00116,0.00116,0,0.017,0.017,0,283,280,12,0.02211,Moderate Risk
7.47582,24.25,0.00116,0.017,288,7.47128,7.46998,0.00454,24.25,24.27679,0,0.00116,0.00116,0,0.017,0.017,0,282.66667,281,4,0.02534,High Risk
7.46674,24.25,0.00116,0.017,272,7.47279,7.47387,-0.00908,24.25,24.24107,0,0.00116,0.00116,0,0.017,0.017,0,276.66667,281.85714,-14,0.02986,Moderate Risk
7.46674,24.25,0.00116,0.017,272,7.47582,7.47258,-0.00908,24.25,24.25,0,0.00116,0.00116,0,0.017,0.017,0,278,279.42857,-11,0.01358,Moderate Risk
7.53029,24.25,0.00116,0.017,282,7.48792,7.48036,0.06809,24.22917,24.24107,0.0625,0.00116,0.00116,0,0.017,0.017,0,280,277,12,0.0581,High Risk
7.47128,24.125,0.00116,0.017,270,7.47431,7.47712,0,24.14583,24.16964,-0.0625,0.00116,0.00116,0,0.017,0.017,0,274.33333,275.85714,-12,0.02778,Moderate Risk
7.47128,24.1875,0.00116,0.017,272,7.47885,7.47517,-0.01816,24.16667,24.15179,0.0625,0.00116,0.00116,0,0.017,0.017,0,278.33333,275.85714,-11,0.03,Moderate Risk
7.46674,24.1875,0.00116,0.017,283,7.47582,7.47906,-0.00908,24.16667,24.16071,0,0.00116,0.00116,0,0.017,0.017,0,280,280.71429,5,0.03304,Moderate Risk
7.47582,24.125,0.00116,0.017,288,7.4849,7.47906,-0.01816,24.125,24.14286,0,0.00116,0.00116,0,0.017,0.017,0,280.66667,277.14286,16,0.03394,Moderate Risk
7.48036,24.125,0.00116,0.017,272,7.48187,7.48555,0.00454,24.125,24.125,0,0.00116,0.00116,0,0.017,0.017,0,275.66667,279.57143,-11,0.01103,Moderate Risk
7.48944,24,0.00116,0.017,267,7.49247,7.49463,-0.01362,24,24.02679,0,0.00116,0.00116,0,0.017,0.017,0,269.33333,275.14286,-1,0.03591,High Risk
7.49398,24,0.00116,0.017,272,7.50457,7.505,0.00908,24,24,0,0.00116,0.00116,0,0.017,0.017,0,273.66667,273.14286,2,0.04595,Moderate Risk
7.52121,24,0.00116,0.017,283,7.50759,7.50046,0.02723,24,24,0,0.00116,0.00116,0,0.017,0.017,0,288,289.14286,-15,0.02393,Moderate Risk
7.50306,23.9375,0.00116,0.017,290,7.47885,7.49981,0.01816,23.9375,23.9375,0,0.00116,0.00116,0,0.017,0.017,0,289,291.42857,1,0.06829,Moderate Risk
7.49398,23.9375,0.00116,0.017,292,7.48944,7.4862,0.00908,23.95833,23.96429,-0.0625,0.00116,0.00116,0,0.017,0.017,0,282.66667,288.14286,13,0.07255,Moderate Risk
7.47128,23.9375,0.00116,0.017,282,7.47885,7.48036,-0.01362,23.95833,23.95536,-0.0625,0.00116,0.00116,0,0.017,0.017,0,282.66667,284.71429,-1,0.02573,Moderate Risk
7.4849,23.9375,0.00116,0.017,283,7.48187,7.48101,0.00908,23.97917,23.96429,-0.0625,0.00116,0.00116,0,0.017,0.017,0,286.66667,284.28571,5,0.03,Moderate Risk
7.47582,23.9375,0.00116,0.017,271,7.47431,7.47387,0.00454,23.97917,23.98214,-0.0625,0.00116,0.00116,0,0.017,0.017,0,275.33333,275.85714,-12,0.03252,Moderate Risk
7.46674,24.0625,0.00116,0.017,272,7.47582,7.47193,-0.01816,24.02083,24.01786,0.0625,0.00116,0.00116,0,0.017,0.017,0,275,280.28571,1,0.03047,Moderate Risk
7.46674,24.125,0.00116,0.017,263,7.46523,7.4635,-0.00454,24.125,24.08929,0,0.00116,0.00116,0,0.017,0.017,0,263.33333,262.85714,-2,0.02924,Moderate Risk
7.39411,24.75,0.00116,0.017,258,7.42891,7.4408,-0.04085,24.72917,24.70536,0.0625,0.00116,0.00116,0,0.017,0.017,0,264.66667,266.71429,-6,0.06572,Moderate Risk
7.44858,25.0625,0.00116,0.017,272,7.45009,7.45053,-0.00454,25.08333,25.07143,-0.0625,0.00116,0.00116,0,0.017,0.017,0,279.66667,276.42857,-13,0.02067,Moderate Risk
7.44404,25.125,0.00116,0.017,273,7.44858,7.44988,-0.00454,25.10417,25.08036,0.0625,0.00116,0.00116,0,0.017,0.017,0,276.66667,277,1,0.02535,Moderate Risk
7.45766,25.1875,0.00116,0.017,279,7.46825,7.46285,-0.00454,25.20833,25.23214,0,0.00116,0.00116,0,0.017,0.017,0,278,275.28571,2,0.03894,Moderate Risk
7.44858,25.25,0.00116,0.017,274,7.45463,7.45896,-0.00454,25.25,25.23214,0,0.00116,0.00116,0,0.017,0.017,0,273,275.71429,7,0.03159,Moderate Risk
7.45766,25.3125,0.00116,0.017,262,7.45917,7.45571,-0.00454,25.29167,25.27679,0.0625,0.00116,0.00116,0,0.017,0.017,0,269.66667,272.85714,-14,0.02826,Moderate Risk
7.4622,25.625,0.00116,0.017,274,7.46371,7.46285,0.00454,25.60417,25.60714,0,0.00116,0.00116,0,0.017,0.017,0,269.33333,263.57143,12,0.02496,Moderate Risk
7.46674,25.625,0.00116,0.017,279,7.46674,7.46869,-0.00454,25.66667,25.63393,-0.0625,0.00116,0.00116,0,0.017,0.017,0,277.33333,277.85714,1,0.02871,Moderate Risk
7.4849,25.625,0.00116,0.017,281,7.48944,7.48036,0.00908,25.625,25.625,0,0.00116,0.00116,0,0.017,0.017,0,281.66667,282.14286,-1,0.03923,Moderate Risk
7.46674,25.625,0.00116,0.017,281,7.46523,7.47452,0.00908,25.64583,25.63393,-0.0625,0.00116,0.00116,0,0.017,0.017,0,285.33333,285.14286,-3,0.05802,Moderate Risk
7.52575,24.3125,0.00116,0.017,272,7.5318,7.5277,-0.01362,24.29167,24.29464,0,0.00116,0.00116,0,0.017,0.017,0,209,219.85714,98,0.02994,Moderate Risk
7.53483,24.375,0.00116,0.017,251,7.5318,7.53548,0,24.41667,24.42857,-0.0625,0.00116,0.00116,0,0.017,0.017,0,243.66667,242.28571,11,0.0251,Moderate Risk
7.53483,24.5,0.00116,0.017,249,7.53483,7.53807,0,24.47917,24.46429,0,0.00116,0.00116,0,0.017,0.017,0,247.66667,249,2,0.03814,Moderate Risk
7.53483,24.4375,0.00116,0.017,248,7.53483,7.53029,0,24.47917,24.48214,-0.0625,0.00116,0.00116,0,0.017,0.017,0,248.66667,249.28571,-3,0.03926,Moderate Risk
7.64378,23.8125,0.00116,0.017,297,7.63621,7.57569,0.01362,23.8125,24.10714,0,1.51146,0.65767,-3.82113,0.017,0.017,0,276.33333,262,31,3.2065,Moderate Risk
7.67555,23.875,0.00116,0.017,237,7.67101,7.67037,0,23.875,23.89286,0,0.00116,0.00116,0,0.017,0.017,0,237.33333,235.71429,2,0.02495,Moderate Risk
7.68009,23.875,0.00116,0.017,189,7.67404,7.67426,0.00907,23.875,23.875,0,0.00116,0.00116,0,0.017,0.017,0,221.66667,235.71429,-36,0.01137,Moderate Risk
7.66648,23.9375,0.00116,0.017,241,7.67102,7.67815,0,23.91667,23.91071,0,0.00116,0.00116,0,0.017,0.017,0,255.66667,243.14286,-15,0.04176,Moderate Risk
7.66194,23.9375,0.00116,0.017,242,7.66194,7.65999,0.00454,23.9375,23.9375,0,0.00116,0.00116,0,0.017,0.017,0,239.33333,239,5,0.01469,Moderate Risk
7.64832,23.9375,0.00116,0.017,238,7.65437,7.65935,-0.01362,23.91667,23.92857,0.0625,0.00116,0.00116,0,0.017,0.017,0,240.66667,240.71429,0,0.02554,Moderate Risk
7.65286,23.9375,0.00116,0.017,237,7.65437,7.6574,0.00454,23.91667,23.92857,0,0.00116,0.00116,0,0.017,0.017,0,237.66667,240.42857,-1,0.02465,Moderate Risk
7.61654,23.9375,0.00116,0.017,241,7.63016,7.63081,-0.01816,23.9375,23.9375,-0.0625,0.00116,0.00116,0,0.017,0.017,0,236.66667,238.85714,5,0.03497,Moderate Risk
7.60746,24.0625,0.00116,0.017,258,7.60292,7.60292,0,24.0625,24.0625,0,0.00116,0.00116,0,0.017,0.017,0,265,252,-7,0.01048,Moderate Risk
7.60292,24.0625,0.00116,0.017,261,7.60443,7.60551,-0.00454,24.04167,24.04464,0,0.00116,0.00116,0,0.017,0.017,0,253,255.85714,20,0.0201,Moderate Risk
7.59838,24.0625,0.00116,0.017,246,7.59687,7.59838,0,24,24.02679,0.125,0.00116,0.00116,0,0.017,0.017,0,239.33333,238.14286,9,0.03367,Moderate Risk
7.56661,24.125,0.00116,0.017,234,7.57115,7.57634,-0.01816,24.125,24.11607,0,0.00116,0.00116,0,0.017,0.017,0,234.66667,241.28571,3,0.02874,Moderate Risk
7.55753,24.1875,0.00116,0.017,230,7.55602,7.55494,0.00908,24.1875,24.17857,0,0.00116,0.00116,0,0.017,0.017,0,231,233.28571,0,0.0245,High Risk
7.55753,24.25,0.00116,0.017,239,7.56207,7.56207,-0.00908,24.22917,24.23214,0,0.00116,0.00116,0,0.017,0.017,0,238,240.57143,4,0.02266,Moderate Risk
7.58023,24.25,0.00116,0.017,245,7.57266,7.5692,0.01816,24.25,24.23214,0,0.00116,0.00116,0,0.017,0.017,0,245,243.28571,-5,0.0333,Moderate Risk
7.57569,24.25,0.00116,0.017,247,7.57115,7.57504,-0.00908,24.27083,24.25893,-0.0625,0.00116,0.00116,0,0.017,0.017,0,246.66667,244.71429,7,0.0324,Moderate Risk
7.57569,24.25,0.00116,0.017,256,7.58325,7.58541,-0.00908,24.25,24.24107,0,0.00116,0.00116,0,0.017,0.017,0,244.33333,246,16,0.02402,Moderate Risk
7.59384,24.3125,0.00116,0.017,242,7.59384,7.59125,0,24.29167,24.26786,0,0.00116,0.00116,0,0.017,0.017,0,248,250,1,0.02239,Moderate Risk
7.612,24.25,0.00116,0.017,263,7.60443,7.60033,0.01362,24.27083,24.28571,-0.0625,0.00116,0.00116,0,0.017,0.017,0,257.66667,251.71429,16,0.0314,Moderate Risk
7.64832,24.3125,0.00116,0.017,272,7.61805,7.60876,0.0454,24.3125,24.3125,0,0.00116,0.00116,0,0.017,0.017,0,260.66667,257.57143,18,0.03544,Moderate Risk
7.612,24.3125,0.00116,0.017,252,7.61654,7.61849,-0.00908,24.29167,24.28571,0,0.00116,0.00116,0,0.017,0.017,0,251.66667,252.57143,1,0.03758,Moderate Risk
7.6347,24.3125,0.00116,0.017,254,7.63773,7.64378,-0.00454,24.3125,24.33036,0,0.00116,0.00116,0,0.017,0.017,0,254.33333,259.14286,1,0.0449,Moderate Risk
7.67102,24.3125,0.00116,0.017,272,7.65891,7.65091,0.0227,24.29167,24.33036,0.0625,0.00116,0.00116,0,0.017,0.017,0,263.33333,265.42857,13,0.04578,Moderate Risk
7.65286,24.375,0.00116,0.017,259,7.66496,7.65999,-0.00908,24.35417,24.33929,0.0625,0.00116,0.00116,0,0.017,0.017,0,270.66667,271.71429,-24,0.03549,Moderate Risk
7.6574,24.3125,0.00116,0.017,268,7.65286,7.65416,0.00908,24.3125,24.3125,0,0.00116,0.00116,0,0.017,0.017,0,272.66667,273.57143,1,0.00864,Moderate Risk
7.68463,24.3125,0.00116,0.017,288,7.67253,7.66324,0.01815,24.3125,24.30357,0,0.00116,0.00116,0,0.017,0.017,0,277.33333,277.28571,16,0.03508,Moderate Risk
7.68009,24.3125,0.00116,0.017,288,7.67253,7.67037,0.01361,24.3125,24.30357,-0.0625,0.00116,0.00116,0,0.017,0.017,0,276.66667,275.57143,16,0.03259,Moderate Risk
7.67555,24.3125,0.00116,0.017,268,7.6695,7.67037,0.00907,24.3125,24.30357,0,0.00116,0.00116,0,0.017,0.017,0,272,274.14286,-18,0.03259,Moderate Risk
7.67102,24.3125,0.00116,0.017,281,7.66951,7.66972,0.00454,24.3125,24.32143,0,0.00116,0.00116,0,0.017,0.017,0,280.33333,276,0,0.01867,Moderate Risk
7.68009,24.3125,0.00116,0.017,271,7.68614,7.68268,0,24.3125,24.30357,0,0.00116,0.00116,0,0.017,0.017,0,266.33333,263.57143,12,0.02554,Moderate Risk
7.68463,24.25,0.00116,0.017,253,7.6816,7.68204,0.00454,24.27083,24.28571,0,0.00116,0.00116,0,0.017,0.017,0,252.66667,256.14286,1,0.02156,Moderate Risk
7.68009,24.25,0.00116,0.017,263,7.65588,7.67101,0,24.25,24.25893,0,0.00116,0.00116,0,0.017,0.017,0,261.33333,261.57143,0,0.06802,Moderate Risk
7.68917,24.25,0.00116,0.017,270,7.68009,7.67815,0.01815,24.25,24.25,0,0.00116,0.00116,0,0.017,0.017,0,263.33333,259.14286,19,0.01268,Moderate Risk
7.67555,24.3125,0.00116,0.017,253,7.6695,7.66194,0.00907,24.27083,24.26786,0.0625,0.00116,0.00116,0,0.017,0.017,0,262.66667,263.14286,-19,0.04146,Moderate Risk
7.67555,24.25,0.00116,0.017,270,7.65891,7.66324,0.02269,24.25,24.25,0,0.00116,0.00116,0,0.017,0.017,0,271,267.42857,-1,0.02078,Moderate Risk
7.68009,24.25,0.00116,0.017,271,7.65891,7.65351,0.02269,24.25,24.24107,0,0.00116,0.00116,0,0.017,0.017,0,267.33333,263.14286,12,0.03976,Moderate Risk
7.64832,24.25,0.00116,0.017,253,7.64529,7.65026,-0.00908,24.27083,24.25,0,0.00116,0.00116,0,0.017,0.017,0,254.33333,257.57143,-1,0.05155,Moderate Risk
7.6347,24.25,0.00116,0.017,252,7.64681,7.64378,-0.01362,24.25,24.25,0,0.00116,0.00116,0,0.017,0.017,0,253,254.85714,-1,0.04028,Moderate Risk
7.65286,24.25,0.00116,0.017,256,7.64378,7.64832,0.01362,24.25,24.23214,0,0.00116,0.00116,0,0.017,0.017,0,261.33333,257.71429,-16,0.02912,Moderate Risk
7.66648,24.1875,0.00116,0.017,254,7.65589,7.65481,0.01816,24.22917,24.24107,-0.0625,0.00116,0.00116,0,0.017,0.017,0,254.33333,259.57143,1,0.0245,Moderate Risk
7.6574,24.25,0.00116,0.017,257,7.65286,7.65221,0.00908,24.22917,24.22321,0,0.00116,0.00116,0,0.017,0.017,0,258.66667,259,-4,0.03,Moderate Risk
7.64832,24.25,0.00116,0.017,272,7.67556,7.66259,-0.07263,24.22917,24.22321,0.0625,0.00116,0.00116,0,0.017,0.017,0,267,262.14286,0,0.06871,Moderate Risk
7.67555,24.1875,0.00116,0.017,246,7.67404,7.6749,-0.01362,24.1875,24.19643,0,0.00116,0.00116,0,0.017,0.017,0,251.33333,255.57143,-15,0.03239,Moderate Risk
7.66648,24.1875,0.00116,0.017,247,7.66799,7.66972,0,24.1875,24.17857,0,0.00116,0.00116,0,0.017,0.017,0,254.33333,251.42857,-16,0.01867,Moderate Risk
7.6574,24.1875,0.00116,0.017,245,7.65437,7.66194,0.01816,24.1875,24.16964,0,0.00116,0.00116,0,0.017,0.017,0,249.33333,249.42857,-1,0.04145,Moderate Risk
7.68009,24.1875,0.00116,0.017,240,7.67858,7.6762,0,24.16667,24.14286,0.0625,0.00116,0.00116,0,0.017,0.017,0,241,246.28571,0,0.03332,Moderate Risk
7.65286,24.125,0.00116,0.017,240,7.66648,7.66648,-0.02723,24.125,24.11607,0,0.00116,0.00116,0,0.017,0.017,0,239.66667,240.14286,0,0.02838,Moderate Risk
7.6574,24.125,0.00116,0.017,250,7.64832,7.64962,0.00908,24.10417,24.09821,0,0.00116,0.00116,0,0.017,0.017,0,246,242.71429,-3,0.0354,High Risk
7.65286,24.0625,0.00116,0.017,237,7.65135,7.65091,0.00454,24.0625,24.08929,0,0.00116,0.00116,0,0.017,0.017,0,233.66667,236.57143,8,0.02939,Moderate Risk
7.67555,24.0625,0.00116,0.017,233,7.66799,7.6574,0.00453,24.0625,24.0625,0,0.00116,0.00116,0,0.017,0.017,0,234.66667,244,-2,0.03922,Moderate Risk
7.6574,24.0625,0.00116,0.017,237,7.66043,7.67037,-0.00454,24.04167,24.04464,0.0625,0.00116,0.00116,0,0.017,0.017,0,237,239.14286,-2,0.06725,Moderate Risk
7.68463,24,0.00116,0.017,246,7.67253,7.66907,0.01815,24,24,0,0.00116,0.00116,0,0.017,0.017,0,239.66667,240.28571,8,0.03391,Moderate Risk
7.66648,23.9375,0.00116,0.017,237,7.65891,7.6574,0.01362,23.9375,23.96429,0,0.00116,0.00116,0,0.017,0.017,0,238,237.28571,0,0.03328,Moderate Risk
7.64832,23.875,0.00116,0.017,236,7.64227,7.63276,0.00908,23.91667,23.91964,-0.0625,0.00116,0.00116,0,0.017,0.017,0,241.33333,236.14286,-15,0.07834,Moderate Risk
7.6574,23.8125,0.00116,0.017,239,7.65589,7.64443,0.00454,23.83333,23.83036,0,0.00116,0.00116,0,0.017,0.017,0,247.66667,247.14286,-14,0.04008,Moderate Risk
7.65286,23.8125,0.00116,0.017,240,7.64227,7.64637,0.0454,23.77083,23.76786,0.0625,0.00116,0.00116,0,0.017,0.017,0,241.66667,244.28571,0,0.05189,Moderate Risk
7.65286,23.75,0.00116,0.017,250,7.6574,7.6561,-0.01816,23.75,23.78571,0,0.00116,0.00116,0,0.017,0.017,0,246,250.42857,11,0.03749,Moderate Risk
7.6574,23.75,0.00116,0.017,237,7.65437,7.65416,0.00454,23.75,23.76786,0,0.00116,0.00116,0,0.017,0.017,0,241.66667,249.71429,-1,0.03159,Moderate Risk
7.65286,23.6875,0.00116,0.017,226,7.65437,7.66583,-0.00454,23.66667,23.66071,0,0.00116,0.00116,0,0.017,0.017,0,232.66667,233.57143,-4,0.04313,Moderate Risk
7.65286,23.625,0.00116,0.017,243,7.64227,7.64637,0.01362,23.625,23.63393,0,0.00116,0.00116,0,0.017,0.017,0,235.66667,233.71429,10,0.03202,Moderate Risk
7.60746,23.375,0.00116,0.017,254,7.60595,7.60876,0.00454,23.39583,23.41964,-0.0625,0.00116,0.00116,0,0.017,0.017,0,255.33333,255.28571,-11,0.02663,Moderate Risk
7.58023,23.5,0.00116,0.017,222,7.60292,7.59644,-0.03177,23.5,23.48214,0,0.00116,0.00116,0,0.017,0.017,0,235,236.85714,-19,0.04138,Moderate Risk
7.57569,23.5625,0.00116,0.017,266,7.57872,7.57893,-0.00908,23.52083,23.50893,0.0625,0.00116,0.00116,0,0.017,0.017,0,259.33333,253.85714,0,0.02319,Moderate Risk
7.58023,23.5625,0.00116,0.017,272,7.58477,7.58023,0,23.52083,23.51786,0.0625,0.00116,0.00116,0,0.017,0.017,0,261.33333,260.57143,15,0.03007,Moderate Risk
7.58023,23.625,0.00116,0.017,276,7.57418,7.5718,0.01362,23.625,23.625,0,0.00116,0.00116,0,0.017,0.017,0,265,258.28571,26,0.02125,Moderate Risk
7.56661,23.6875,0.00116,0.017,249,7.57266,7.59644,-0.00908,23.6875,23.66071,0,0.00116,0.00116,0,0.017,0.017,0,247.33333,258.28571,3,0.15947,Moderate Risk
7.58023,23.6875,0.00116,0.017,260,7.58779,7.58542,-0.00454,23.66667,23.67857,0.0625,0.00116,0.00116,0,0.017,0.017,0,255.33333,253.14286,9,0.02953,Moderate Risk
7.58023,23.75,0.00116,0.017,244,7.58174,7.58088,0,23.70833,23.70536,0.0625,0.00116,0.00116,0,0.017,0.017,0,249.66667,251,-1,0.04168,Moderate Risk
7.58477,23.8125,0.00116,0.017,243,7.57569,7.56661,0.01816,23.83333,23.83929,-0.0625,0.00116,0.00116,0,0.017,0.017,0,237.33333,237.71429,8,0.04772,Moderate Risk
7.58023,24.0625,0.00116,0.017,250,7.57569,7.57569,0.01362,24.0625,24.0625,0,0.00116,0.00116,0,0.017,0.017,0,243.66667,246.42857,9,0.01387,Moderate Risk
7.5893,24.125,0.00116,0.017,243,7.58023,7.57244,0.01361,24.10417,24.08929,0,0.00116,0.00116,0,0.017,0.017,0,248.33333,249.57143,-1,0.06438,Moderate Risk
7.58477,24.125,0.00116,0.017,258,7.57569,7.57764,0.02724,24.125,24.11607,0,0.00116,0.00116,0,0.017,0.017,0,251.33333,251,12,0.03133,Moderate Risk
7.58023,24.1875,0.00116,0.017,240,7.5772,7.57634,0.00454,24.14583,24.15179,0.0625,0.00116,0.00116,0,0.017,0.017,0,246.33333,245.28571,-2,0.02774,Moderate Risk
7.60292,24.125,0.00116,0.017,257,7.59233,7.58736,0.04085,24.16667,24.17857,-0.0625,0.00116,0.00116,0,0.017,0.017,0,248,247.42857,6,0.05236,Moderate Risk
7.60746,24.1875,0.00116,0.017,259,7.57871,7.57828,0.04085,24.20833,24.1875,0,0.00116,0.00116,0,0.017,0.017,0,247,247,17,0.05686,Moderate Risk
7.56207,24.1875,0.00116,0.017,249,7.54845,7.55688,0.03632,24.1875,24.20536,0,0.00116,0.00116,0,0.017,0.017,0,209.66667,234.28571,127,0.07803,Moderate Risk
7.55753,24.3125,0.00116,0.017,240,7.57115,7.57958,-0.0227,24.3125,24.27679,0,0.00116,0.00116,0,0.017,0.017,0,240,236.71429,0,0.04655,Moderate Risk
7.57569,24.3125,0.00116,0.017,233,7.58174,7.57699,-0.00908,24.3125,24.29464,0,0.00116,0.00116,0,0.017,0.017,0,234.66667,235,2,0.03466,Moderate Risk
7.56207,24.3125,0.00116,0.017,257,7.57266,7.57439,-0.01362,24.33333,24.33929,0,0.00116,0.00116,0,0.017,0.017,0,253.33333,243.57143,0,0.03465,Moderate Risk
7.58023,24.375,0.00116,0.017,240,7.5772,7.57699,0,24.35417,24.34821,0,0.00116,0.00116,0,0.017,0.017,0,240.66667,237.14286,-2,0.02534,Moderate Risk
7.55753,24.4375,0.00116,0.017,251,7.56056,7.5692,-0.00908,24.39583,24.40179,0.0625,0.00116,0.00116,0,0.017,0.017,0,241.66667,242,20,0.03691,Moderate Risk
7.55299,24.4375,0.00116,0.017,234,7.58174,7.5718,-0.05447,24.45833,24.44643,0,0.00116,0.00116,0,0.017,0.017,0,238.66667,240.85714,-13,0.05083,Moderate Risk
7.56661,24.5,0.00116,0.017,262,7.56661,7.56661,0,24.52083,24.48214,-0.0625,0.00116,0.00116,0,0.017,0.017,0,256,255.42857,1,0.0327,Moderate Risk
7.58477,24.5,0.00116,0.017,254,7.60444,7.58347,-0.08171,24.5,24.47321,0,0.00116,0.00116,0,0.017,0.017,0,251,252.14286,-2,0.09243,Moderate Risk
7.57569,24.5,0.00116,0.017,240,7.56812,7.58217,0.01362,24.5,24.49107,0,0.00116,0.00116,0,0.017,0.017,0,244,246.42857,-12,0.08847,Moderate Risk
7.57569,24.5625,0.00116,0.017,256,7.57418,7.57634,0,24.5625,24.57143,0,0.00116,0.00116,0,0.017,0.017,0,261.66667,258.85714,-10,0.03607,Moderate Risk
7.54845,24.5625,0.00116,0.017,255,7.56661,7.5692,-0.02724,24.5625,24.57143,0,0.00116,0.00116,0,0.017,0.017,0,259,257.28571,-1,0.03517,Moderate Risk
7.56661,24.5,0.00116,0.017,264,7.58023,7.57763,-0.01362,24.52083,24.53571,0,0.00116,0.00116,0,0.017,0.017,0,276.66667,278.57143,-15,0.0355,Moderate Risk
7.59384,24.5625,0.00116,0.017,255,7.58325,7.57828,0.01361,24.5625,24.54464,0,0.00116,0.00116,0,0.017,0.017,0,255.33333,255.85714,-1,0.0317,Moderate Risk
7.60292,24.625,0.00116,0.017,272,7.59233,7.58606,0.01815,24.58333,24.57143,0.0625,0.00116,0.00116,0,0.017,0.017,0,261.66667,260.14286,15,0.03448,Moderate Risk
7.59384,24.5625,0.00116,0.017,260,7.59384,7.58801,-0.00908,24.58333,24.57143,-0.0625,0.00116,0.00116,0,0.017,0.017,0,263,260.85714,-12,0.03448,Moderate Risk
7.58023,24.5625,0.00116,0.017,270,7.58326,7.58736,-0.00454,24.58333,24.57143,-0.0625,0.00116,0.00116,0,0.017,0.017,0,263.33333,259,16,0.0221,Moderate Risk
7.60292,24.5,0.00116,0.017,269,7.59535,7.59319,0.01362,24.5,24.5,0,0.00116,0.00116,0,0.017,0.017,0,270.33333,272,-1,0.01428,Moderate Risk
7.59838,24.5,0.00116,0.017,272,7.59838,7.59773,0,24.5,24.49107,0,0.00116,0.00116,0,0.017,0.017,0,272,273.85714,0,0.01524,Moderate Risk
7.60746,24.4375,0.00116,0.017,279,7.59989,7.59968,0.00908,24.4375,24.44643,0,0.00116,0.00116,0,0.017,0.017,0,286,280.85714,-10,0.02045,Moderate Risk
7.58477,24.4375,0.00116,0.017,246,7.58628,7.58477,0.00908,24.39583,24.39286,0.0625,0.00116,0.00116,0,0.017,0.017,0,254.66667,252.71429,-13,0.03263,Moderate Risk
7.58023,24.4375,0.00116,0.017,249,7.58628,7.58995,0,24.39583,24.39286,0.0625,0.00116,0.00116,0,0.017,0.017,0,252.33333,251.71429,2,0.03445,Moderate Risk
7.56661,24.375,0.00116,0.017,240,7.58476,7.5893,-0.02723,24.375,24.36607,0,0.00116,0.00116,0,0.017,0.017,0,240.33333,241,-1,0.03525,Moderate Risk
7.59384,24.25,0.00116,0.017,231,7.60595,7.60422,-0.0227,24.25,24.26786,0,0.00116,0.00116,0,0.017,0.017,0,232,234,-1,0.02981,Moderate Risk
7.59384,24.3125,0.00116,0.017,244,7.58477,7.59125,0.00907,24.27083,24.27679,0.0625,0.00116,0.00116,0,0.017,0.017,0,248,241.71429,-9,0.03397,High Risk
7.59838,24.25,0.00116,0.017,272,7.59687,7.59255,0,24.25,24.25,0,0.00116,0.00116,0,0.017,0.017,0,269,266.57143,1,0.01137,Moderate Risk
7.5893,24.25,0.00116,0.017,269,7.59233,7.59579,-0.00454,24.29167,24.26786,-0.0625,0.00116,0.00116,0,0.017,0.017,0,270.66667,266.42857,-3,0.02411,Moderate Risk
7.59384,24.125,0.00116,0.017,240,7.59233,7.59319,0.00454,24.16667,24.1875,-0.0625,0.00116,0.00116,0,0.017,0.017,0,240.33333,241.85714,0,0.02907,Moderate Risk
7.59384,24.1875,0.00116,0.017,240,7.59838,7.5893,0,24.1875,24.17857,0,0.00116,0.00116,0,0.017,0.017,0,243.33333,243,0,0.03465,Moderate Risk
7.5893,24.1875,0.00116,0.017,240,7.58628,7.58801,0.00453,24.1875,24.1875,0,0.00116,0.00116,0,0.017,0.017,0,239,241.57143,3,0.01252,Moderate Risk
7.612,24.125,0.00116,0.017,240,7.58779,7.58671,0.05447,24.16667,24.16964,-0.0625,0.00116,0.00116,0,0.017,0.017,0,245.33333,246.28571,-6,0.04792,High Risk
7.5893,24.125,0.00116,0.017,239,7.5893,7.5906,0,24.125,24.14286,0,0.00116,0.00116,0,0.017,0.017,0,239.33333,243.14286,0,0.02777,Moderate Risk
7.58023,24.125,0.00116,0.017,247,7.58628,7.58995,0,24.125,24.125,0,0.00116,0.00116,0,0.017,0.017,0,245,243.85714,-1,0.01692,Moderate Risk
7.59384,24.125,0.00116,0.017,245,7.59384,7.5919,0,24.125,24.125,0,0.00116,0.00116,0,0.017,0.017,0,244,242.28571,-2,0.02518,Moderate Risk
7.59838,24.0625,0.00116,0.017,238,7.60141,7.60097,-0.00454,24.08333,24.07143,0,0.00116,0.00116,0,0.017,0.017,0,239.66667,236.85714,-8,0.02067,Moderate Risk
7.59838,24.0625,0.00116,0.017,243,7.60292,7.60033,-0.01362,24.10417,24.08929,-0.0625,0.00116,0.00116,0,0.017,0.017,0,237,238.14286,6,0.03043,Moderate Risk
7.60292,24.0625,0.00116,0.017,236,7.59687,7.59773,0.00454,24.04167,24.05357,0,0.00116,0.00116,0,0.017,0.017,0,237,238.14286,-2,0.02403,Moderate Risk
7.53029,24.0625,0.00116,0.017,249,7.54088,7.54261,-0.01816,24.0625,24.0625,0,0.00116,0.00116,0,0.017,0.017,0,246.66667,248.14286,-1,0.01456,Moderate Risk
7.54391,24.0625,0.00116,0.017,249,7.54088,7.54067,0.00454,24.04167,24.05357,0,0.00116,0.00116,0,0.017,0.017,0,247.66667,243.71429,2,0.01868,Moderate Risk
7.53937,24.0625,0.00116,0.017,245,7.5424,7.5478,-0.00454,24.04167,24.05357,0,0.00116,0.00116,0,0.017,0.017,0,245.33333,243,0,0.05703,Moderate Risk
7.54845,24.0625,0.00116,0.017,247,7.54694,7.54391,0.00454,24.04167,24.04464,0,0.00116,0.00116,0,0.017,0.017,0,244.66667,244.85714,9,0.02433,Moderate Risk
7.54845,24,0.00116,0.017,255,7.54694,7.5478,0,24,24,0,0.00116,0.00116,0,0.017,0.017,0,252.66667,253.71429,5,0.00971,Moderate Risk
7.54391,24,0.00116,0.017,251,7.54694,7.54586,-0.01362,24,24,0,0.00116,0.00116,0,0.017,0.017,0,248,250.85714,0,0.01269,Moderate Risk
7.55299,24,0.00116,0.017,241,7.56207,7.55753,-0.00454,24,24,0,0.00116,0.00116,0,0.017,0.017,0,252.66667,255.71429,-17,0.02673,Moderate Risk
7.56207,23.9375,0.00116,0.017,229,7.55904,7.55688,0.00454,23.9375,23.9375,0,0.00116,0.00116,0,0.017,0.017,0,238.66667,251.57143,-15,0.00971,Moderate Risk
7.53483,23.9375,0.00116,0.017,239,7.53634,7.53678,0,23.9375,23.9375,0,0.00116,0.00116,0,0.017,0.017,0,241.66667,244.28571,-1,0.00714,Moderate Risk
7.53483,23.9375,0.00116,0.017,240,7.53634,7.53548,0,23.91667,23.92857,0,0.00116,0.00116,0,0.017,0.017,0,240.33333,242.42857,-1,0.01524,Moderate Risk
7.53483,23.875,0.00116,0.017,261,7.53483,7.53483,0,23.91667,23.91964,-0.0625,0.00116,0.00116,0,0.017,0.017,0,251.33333,247,14,0.01525,Moderate Risk
7.53029,24,0.00116,0.017,249,7.53332,7.53937,-0.00454,23.95833,23.95536,0.0625,0.00116,0.00116,0,0.017,0.017,0,252.66667,251.85714,-1,0.04756,Moderate Risk
7.52575,23.9375,0.00116,0.017,254,7.5318,7.53224,-0.00908,23.9375,23.94643,0,0.00116,0.00116,0,0.017,0.017,0,252,252.57143,-4,0.01896,Moderate Risk
7.52121,24,0.00116,0.017,239,7.5318,7.53288,-0.00908,24,23.99107,0,0.00116,0.00116,0,0.017,0.017,0,245.66667,246.42857,-12,0.03517,Moderate Risk
7.53029,24,0.00116,0.017,250,7.5318,7.5277,-0.00454,24,24,0,0.00116,0.00116,0,0.017,0.017,0,247.66667,248.28571,10,0.01269,Moderate Risk
7.52121,24.75,0.00116,0.017,225,7.52575,7.5277,-0.00454,24.75,24.75893,0,0.00116,0.00116,0,0.017,0.017,0,230,226.28571,-14,0.02336,Moderate Risk
7.51667,24.8125,0.00116,0.017,233,7.51516,7.51732,0.00454,24.79167,24.79464,0.0625,0.00116,0.00116,0,0.017,0.017,0,236.33333,235.28571,0,0.06137,Moderate Risk
7.52121,24.8125,0.00116,0.017,229,7.52424,7.51862,0,24.8125,24.80357,0,0.00116,0.00116,0,0.017,0.017,0,232,233.57143,-14,0.0245,Moderate Risk
7.52575,24.875,0.00116,0.017,234,7.52272,7.52316,0.00908,24.91667,24.90179,-0.0625,0.00116,0.00116,0,0.017,0.017,0,233.66667,238.42857,-2,0.03316,Moderate Risk
7.51667,24.875,0.00116,0.017,239,7.50457,7.51667,0.02269,24.91667,24.89286,-0.0625,0.00116,0.00116,0,0.017,0.017,0,239.33333,235.28571,-1,0.04197,Moderate Risk
7.53029,24.9375,0.00116,0.017,234,7.52726,7.52834,0.00454,24.95833,24.99107,-0.0625,0.00116,0.00116,0,0.017,0.017,0,234,234.28571,0,0.03043,Moderate Risk
7.53483,25,0.00116,0.017,235,7.53332,7.53224,0,25,24.99107,0,0.00116,0.00116,0,0.017,0.017,0,236.33333,238.42857,-2,0.02908,Moderate Risk
7.53029,25.0625,0.00116,0.017,250,7.52726,7.52964,0.00454,25.04167,25.04464,0,0.00116,0.00116,0,0.017,0.017,0,249.66667,246,0,0.02628,Moderate Risk
7.52575,25.0625,0.00116,0.017,239,7.52726,7.5238,0,25.0625,25.05357,0,0.00116,0.00116,0,0.017,0.017,0,239,239.14286,-1,0.02651,Moderate Risk
7.52575,25.0625,0.00116,0.017,252,7.52726,7.52834,0.00454,25.04167,25.04464,0.0625,0.00116,0.00116,0,0.017,0.017,0,246.66667,242.57143,-1,0.02554,Moderate Risk
7.53483,25.0625,0.00116,0.017,255,7.53483,7.53159,0,25.08333,25.07143,-0.0625,0.00116,0.00116,0,0.017,0.017,0,251.66667,255.57143,2,0.02319,Moderate Risk
7.53483,25.0625,0.00116,0.017,290,7.53483,7.53418,0,25.08333,25.07143,0,0.00116,0.00116,0,0.017,0.017,0,286.66667,284.71429,5,0.01524,Moderate Risk
7.54391,25.0625,0.00116,0.017,284,7.53634,7.53742,0.01362,25.0625,25.0625,0,0.00116,0.00116,0,0.017,0.017,0,286.66667,287.57143,-2,0.02561,Moderate Risk
7.53483,25.0625,0.00116,0.017,287,7.53483,7.53418,0,25.0625,25.07143,0,0.00116,0.00116,0,0.017,0.017,0,287.66667,284.71429,0,0.01524,Moderate Risk
7.53483,25.0625,0.00116,0.017,283,7.53483,7.53418,0,25.0625,25.0625,0,0.00116,0.00116,0,0.017,0.017,0,285.66667,284.71429,-4,0.00343,Moderate Risk
7.56661,25.0625,0.00116,0.017,275,7.54391,7.54261,0.03632,25.0625,25.0625,0,0.00116,0.00116,0,0.017,0.017,0,280,283.71429,-17,0.02998,Moderate Risk
7.53483,25.0625,0.00116,0.017,283,7.53332,7.53159,0,25.0625,25.0625,0,0.00116,0.00116,0,0.017,0.017,0,281.33333,283.14286,4,0.01358,Moderate Risk
7.54845,25.0625,0.00116,0.017,264,7.56207,7.54521,-0.04539,25.0625,25.0625,0,0.00116,0.00116,0,0.017,0.017,0,256.33333,255.28571,15,0.045,Moderate Risk
7.53483,25.0625,0.00116,0.017,261,7.53483,7.53483,0,25.0625,25.04464,0,0.00116,0.00116,0,0.017,0.017,0,259.66667,258.85714,3,0.01525,Moderate Risk
7.54391,25,0.00116,0.017,261,7.53786,7.53613,0.00908,25.02083,25.00893,0,0.00116,0.00116,0,0.017,0.017,0,264.66667,264.14286,-11,0.01868,Moderate Risk
7.53029,25,0.00116,0.017,257,7.53332,7.52964,-0.00454,24.97917,24.98214,0,0.00116,0.00116,0,0.017,0.017,0,255.33333,256.71429,1,0.03894,Moderate Risk
7.53483,24.9375,0.00116,0.017,261,7.53332,7.53353,0,24.9375,24.94643,0,0.00116,0.00116,0,0.017,0.017,0,263.33333,264.71429,-11,0.01624,Moderate Risk
7.53483,24.9375,0.00116,0.017,241,7.53483,7.55364,0,24.9375,24.91964,0,0.00116,0.00116,0,0.017,0.017,0,242.33333,241.57143,-5,0.11477,Moderate Risk
7.53937,24.8125,0.00116,0.017,240,7.53786,7.53872,0.00454,24.8125,24.8125,0,0.00116,0.00116,0,0.017,0.017,0,243.66667,241.42857,0,0.00627,Moderate Risk
7.54845,24.6875,0.00116,0.017,241,7.54542,7.54521,0.00908,24.70833,24.71429,0,0.00116,0.00116,0,0.017,0.017,0,240.66667,244.42857,1,0.02534,Moderate Risk
7.54391,24.6875,0.00116,0.017,241,7.54845,7.55883,-0.01362,24.6875,24.71429,0,0.00116,0.00116,0,0.017,0.017,0,246,248,2,0.05512,Moderate Risk
7.54391,24.6875,0.00116,0.017,241,7.54694,7.54845,-0.00454,24.66667,24.67857,0.0625,0.00116,0.00116,0,0.017,0.017,0,246,246.85714,-14,0.02353,Moderate Risk
7.55753,24.6875,0.00116,0.017,240,7.64529,7.58931,-0.27237,24.66667,24.64286,0.0625,0.00116,0.00116,0,0.017,0.017,0,240.33333,245.71429,-1,0.22785,Moderate Risk
7.54391,24.625,0.00116,0.017,240,7.56661,7.56726,-0.05447,24.625,24.61607,0,0.00116,0.00116,0,0.017,0.017,0,244.66667,245.42857,-14,0.08395,Moderate Risk
7.54391,24.5625,0.00116,0.017,254,7.56056,7.55688,-0.01362,24.58333,24.60714,0,0.00116,0.00116,0,0.017,0.017,0,253.66667,251.28571,1,0.03952,Moderate Risk
7.59838,24.4375,0.00116,0.017,253,7.58325,7.57828,0.02269,24.47917,24.5,-0.0625,0.00116,0.00116,0,0.017,0.017,0,247.33333,245.85714,8,0.03755,Moderate Risk
7.56207,24.5,0.00116,0.017,250,7.56661,7.57115,0,24.47917,24.49107,0.0625,0.00116,0.00116,0,0.017,0.017,0,246.66667,244,2,0.06578,Moderate Risk
7.56207,24.4375,0.00116,0.017,242,7.56055,7.56207,0.04086,24.4375,24.4375,0,0.00116,0.00116,0,0.017,0.017,0,238,238.14286,6,0.04539,Moderate Risk
7.55299,24.4375,0.00116,0.017,238,7.55753,7.51408,-0.00454,24.41667,24.42857,0.0625,0.00116,0.00116,0,0.017,0.017,0,239.66667,239.14286,-7,0.24982,Moderate Risk
7.55753,24.375,0.00116,0.017,239,7.55904,7.56401,-0.00454,24.375,24.38393,0,0.00116,0.00116,0,0.017,0.017,0,240.66667,242,-7,0.03947,Moderate Risk
7.56207,24.375,0.00116,0.017,249,7.55753,7.56077,0.01362,24.375,24.36607,0,0.00116,0.00116,0,0.017,0.017,0,238.66667,240.85714,16,0.02815,Moderate Risk
7.55299,24.25,0.00116,0.017,256,7.55904,7.55948,-0.01362,24.27083,24.28571,-0.0625,0.00116,0.00116,0,0.017,0.017,0,250.66667,249.85714,16,0.027,High Risk
7.55299,24.25,0.00116,0.017,240,7.5545,7.56012,-0.00908,24.25,24.24107,0,0.00116,0.00116,0,0.017,0.017,0,244.33333,249.42857,-11,0.02554,High Risk
7.56661,24.25,0.00116,0.017,256,7.51365,7.54002,0.14527,24.25,24.24107,0,0.00116,0.00116,0,0.017,0.017,0,250,249.14286,2,0.11736,Moderate Risk
7.55299,24.25,0.00116,0.017,240,7.55904,7.56402,-0.00454,24.22917,24.21429,0.0625,0.00116,0.00116,0,0.017,0.017,0,245.33333,246.57143,-14,0.0314,High Risk
7.54391,24.1875,0.00116,0.017,258,7.54996,7.55753,-0.00454,24.1875,24.1875,0,0.00116,0.00116,0,0.017,0.017,0,253.33333,256,0,0.01739,Moderate Risk
7.55753,24.0625,0.00116,0.017,258,7.5545,7.55688,0,24.10417,24.08929,-0.0625,0.00116,0.00116,0,0.017,0.017,0,257.66667,257.71429,1,0.02487,Moderate Risk
7.56207,24.0625,0.00116,0.017,272,7.56056,7.56337,0,24.08333,24.09821,0,0.00116,0.00116,0,0.017,0.017,0,262.33333,265.14286,14,0.04429,Moderate Risk
7.54845,24.0625,0.00116,0.017,259,7.5424,7.54391,0.00908,24.04167,24.03571,0,0.00116,0.00116,0,0.017,0.017,0,252,255.14286,12,0.02412,Moderate Risk
7.53483,24,0.00116,0.017,259,7.53937,7.54067,-0.00908,24.02083,24.01786,-0.0625,0.00116,0.00116,0,0.017,0.017,0,265.33333,267.85714,-7,0.02535,Moderate Risk
7.53937,24.0625,0.00116,0.017,254,7.55601,7.54715,-0.05447,24.02083,24.01786,0.0625,0.00116,0.00116,0,0.017,0.017,0,256,260,-2,0.05709,Moderate Risk
7.54391,24,0.00116,0.017,243,7.55602,7.54715,-0.0227,24.02083,24.01786,-0.0625,0.00116,0.00116,0,0.017,0.017,0,254.66667,257.57143,-17,0.03731,Moderate Risk
7.53483,24.0625,0.00116,0.017,242,7.53786,7.53678,0,24.0625,24.0625,0,0.00116,0.00116,0,0.017,0.017,0,243,243.85714,-1,0.00714,High Risk
7.54391,24.0625,0.00116,0.017,254,7.53786,7.53548,0.00908,24.04167,24.03571,0,0.00116,0.00116,0,0.017,0.017,0,247.66667,243.57143,5,0.02487,Moderate Risk
7.53483,24.0625,0.00116,0.017,259,7.53937,7.54132,-0.01362,24.08333,24.08036,0,0.00116,0.00116,0,0.017,0.017,0,262,254.28571,-7,0.03612,Moderate Risk
7.53483,24.0625,0.00116,0.017,247,7.54694,7.54261,-0.03632,24.0625,24.08036,0,0.00116,0.00116,0,0.017,0.017,0,256.66667,257.42857,-17,0.04234,Moderate Risk
7.53483,24.125,0.00116,0.017,253,7.53483,7.53678,0,24.08333,24.09821,0.0625,0.00116,0.00116,0,0.017,0.017,0,248.33333,250.57143,1,0.027,Moderate Risk
7.52575,24.25,0.00116,0.017,254,7.52878,7.52575,-0.00454,24.22917,24.20536,0,0.00116,0.00116,0,0.017,0.017,0,250.66667,248.42857,-2,0.02433,Moderate Risk
7.53483,24.25,0.00116,0.017,252,7.53483,7.53418,0,24.25,24.25,0,0.00116,0.00116,0,0.017,0.017,0,249,251.71429,0,0.00343,Moderate Risk
7.53483,24.3125,0.00116,0.017,247,7.53332,7.53288,0.00454,24.3125,24.3125,0,0.00116,0.00116,0,0.017,0.017,0,249,255.14286,-4,0.00485,Moderate Risk
7.53483,24.375,0.00116,0.017,240,7.53332,7.53288,0,24.33333,24.32143,0.0625,0.00116,0.00116,0,0.017,0.017,0,246,252.85714,-7,0.01666,Moderate Risk
7.53483,24.375,0.00116,0.017,250,7.53483,7.53353,0,24.35417,24.33036,0,0.00116,0.00116,0,0.017,0.017,0,245.66667,250.42857,10,0.01968,Moderate Risk
7.53483,24.4375,0.00116,0.017,239,7.53483,7.53483,0.00454,24.39583,24.39286,0.0625,0.00116,0.00116,0,0.017,0.017,0,244,243.28571,-1,0.02049,Moderate Risk
7.53483,24.4375,0.00116,0.017,256,7.53332,7.53418,0,24.45833,24.45536,-0.0625,0.00116,0.00116,0,0.017,0.017,0,248.66667,246.71429,12,0.01868,Moderate Risk
7.53483,24.4375,0.00116,0.017,250,7.53483,7.53678,0,24.47917,24.47321,-0.0625,0.00116,0.00116,0,0.017,0.017,0,250,249.14286,1,0.027,Moderate Risk
7.53483,24.5625,0.00116,0.017,241,7.53332,7.53807,0,24.5625,24.54464,0,0.00116,0.00116,0,0.017,0.017,0,244.33333,246.57143,-11,0.03319,Moderate Risk
7.53483,24.5,0.00116,0.017,253,7.53483,7.53807,0,24.52083,24.53571,0,0.00116,0.00116,0,0.017,0.017,0,248.66667,248.71429,1,0.03465,Moderate Risk
7.53483,24.6875,0.00116,0.017,248,7.53483,7.53418,0,24.64583,24.63393,0.0625,0.00116,0.00116,0,0.017,0.017,0,251,253.42857,1,0.01524,Moderate Risk
7.53483,24.6875,0.00116,0.017,251,7.53332,7.53418,0,24.66667,24.66071,0.0625,0.00116,0.00116,0,0.017,0.017,0,257.66667,251.14286,-6,0.02014,Moderate Risk
7.53483,24.625,0.00116,0.017,243,7.53483,7.53483,0,24.66667,24.65179,-0.0625,0.00116,0.00116,0,0.017,0.017,0,246,248.28571,-6,0.0167,Moderate Risk
7.53483,24.75,0.00116,0.017,262,7.53483,7.53548,0,24.72917,24.74107,0.0625,0.00116,0.00116,0,0.017,0.017,0,252.33333,248.57143,12,0.025,Moderate Risk
7.53483,24.75,0.00116,0.017,252,7.53332,7.53288,0.00454,24.75,24.74107,0,0.00116,0.00116,0,0.017,0.017,0,248.66667,247.71429,-2,0.01666,Moderate Risk
7.53483,24.6875,0.00116,0.017,239,7.53483,7.53483,0,24.70833,24.72321,0,0.00116,0.00116,0,0.017,0.017,0,246,246.71429,-17,0.0167,Moderate Risk
7.53483,24.75,0.00116,0.017,243,7.53634,7.53548,-0.00454,24.75,24.75,0,0.00116,0.00116,0,0.017,0.017,0,242.66667,243.28571,2,0.00343,Moderate Risk
7.53483,24.8125,0.00116,0.017,243,7.53937,7.53678,0,24.8125,24.8125,0,0.00116,0.00116,0,0.017,0.017,0,249.33333,255.42857,0,0.0103,Moderate Risk
7.53483,24.875,0.00116,0.017,251,7.53483,7.53483,0,24.85417,24.85714,0,0.00116,0.00116,0,0.017,0.017,0,246.66667,246.42857,6,0.02049,Moderate Risk
7.53483,24.875,0.00116,0.017,255,7.53483,7.54261,0,24.875,24.875,0,0.00116,0.00116,0,0.017,0.017,0,252.66667,252.57143,2,0.02998,Moderate Risk
7.53483,24.875,0.00116,0.017,246,7.53483,7.53807,0,24.875,24.88393,0,0.00116,0.00116,0,0.017,0.017,0,253.66667,252.28571,-10,0.02191,Moderate Risk
7.53483,24.9375,0.00116,0.017,251,7.53332,7.53483,0.00454,24.9375,24.94643,0,0.00116,0.00116,0,0.017,0.017,0,244,244.85714,10,0.01705,Moderate Risk
7.53483,25.0625,0.00116,0.017,241,7.53786,7.53613,-0.00454,25.04167,25.03571,0,0.00116,0.00116,0,0.017,0.017,0,240.33333,241.42857,1,0.02113,Moderate Risk
7.53483,25.0625,0.00116,0.017,249,7.53634,7.53548,-0.00454,25.0625,25.0625,0,0.00116,0.00116,0,0.017,0.017,0,244,247.85714,9,0.00343,Moderate Risk
7.54391,25.0625,0.00116,0.017,253,7.53937,7.53807,0.00454,25.0625,25.0625,0,0.00116,0.00116,0,0.017,0.017,0,247.33333,252.28571,7,0.00864,Moderate Risk
7.53483,25.0625,0.00116,0.017,249,7.53483,7.54196,0,25.10417,25.08929,-0.0625,0.00116,0.00116,0,0.017,0.017,0,252.33333,245,-2,0.05062,Moderate Risk
7.54391,25.125,0.00116,0.017,256,7.5424,7.53937,0,25.125,25.11607,0,0.00116,0.00116,0,0.017,0.017,0,256.33333,251.14286,0,0.02089,Moderate Risk
7.55753,25.1875,0.00116,0.017,265,7.5424,7.53807,0.0227,25.1875,25.17857,0,0.00116,0.00116,0,0.017,0.017,0,267.66667,265.42857,-2,0.02897,Moderate Risk
7.53483,25.25,0.00116,0.017,265,7.5424,7.54002,-0.0227,25.20833,25.1875,0.0625,0.00116,0.00116,0,0.017,0.017,0,259.66667,254.14286,0,0.03652,Moderate Risk
7.53483,25.25,0.00116,0.017,240,7.53786,7.54067,-0.00454,25.27083,25.26786,0,0.00116,0.00116,0,0.017,0.017,0,248.33333,252,-6,0.03072,Moderate Risk
7.60746,25.3125,0.00116,0.017,251,7.5545,7.54975,0.06355,25.29167,25.29464,0.0625,0.00116,0.00116,0,0.017,0.017,0,255,248.71429,-14,0.07541,Moderate Risk
7.54391,25.3125,0.00116,0.017,247,7.54542,7.54196,-0.00454,25.27083,25.25893,0.0625,0.00116,0.00116,0,0.017,0.017,0,251,250.85714,-3,0.02211,Moderate Risk
7.53937,25.25,0.00116,0.017,251,7.5424,7.54261,-0.00908,25.27083,25.29464,-0.0625,0.00116,0.00116,0,0.017,0.017,0,254.33333,252.14286,2,0.02389,Moderate Risk
7.54845,25.3125,0.00116,0.017,256,7.54845,7.5491,0,25.33333,25.32143,0,0.00116,0.00116,0,0.017,0.017,0,257.33333,258.28571,-1,0.01998,Moderate Risk
7.55753,25.375,0.00116,0.017,259,7.54845,7.54975,0.00908,25.33333,25.32143,0.0625,0.00116,0.00116,0,0.017,0.017,0,258,257,2,0.03123,Moderate Risk
7.55753,25.3125,0.00116,0.017,261,7.5424,7.55364,0.01362,25.3125,25.3125,0,0.00116,0.00116,0,0.017,0.017,0,264,262.14286,-2,0.03572,Moderate Risk
7.55753,25.3125,0.00116,0.017,272,7.56812,7.56142,-0.03177,25.33333,25.32143,0,0.00116,0.00116,0,0.017,0.017,0,275,271.42857,-11,0.03718,Moderate Risk
7.55753,25.3125,0.00116,0.017,288,7.55904,7.56077,-0.00454,25.3125,25.32143,0,0.00116,0.00116,0,0.017,0.017,0,286,286.42857,4,0.02045,Moderate Risk
7.59384,25.25,0.00116,0.017,294,7.60595,7.58606,-0.0227,25.25,25.26786,0,2.33223,3.53833,-4.54676,0.017,0.017,0,275.33333,268.85714,28,3.71114,Moderate Risk
7.58477,25.25,0.00116,0.017,298,7.57418,7.58801,0.00908,25.22917,25.25,0.0625,0.00116,1.45937,0,0.017,0.017,0,296.66667,282,-1,3.8953,Moderate Risk
7.58477,25.25,0.00116,0.017,292,7.5772,7.58023,0.01816,25.22917,25.23214,0.0625,0.00116,0.00116,0,0.017,0.017,0,291.66667,290.71429,-1,0.03007,Moderate Risk
7.57569,25.1875,0.00116,0.017,294,7.58023,7.57893,-0.00454,25.1875,25.20536,0,0.00116,0.00116,0,0.017,0.017,0,293.66667,295.85714,1,0.02389,Moderate Risk
7.58477,25.1875,0.00116,0.017,297,7.58477,7.58282,0,25.20833,25.20536,-0.0625,0.00116,0.00116,0,0.017,0.017,0,292,293.42857,13,0.02239,Moderate Risk
7.58477,25.1875,0.00116,0.017,285,7.57872,7.57699,0.00908,25.1875,25.19643,0,0.00116,0.00116,0,0.017,0.017,0,283.33333,280.85714,3,0.04442,Moderate Risk
7.57569,25.1875,0.00116,0.017,282,7.58477,7.58217,0,25.16667,25.16071,0.0625,0.00116,0.00116,0,0.017,0.017,0,272.66667,273.57143,15,0.06082,Moderate Risk
7.55753,25.125,0.00116,0.017,266,7.56812,7.58931,-0.00908,25.125,25.13393,0,0.00116,0.66818,0,0.017,0.017,0,276.66667,268.14286,-5,3.61783,Moderate Risk
7.58023,25.0625,0.00116,0.017,261,7.58477,7.57374,-0.01815,25.10417,25.11607,-0.0625,0.00116,0.00116,0,0.017,0.017,0,258,262.57143,7,0.03897,Moderate Risk
7.58023,25.125,0.00116,0.017,254,7.58931,7.58477,-0.02723,25.125,25.125,0,0.00116,0.00116,0,0.017,0.017,0,253.66667,254.57143,1,0.02723,Moderate Risk
7.57569,25.0625,0.00116,0.017,250,7.58174,7.57958,-0.00908,25.0625,25.0625,0,0.00116,0.00116,0,0.017,0.017,0,255.33333,250.71429,0,0.01429,Moderate Risk
7.57569,25.0625,0.00116,0.017,266,7.5772,7.58347,-0.00454,25.0625,25.0625,0,0.00116,0.00116,0,0.017,0.017,0,259.66667,254.14286,7,0.01547,Moderate Risk
7.58477,25.0625,0.00116,0.017,249,7.58477,7.58347,0,25.0625,25.05357,0,0.00116,0.00116,0,0.017,0.017,0,255,255.14286,0,0.0389,Moderate Risk
7.58023,25,0.00116,0.017,250,7.57872,7.57828,0,25.02083,25.04464,0,0.00116,0.00116,0,0.017,0.017,0,247.66667,255.85714,3,0.02897,Moderate Risk
7.59838,25,0.00116,0.017,263,7.59687,7.58736,0.01361,25.04167,25.02679,-0.0625,0.00116,0.00116,0,0.017,0.017,0,259,255.57143,14,0.03885,Moderate Risk
7.58023,25,0.00116,0.017,260,7.58931,7.5906,0.00454,24.97917,24.96429,0.0625,0.00116,0.00116,0,0.017,0.017,0,256,253.85714,-1,0.04328,Moderate Risk
7.59384,24.9375,0.00116,0.017,259,7.58628,7.58606,0.01361,24.9375,24.95536,0,0.00116,0.00116,0,0.017,0.017,0,258,256.85714,3,0.03393,Moderate Risk
7.57569,25,0.00116,0.017,263,7.58174,7.58153,0,24.97917,24.96429,0,0.00116,0.00116,0,0.017,0.017,0,259.33333,257.28571,11,0.03028,Moderate Risk
7.57569,24.9375,0.00116,0.017,247,7.58628,7.58671,-0.00908,24.9375,24.9375,0,0.00116,0.00116,0,0.017,0.017,0,251.66667,254.28571,-14,0.01726,Moderate Risk
7.57569,25,0.00116,0.017,265,7.5772,7.57958,-0.00908,24.97917,24.96429,0.0625,0.00116,0.00116,0,0.017,0.017,0,252,255.85714,20,0.02774,Moderate Risk
7.57569,24.9375,0.00116,0.017,250,7.58628,7.59125,-0.01361,24.89583,24.89286,0.0625,0.00116,0.00116,0,0.017,0.017,0,251.33333,256.85714,-1,0.03739,Moderate Risk
7.57569,24.875,0.00116,0.017,253,7.58477,7.58671,-0.00908,24.875,24.89286,0,0.00116,0.00116,0,0.017,0.017,0,257,255.85714,3,0.0317,Moderate Risk
7.59838,24.875,0.00116,0.017,262,7.59687,7.59968,-0.00454,24.875,24.85714,0,0.00116,0.00116,0,0.017,0.017,0,258,258.28571,-1,0.02663,Moderate Risk
7.59384,24.875,0.00116,0.017,251,7.59535,7.59643,-0.00454,24.875,24.875,0,0.00116,0.00116,0,0.017,0.017,0,254.33333,257.85714,4,0.00886,Moderate Risk
7.60292,24.875,0.00116,0.017,250,7.59082,7.58995,0.02269,24.85417,24.86607,0,0.00116,0.00116,0,0.017,0.017,0,253.33333,254.85714,-14,0.02609,Moderate Risk
7.59838,24.875,0.00116,0.017,248,7.58779,7.58477,0.01815,24.83333,24.83036,0.0625,0.00116,0.00116,0,0.017,0.017,0,256.33333,254.85714,-19,0.03007,Moderate Risk
7.59838,24.8125,0.00116,0.017,250,7.59687,7.58866,0.00454,24.83333,24.82143,0,0.00116,0.00116,0,0.017,0.017,0,254.33333,258.85714,-15,0.02952,High Risk
7.59384,24.8125,0.00116,0.017,262,7.58325,7.58606,0,24.79167,24.78571,0.0625,0.00116,0.00116,0,0.017,0.017,0,262,256.85714,1,0.06201,Moderate Risk
7.59384,24.75,0.00116,0.017,248,7.59233,7.59255,-0.00454,24.75,24.77679,0,0.00116,0.00116,0,0.017,0.017,0,251.33333,257.42857,1,0.03813,Moderate Risk
7.59384,24.75,0.00116,0.017,259,7.5893,7.58865,0.01361,24.75,24.75,0,0.00116,0.00116,0,0.017,0.017,0,255,255,6,0.02643,Moderate Risk
7.59384,24.6875,0.00116,0.017,259,7.59535,7.59449,-0.00454,24.70833,24.70536,-0.0625,0.00116,0.00116,0,0.017,0.017,0,260.33333,255.71429,-2,0.03134,Moderate Risk
7.59384,24.625,0.00116,0.017,259,7.59535,7.59773,0,24.64583,24.64286,-0.0625,0.00116,0.00116,0,0.017,0.017,0,250.33333,254.42857,14,0.03218,High Risk
7.58477,24.625,0.00116,0.017,256,7.58326,7.5893,0.00454,24.64583,24.65179,-0.0625,0.00116,0.00116,0,0.017,0.017,0,252.66667,248.57143,11,0.02954,Moderate Risk
7.59838,24.5625,0.00116,0.017,244,7.59384,7.59319,0,24.58333,24.58036,-0.0625,0.00116,0.00116,0,0.017,0.017,0,248,248.85714,1,0.02745,Moderate Risk
7.59384,24.5625,0.00116,0.017,260,7.59233,7.59254,0.00454,24.5625,24.5625,0,0.00116,0.00116,0,0.017,0.017,0,253.66667,250.28571,2,0.00863,Moderate Risk
7.59838,24.5,0.00116,0.017,243,7.59838,7.59838,0,24.54167,24.53571,-0.0625,0.00116,0.00116,0,0.017,0.017,0,246.33333,247.14286,3,0.02195,Moderate Risk
7.59384,24.5625,0.00116,0.017,240,7.59082,7.59838,0.00907,24.54167,24.54464,0,0.00116,0.00116,0,0.017,0.017,0,241,243.14286,-1,0.03263,Moderate Risk
7.5893,24.5,0.00116,0.017,256,7.59384,7.59903,-0.00454,24.5,24.5,0,0.00116,0.00116,0,0.017,0.017,0,249.33333,253.14286,13,0.01429,High Risk
7.59838,24.375,0.00116,0.017,247,7.57417,7.588,0.06809,24.375,24.375,0,0.00116,0.00116,0,0.017,0.017,0,245,250.14286,3,0.05128,Moderate Risk
7.58477,24.375,0.00116,0.017,247,7.57266,7.58282,0.00908,24.35417,24.34821,0,0.00116,0.00116,0,0.017,0.017,0,252,252.71429,0,0.04283,Moderate Risk
7.63016,24.3125,0.00116,0.017,260,7.60897,7.59838,0.03632,24.3125,24.34821,0,0.00116,0.00116,0,0.017,0.017,0,252,250.42857,13,0.05186,Moderate Risk
7.58477,24.125,0.00116,0.017,229,7.59384,7.59255,-0.01361,24.10417,24.10714,0.0625,0.00116,0.00116,0,0.017,0.017,0,232.33333,237.14286,-3,0.04476,High Risk
7.59838,24.125,0.00116,0.017,226,7.60141,7.59644,-0.00908,24.125,24.09821,0,0.00116,0.00116,0,0.017,0.017,0,226.66667,227.42857,-1,0.03139,High Risk
7.60292,24,0.00116,0.017,233,7.59233,7.57179,0.00908,24.04167,24.0625,-0.0625,0.00116,0.00116,0,0.017,0.017,0,232.33333,235.85714,2,0.14367,High Risk
7.60292,24,0.00116,0.017,237,7.59687,7.59125,0.00908,23.97917,23.99107,0,0.00116,0.00116,0,0.017,0.017,0,240,238.85714,-6,0.05499,High Risk
7.60746,24,0.00116,0.017,245,7.59838,7.59968,0.00908,24,23.98214,0,0.00116,0.00116,0,0.017,0.017,0,243.33333,237.28571,5,0.02778,High Risk
7.59838,23.9375,0.00116,0.017,235,7.61351,7.60811,-0.04994,23.9375,23.94643,0,0.00116,0.00116,0,0.017,0.017,0,241.66667,245.85714,-2,0.04867,Moderate Risk
7.60292,23.9375,0.00116,0.017,247,7.60141,7.60616,-0.00454,23.95833,23.95536,0,0.00116,0.00116,0,0.017,0.017,0,242.33333,244.71429,7,0.05367,High Risk
7.58023,24,0.00116,0.017,238,7.59687,7.60357,-0.02269,23.95833,23.95536,0.0625,0.00116,0.00116,0,0.017,0.017,0,241.66667,241.42857,-9,0.05829,High Risk
7.60746,23.875,0.00116,0.017,234,7.60595,7.60876,0,23.91667,23.91071,-0.0625,0.00116,0.00116,0,0.017,0.017,0,241,241.28571,-10,0.02809,High Risk
7.59838,23.8125,0.00116,0.017,249,7.60443,7.60292,-0.00908,23.85417,23.86607,-0.0625,0.00116,0.00116,0,0.017,0.017,0,241.33333,240,13,0.01923,High Risk
7.59838,23.875,0.00116,0.017,246,7.59838,7.60487,-0.00454,23.89583,23.88393,-0.0625,0.00116,0.00116,0,0.017,0.017,0,241,244.42857,16,0.03269,High Risk
7.58477,23.75,0.00116,0.017,224,7.60141,7.61006,-0.02269,23.72917,23.72321,0,0.00116,0.00116,0,0.017,0.017,0,224.33333,228.57143,-6,0.04121,Moderate Risk
7.612,23.6875,0.00116,0.017,233,7.60443,7.60033,0.01362,23.70833,23.72321,0,0.00116,0.00116,0,0.017,0.017,0,224,225.85714,12,0.04064,Moderate Risk
7.58477,23.6875,0.00116,0.017,226,7.59082,7.5919,0.00454,23.72917,23.71429,-0.0625,0.00116,0.00116,0,0.017,0.017,0,226,234,2,0.03549,Moderate Risk
7.58477,23.6875,0.00116,0.017,227,7.58931,7.58931,-0.02269,23.72917,23.72321,-0.0625,0.00116,0.00116,0,0.017,0.017,0,229.66667,235,0,0.04184,Moderate Risk
7.59838,23.6875,0.00116,0.017,237,7.59082,7.5906,0.00908,23.72917,23.71429,-0.0625,0.00116,0.00116,0,0.017,0.017,0,227.66667,232.71429,14,0.03303,Moderate Risk
7.58477,23.6875,0.00116,0.017,238,7.59687,7.60163,-0.03631,23.70833,23.72321,0,0.00116,0.00116,0,0.017,0.017,0,234.66667,234.42857,-1,0.09206,Moderate Risk
7.59384,23.6875,0.00116,0.017,231,7.58022,7.58736,0.00454,23.6875,23.6875,0,0.00116,0.00116,0,0.017,0.017,0,232.66667,224.71429,-2,0.02716,Moderate Risk
7.59384,23.6875,0.00116,0.017,231,7.5893,7.59384,0.00454,23.6875,23.6875,0,0.00116,0.00116,0,0.017,0.017,0,229.33333,229.28571,12,0.03056,Moderate Risk
7.59838,23.6875,0.00116,0.017,231,7.59838,7.59773,-0.00454,23.66667,23.66964,0.0625,0.00116,0.00116,0,0.017,0.017,0,238.66667,236.57143,-14,0.02746,Moderate Risk
7.59384,23.625,0.00116,0.017,238,7.59233,7.59254,0.00907,23.625,23.625,0,0.00116,0.00116,0,0.017,0.017,0,245,243.85714,-8,0.0101,Moderate Risk
7.58477,23.625,0.00116,0.017,227,7.58174,7.58866,0.0227,23.625,23.625,0,0.00116,0.00116,0,0.017,0.017,0,232.33333,233.85714,-13,0.02643,Moderate Risk
7.59384,23.625,0.00116,0.017,247,7.60595,7.59514,-0.03178,23.625,23.61607,0,0.00116,0.00116,0,0.017,0.017,0,256,252,-16,0.04086,Moderate Risk
7.58477,23.625,0.00116,0.017,258,7.59384,7.59384,-0.00907,23.58333,23.59821,0.0625,0.00116,0.00116,0,0.017,0.017,0,258.33333,256.85714,-3,0.03152,Moderate Risk
7.58477,23.5625,0.00116,0.017,255,7.59384,7.59449,-0.01815,23.58333,23.58036,-0.0625,0.00116,0.00116,0,0.017,0.017,0,255,255.85714,1,0.02627,Moderate Risk
7.60292,23.5625,0.00116,0.017,249,7.612,7.60551,-0.0227,23.5625,23.5625,0,0.00116,0.00116,0,0.017,0.017,0,246.66667,247.42857,-2,0.02021,Moderate Risk
7.60292,23.5625,0.00116,0.017,248,7.61049,7.60681,0,23.5625,23.5625,0,0.00116,0.00116,0,0.017,0.017,0,249.33333,248.14286,-1,0.01772,Moderate Risk
7.59384,23.5625,0.00116,0.017,247,7.59838,7.60097,0,23.5625,23.57143,0,0.00116,0.00116,0,0.017,0.017,0,245,245,-2,0.02336,Moderate Risk
7.59384,23.5625,0.00116,0.017,255,7.60443,7.60227,-0.01816,23.5625,23.5625,0,0.00116,0.00116,0,0.017,0.017,0,250.33333,251,15,0.02188,Moderate Risk
7.61654,23.5625,0.00116,0.017,262,7.60443,7.60811,0.01362,23.5625,23.55357,0,0.00116,0.00116,0,0.017,0.017,0,258.33333,256.14286,5,0.04025,Moderate Risk
7.59384,23.5625,0.00116,0.017,259,7.59838,7.59773,-0.00454,23.54167,23.52679,0,0.00116,0.00116,0,0.017,0.017,0,255,257.28571,12,0.03363,High Risk
7.5893,23.5,0.00116,0.017,258,7.59687,7.60681,-0.00908,23.5,23.49107,0,0.00116,0.00116,0,0.017,0.017,0,248.66667,249.14286,12,0.05422,Moderate Risk
7.60292,23.4375,0.00116,0.017,269,7.60292,7.60227,-0.00454,23.4375,23.4375,0,0.00116,0.00116,0,0.017,0.017,0,274,273.14286,-13,0.01103,Moderate Risk
7.59838,23.4375,0.00116,0.017,281,7.60292,7.60941,-0.00454,23.39583,23.38393,0.0625,0.00116,0.00116,0,0.017,0.017,0,279.66667,282.71429,0,0.03202,High Risk
7.60746,23.375,0.00116,0.017,281,7.60292,7.60616,0.00454,23.375,23.36607,0,0.00116,0.00116,0,0.017,0.017,0,274,278.42857,12,0.02815,Moderate Risk
7.60746,23.375,0.00116,0.017,254,7.60292,7.60292,0.01362,23.375,23.36607,0,0.00116,0.00116,0,0.017,0.017,0,259,267,-13,0.0223,Moderate Risk
7.60292,23.375,0.00116,0.017,243,7.612,7.60681,0,23.35417,23.36607,0,0.00116,0.00116,0,0.017,0.017,0,255.33333,259.71429,-18,0.03432,Moderate Risk
7.59838,23.3125,0.00116,0.017,245,7.60292,7.60227,-0.00454,23.3125,23.33036,0,0.00116,0.00116,0,0.017,0.017,0,248.33333,249.14286,-11,0.02151,Moderate Risk
7.60292,23.3125,0.00116,0.017,253,7.59838,7.60422,0.00454,23.33333,23.32143,0,0.00116,0.00116,0,0.017,0.017,0,248,248.85714,2,0.0254,Moderate Risk
7.59838,23.3125,0.00116,0.017,246,7.59838,7.60162,0.00454,23.29167,23.27679,0.0625,0.00116,0.00116,0,0.017,0.017,0,246.33333,244.57143,-3,0.02681,Moderate Risk
7.59384,23.25,0.00116,0.017,237,7.59384,7.59773,-0.00454,23.29167,23.29464,-0.0625,0.00116,0.00116,0,0.017,0.017,0,235.66667,241,2,0.02746,Moderate Risk
7.60746,23.25,0.00116,0.017,254,7.60141,7.60162,0.00454,23.20833,23.1875,0.0625,0.00116,0.00116,0,0.017,0.017,0,251.33333,249.57143,4,0.03057,Moderate Risk
7.60746,23.0625,0.00116,0.017,229,7.60292,7.60422,0,23.08333,23.10714,0,0.00116,0.00116,0,0.017,0.017,0,234.33333,237.71429,-1,0.02535,Moderate Risk
7.60292,23,0.00116,0.017,236,7.60595,7.60681,0,23,23.00893,0,0.00116,0.00116,0,0.017,0.017,0,234.66667,233.14286,6,0.02284,High Risk
7.60746,23.0625,0.00116,0.017,234,7.60443,7.60746,0.00454,23.02083,23.01786,0.0625,0.00116,0.00116,0,0.017,0.017,0,233.33333,233,-2,0.02573,Moderate Risk
7.60746,23,0.00116,0.017,235,7.60746,7.60681,0,23,22.96429,0,0.00116,0.00116,0,0.017,0.017,0,237,238.42857,-3,0.02014,Moderate Risk
7.61654,22.875,0.00116,0.017,240,7.61351,7.61135,0.00454,22.875,22.85714,0,0.00116,0.00116,0,0.017,0.017,0,237.66667,240.42857,-1,0.02342,Moderate Risk
7.60746,22.875,0.00116,0.017,230,7.61049,7.61135,-0.00454,22.875,22.875,0,0.00116,0.00116,0,0.017,0.017,0,229,233.28571,0,0.00627,Moderate Risk
7.60292,22.8125,0.00116,0.017,241,7.60897,7.60811,-0.00454,22.83333,22.83036,0,0.00116,0.00116,0,0.017,0.017,0,241.33333,239.71429,-1,0.02496,Moderate Risk
7.60292,22.8125,0.00116,0.017,258,7.60746,7.60422,-0.00454,22.8125,22.83929,0,0.00116,0.00116,0,0.017,0.017,0,254.33333,254.57143,12,0.02809,Moderate Risk
7.61654,22.8125,0.00116,0.017,257,7.61049,7.60876,0.00908,22.83333,22.83036,0,0.00116,0.00116,0,0.017,0.017,0,249.66667,250.57143,11,0.03159,Moderate Risk
7.612,22.8125,0.00116,0.017,240,7.60746,7.60357,0.00908,22.77083,22.78571,0.0625,0.00116,0.00116,0,0.017,0.017,0,237,237.42857,9,0.02641,Moderate Risk
7.60292,22.75,0.00116,0.017,243,7.60595,7.60357,-0.00908,22.77083,22.77679,-0.0625,0.00116,0.00116,0,0.017,0.017,0,238,239.28571,3,0.02641,Moderate Risk
7.59384,22.8125,0.00116,0.017,243,7.59989,7.60941,-0.01362,22.8125,22.82143,0,0.00116,0.00116,0,0.017,0.017,0,239.33333,242.57143,2,0.07683,Moderate Risk
7.60292,22.8125,0.00116,0.017,243,7.59838,7.59708,0.00454,22.8125,22.82143,0,0.00116,0.00116,0,0.017,0.017,0,243.66667,246.14286,1,0.01868,Moderate Risk
7.5893,22.8125,0.00116,0.017,234,7.59535,7.59319,-0.01362,22.85417,22.84821,-0.0625,0.00116,0.00116,0,0.017,0.017,0,239.66667,240.71429,-8,0.03192,Moderate Risk
7.59384,22.875,0.00116,0.017,246,7.59535,7.59125,0,22.875,22.86607,0,0.00116,0.00116,0,0.017,0.017,0,244,241.85714,2,0.02908,Moderate Risk
7.58477,22.875,0.00116,0.017,243,7.58779,7.58542,-0.00907,22.875,22.88393,0,0.00116,0.00116,0,0.017,0.017,0,243.66667,242.57143,0,0.01997,Moderate Risk
7.58023,23,0.00116,0.017,249,7.58174,7.57828,0,22.97917,22.97321,0,0.00116,0.00116,0,0.017,0.017,0,250,252.57143,-2,0.03398,Moderate Risk
7.57569,23.0625,0.00116,0.017,240,7.57266,7.57115,0.00908,23.04167,23.05357,0,0.00116,0.00116,0,0.017,0.017,0,240,240.42857,0,0.04052,Moderate Risk
7.56661,23.125,0.00116,0.017,240,7.56358,7.56726,0.00454,23.10417,23.10714,0.0625,0.00116,0.00116,0,0.017,0.017,0,239.66667,238.85714,-2,0.03135,Moderate Risk
7.56207,23.1875,0.00116,0.017,247,7.56661,7.5705,0,23.1875,23.1875,0,0.00116,0.00116,0,0.017,0.017,0,243.33333,251,4,0.02482,Moderate Risk
7.60292,23.375,0.00116,0.017,242,7.57569,7.56466,0.04085,23.41667,23.40179,-0.0625,0.00116,0.00116,0,0.017,0.017,0,239,241,0,0.05826,Moderate Risk
7.55299,23.4375,0.00116,0.017,240,7.55753,7.56207,-0.00908,23.39583,23.41964,0.0625,0.00116,0.00116,0,0.017,0.017,0,240.66667,240.85714,0,0.05305,Moderate Risk
7.57569,23.5,0.00116,0.017,247,7.57266,7.57374,0.00908,23.5,23.5,0,0.00116,0.00116,0,0.017,0.017,0,239,239.14286,12,0.0103,Moderate Risk
7.58023,23.5,0.00116,0.017,240,7.5772,7.57374,0.00454,23.5,23.5,0,0.00116,0.00116,0,0.017,0.017,0,239.66667,243.14286,10,0.0103,Moderate Risk
7.57569,23.5,0.00116,0.017,240,7.56812,7.5731,0.00908,23.52083,23.50893,-0.0625,0.00116,0.00116,0,0.017,0.017,0,233,236.42857,10,0.0245,Moderate Risk
7.60292,23.625,0.00116,0.017,240,7.58325,7.58023,0.03631,23.58333,23.57143,0.0625,0.00116,0.00116,0,0.017,0.017,0,236.66667,237.14286,0,0.03749,Moderate Risk
7.58477,23.5625,0.00116,0.017,242,7.58174,7.5718,0,23.58333,23.58929,0,0.00116,0.00116,0,0.017,0.017,0,236,238,5,0.06193,Moderate Risk
7.38957,23.625,0.00116,0.017,230,7.51819,7.55429,-0.19066,23.625,23.625,0,0.00116,0.00116,0,0.017,0.017,0,236.33333,238.28571,-4,0.14562,Moderate Risk
7.57569,23.6875,0.00116,0.017,243,7.58325,7.58606,-0.01361,23.6875,23.70536,0,0.00116,0.00116,0,0.017,0.017,0,243.66667,243.57143,-1,0.02662,Moderate Risk
7.58477,23.75,0.00116,0.017,229,7.59233,7.59255,-0.00907,23.79167,23.79464,-0.0625,0.00116,0.00116,0,0.017,0.017,0,229.33333,232.28571,-1,0.02662,Moderate Risk
7.59384,23.8125,0.00116,0.017,229,7.59989,7.59319,-0.00454,23.77083,23.77679,0.0625,0.00116,0.00116,0,0.017,0.017,0,232.66667,235.85714,-11,0.03442,Moderate Risk
7.58477,23.8125,0.00116,0.017,238,7.59384,7.59514,-0.02269,23.79167,23.78571,0,0.00116,0.00116,0,0.017,0.017,0,238.33333,235.28571,2,0.03611,Moderate Risk
7.59384,23.8125,0.00116,0.017,230,7.59838,7.59384,-0.00454,23.79167,23.79464,0,0.00116,0.00116,0,0.017,0.017,0,234.66667,238.42857,-1,0.02697,Moderate Risk
7.58023,23.8125,0.00116,0.017,246,7.5999,7.59838,-0.01361,23.79167,23.78571,0,0.00116,0.00116,0,0.017,0.017,0,243.66667,239.28571,4,0.04444,Moderate Risk
7.59384,23.8125,0.00116,0.017,241,7.59535,7.5893,0,23.83333,23.82143,0,0.00116,0.00116,0,0.017,0.017,0,238.33333,238.14286,1,0.02567,Moderate Risk
7.59384,23.875,0.00116,0.017,247,7.59082,7.5906,0,23.83333,23.83036,0.0625,0.00116,0.00116,0,0.017,0.017,0,240.66667,241,14,0.03615,Moderate Risk
7.58477,23.875,0.00116,0.017,246,7.58779,7.5906,-0.00907,23.85417,23.84821,0.0625,0.00116,0.00116,0,0.017,0.017,0,246.66667,244,-2,0.02808,Moderate Risk
7.62108,23.875,0.00116,0.017,244,7.60292,7.59968,0.0227,23.85417,23.85714,0,0.00116,0.00116,0,0.017,0.017,0,243.33333,243,3,0.03603,Moderate Risk
7.59384,23.875,0.00116,0.017,246,7.55753,7.57698,0.10894,23.875,23.86607,0,0.00116,0.00116,0,0.017,0.017,0,245,241,0,0.09381,Moderate Risk
7.58477,23.875,0.00116,0.017,243,7.59384,7.59319,-0.01361,23.875,23.88393,0,0.00116,0.00116,0,0.017,0.017,0,239.33333,241,10,0.02609,Moderate Risk
7.59838,23.9375,0.00116,0.017,246,7.59687,7.60357,0,23.9375,23.96429,0,0.00116,0.00116,0,0.017,0.017,0,245,242.85714,2,0.03795,Moderate Risk
7.61654,24.0625,0.00116,0.017,241,7.60746,7.60162,0.01816,24.02083,24,0.0625,0.00116,0.00116,0,0.017,0.017,0,242.33333,247,-3,0.03438,Moderate Risk
7.59838,24.125,0.00116,0.017,246,7.59989,7.60097,-0.00454,24.125,24.09821,0,0.00116,0.00116,0,0.017,0.017,0,245,243.28571,9,0.027,Moderate Risk
7.60746,24.125,0.00116,0.017,240,7.60141,7.60097,0.00908,24.125,24.10714,0,0.00116,0.00116,0,0.017,0.017,0,237.66667,241.71429,3,0.02239,Moderate Risk
7.612,24.3125,0.00116,0.017,256,7.60746,7.60616,0.00908,24.3125,24.3125,0,0.00116,0.00116,0,0.017,0.017,0,250.66667,244.28571,16,0.00864,Moderate Risk
7.59838,24.3125,0.00116,0.017,250,7.60746,7.60746,-0.00908,24.35417,24.36607,-0.0625,0.00116,0.00116,0,0.017,0.017,0,253,254,-12,0.0223,Moderate Risk
7.62108,24.375,0.00116,0.017,244,7.612,7.61135,0.01362,24.39583,24.38393,0,0.00116,0.00116,0,0.017,0.017,0,253,250.57143,-15,0.02152,Moderate Risk
7.612,24.375,0.00116,0.017,265,7.612,7.61784,-0.00454,24.375,24.375,0,0.00116,0.00116,0,0.017,0.017,0,268.66667,267.57143,-10,0.01794,Moderate Risk
7.62108,24.375,0.00116,0.017,256,7.62259,7.62043,-0.00908,24.35417,24.36607,0.0625,0.00116,0.00116,0,0.017,0.017,0,248,250.42857,13,0.0261,Moderate Risk
7.62108,24.3125,0.00116,0.017,246,7.62865,7.62432,-0.00908,24.3125,24.32143,0,0.00116,0.00116,0,0.017,0.017,0,248.66667,248.71429,3,0.03123,Moderate Risk
7.6347,24.3125,0.00116,0.017,240,7.63924,7.636,0,24.3125,24.30357,0,0.00116,0.00116,0,0.017,0.017,0,245,249.71429,-1,0.03123,Moderate Risk
7.63924,24.1875,0.00116,0.017,256,7.63319,7.6347,0.00908,24.22917,24.21429,-0.0625,0.00116,0.00116,0,0.017,0.017,0,252.66667,252.14286,-1,0.03057,Moderate Risk
7.6347,24.125,0.00116,0.017,251,7.64378,7.65091,-0.00454,24.10417,24.10714,0,0.00116,0.00116,0,0.017,0.017,0,248.66667,247.85714,8,0.04085,Moderate Risk
7.65286,24.0625,0.00116,0.017,256,7.66042,7.65026,-0.02723,24.08333,24.08929,-0.0625,0.00116,0.00116,0,0.017,0.017,0,251.66667,248.57143,0,0.04765,Moderate Risk
7.65286,23.6875,0.00116,0.017,266,7.65135,7.65351,0.00454,23.64583,23.65179,0.0625,0.00116,0.00116,0,0.017,0.017,0,269.66667,264.14286,-5,0.02487,High Risk
7.65286,23.6875,0.00116,0.017,258,7.65135,7.6561,0.00454,23.70833,23.73214,0,0.00116,0.00116,0,0.017,0.017,0,253.33333,253.85714,13,0.02778,High Risk
7.64378,23.9375,0.00116,0.017,267,7.64983,7.64702,-0.00908,23.9375,23.9375,0,0.00116,0.00116,0,0.017,0.017,0,266.66667,265.71429,4,0.01548,Moderate Risk
7.64832,24,0.00116,0.017,253,7.64681,7.65156,-0.00454,24,23.99107,0,0.00116,0.00116,0,0.017,0.017,0,264.33333,264.57143,-16,0.03123,Moderate Risk
7.63016,24.0625,0.00116,0.017,268,7.63924,7.64702,0,24.0625,24.0625,0,0.00116,0.00116,0,0.017,0.017,0,263.66667,266.85714,12,0.04937,Moderate Risk
7.6574,24.1875,0.00116,0.017,253,7.64227,7.64054,0.0227,24.1875,24.15179,0,0.00116,0.00116,0,0.017,0.017,0,251.33333,252.57143,2,0.04669,Moderate Risk
7.64832,24.1875,0.00116,0.017,251,7.64681,7.64054,-0.00908,24.1875,24.16071,0,0.00116,0.00116,0,0.017,0.017,0,251.66667,252.28571,-2,0.04669,Moderate Risk
7.6347,24.1875,0.00116,0.017,253,7.64227,7.64508,-0.01816,24.16667,24.17857,0,0.00116,0.00116,0,0.017,0.017,0,253.33333,252.28571,-3,0.02975,Moderate Risk
7.6574,24.125,0.00116,0.017,240,7.65437,7.64962,0.00454,24.14583,24.16964,0,0.00116,0.00116,0,0.017,0.017,0,243.66667,248.71429,-11,0.03319,Moderate Risk
7.6574,24.3125,0.00116,0.017,257,7.6574,7.65935,0,24.3125,24.3125,0,0.00116,0.00116,0,0.017,0.017,0,253.66667,257.28571,9,0.02834,Moderate Risk
7.6574,24.375,0.00116,0.017,241,7.65891,7.65999,-0.00908,24.39583,24.39286,-0.0625,0.00116,0.00116,0,0.017,0.017,0,251,254.71429,-15,0.03171,High Risk
7.66648,24.4375,0.00116,0.017,261,7.6574,7.65675,0.01362,24.41667,24.41071,0,0.00116,0.00116,0,0.017,0.017,0,264,270.42857,-4,0.02774,Moderate Risk
7.65286,24.4375,0.00116,0.017,262,7.6574,7.6561,-0.01362,24.4375,24.41071,0,0.00116,0.00116,0,0.017,0.017,0,262.66667,266.71429,1,0.02809,Moderate Risk
7.66648,24.4375,0.00116,0.017,250,7.6574,7.65675,0.01816,24.4375,24.46429,0,0.00116,0.00116,0,0.017,0.017,0,254.33333,262,-3,0.06627,Moderate Risk
7.6574,24.5,0.00116,0.017,263,7.65589,7.65805,0,24.52083,24.51786,-0.0625,0.00116,0.00116,0,0.017,0.017,0,263.66667,267,2,0.02954,Moderate Risk
7.65286,24.625,0.00116,0.017,260,7.66345,7.66259,-0.00454,24.625,24.63393,0,0.00116,0.00116,0,0.017,0.017,0,259.66667,257.42857,-2,0.03305,Moderate Risk
7.66194,24.6875,0.00116,0.017,269,7.66345,7.65999,-0.00454,24.66667,24.65179,0.0625,0.00116,0.00116,0,0.017,0.017,0,270.33333,266.28571,-2,0.03043,Moderate Risk
7.65286,24.6875,0.00116,0.017,254,7.65891,7.66129,-0.00454,24.6875,24.69643,0,0.00116,0.00116,0,0.017,0.017,0,251,259.42857,0,0.0251,Moderate Risk
7.67102,24.75,0.00116,0.017,243,7.67404,7.67231,0,24.77083,24.75,-0.0625,0.00116,0.00116,0,0.017,0.017,0,252,249.85714,-14,0.02667,High Risk
7.67102,24.75,0.00116,0.017,256,7.66951,7.67102,0.00454,24.77083,24.76786,0,0.00116,0.00116,0,0.017,0.017,0,256,256.28571,0,0.02265,High Risk
7.6574,24.8125,0.00116,0.017,267,7.66345,7.66518,-0.00908,24.79167,24.78571,0,0.00116,0.00116,0,0.017,0.017,0,262.66667,260.71429,8,0.03217,Moderate Risk
7.68009,24.875,0.00116,0.017,277,7.67101,7.67102,0.02269,24.875,24.875,0,0.00116,0.00116,0,0.017,0.017,0,260.33333,265.28571,35,0.01482,High Risk
7.66648,24.875,0.00116,0.017,270,7.66648,7.66713,0.00454,24.875,24.875,0,0.00116,0.00116,0,0.017,0.017,0,271,272.28571,-2,0.00817,Moderate Risk
7.69371,24.9375,0.00116,0.017,258,7.67556,7.66907,0.02723,24.9375,24.9375,0,0.00116,0.00116,0,0.017,0.017,0,257.33333,258.42857,2,0.0245,High Risk
7.66194,25.0625,0.00116,0.017,256,7.66648,7.67102,-0.00454,25.02083,25.00893,0.0625,0.00116,0.00116,0,0.017,0.017,0,257,256.28571,-1,0.02353,Moderate Risk
7.66194,25.0625,0.00116,0.017,261,7.6695,7.67166,-0.00908,25.0625,25.0625,0,0.00116,0.00116,0,0.017,0.017,0,261.66667,261.42857,-1,0.01221,Moderate Risk
7.68009,25.0625,0.00116,0.017,272,7.68009,7.67944,0,25.0625,25.0625,0,0.00116,0.00116,0,0.017,0.017,0,269,270.85714,0,0.00343,Moderate Risk
7.70279,25,0.00116,0.017,273,7.69371,7.69047,0.01362,24.95833,24.97321,0.0625,0.00116,0.00116,0,0.017,0.017,0,263.66667,268,14,0.03814,Moderate Risk
7.68917,24.9375,0.00116,0.017,253,7.68766,7.68787,-0.00454,24.91667,24.91964,0.0625,0.00116,0.00116,0,0.017,0.017,0,261.66667,271.57143,-9,0.02535,Moderate Risk
7.70279,24.8125,0.00116,0.017,261,7.7043,7.70084,-0.00454,24.83333,24.82143,-0.0625,0.00116,0.00116,0,0.017,0.017,0,259.66667,258.42857,0,0.02336,Moderate Risk
7.70279,24.8125,0.00116,0.017,261,7.72398,7.71641,-0.05448,24.79167,24.78571,0.0625,0.00116,0.00116,0,0.017,0.017,0,260.33333,258.42857,0,0.05487,Moderate Risk
7.71187,24.8125,0.00116,0.017,257,7.7043,7.69566,0.00454,24.77083,24.75893,0.0625,0.00116,0.00116,0,0.017,0.017,0,257.33333,257.57143,0,0.05499,High Risk
7.73003,24.75,0.00116,0.017,261,7.7149,7.71057,0.02724,24.75,24.76786,0,0.00116,0.00116,0,0.017,0.017,0,259,258.71429,3,0.03968,Moderate Risk
7.68917,24.75,0.00116,0.017,258,7.69825,7.70474,-0.00908,24.72917,24.74107,0.0625,0.00116,0.00116,0,0.017,0.017,0,257.66667,258.14286,2,0.03898,Moderate Risk
7.71187,24.6875,0.00116,0.017,244,7.70733,7.71382,0.00454,24.70833,24.70536,-0.0625,0.00116,0.00116,0,0.017,0.017,0,252.33333,255.28571,-13,0.03252,Moderate Risk
7.72095,24.625,0.00116,0.017,251,7.7149,7.7203,0.01816,24.6875,24.67857,-0.125,0.00116,0.00116,0,0.017,0.017,0,256.66667,258.28571,-11,0.04639,Moderate Risk
7.72549,24.5,0.00116,0.017,270,7.727,7.72549,-0.00454,24.54167,24.54464,-0.0625,0.00116,0.00116,0,0.017,0.017,0,265,266,0,0.02049,Moderate Risk
7.75273,24.4375,0.00116,0.017,256,7.7376,7.72938,0.0227,24.45833,24.49107,0,0.00116,0.00116,0,0.017,0.017,0,258.33333,260.85714,-7,0.04407,High Risk
7.72549,24.5,0.00116,0.017,254,7.71944,7.72873,0.00454,24.5,24.48214,0,0.00116,0.00116,0,0.017,0.017,0,261.33333,264,-18,0.04078,Moderate Risk
7.73003,24.375,0.00116,0.017,244,7.73306,7.73327,-0.00908,24.39583,24.39286,0,0.00116,0.00116,0,0.017,0.017,0,247.33333,248.42857,2,0.02663,Moderate Risk
7.74819,24.25,0.00116,0.017,259,7.74214,7.7443,0.00908,24.22917,24.23214,0.0625,0.00116,0.00116,0,0.017,0.017,0,257,263.57143,3,0.03297,Moderate Risk
7.73911,24.125,0.00116,0.017,270,7.73457,7.73392,0.00908,24.16667,24.16964,-0.0625,0.00116,0.00116,0,0.017,0.017,0,263.66667,271.57143,11,0.03047,Moderate Risk
7.73003,24.1875,0.00116,0.017,272,7.73608,7.73457,-0.01816,24.1875,24.17857,0,0.00116,0.00116,0,0.017,0.017,0,269.66667,268.14286,3,0.02568,Moderate Risk
7.73003,24.25,0.00116,0.017,261,7.73457,7.72808,0,24.25,24.23214,0,0.00116,0.00116,0,0.017,0.017,0,262,265.71429,-1,0.03801,Moderate Risk
7.71187,24.5,0.00116,0.017,259,7.71641,7.71446,-0.01362,24.52083,24.5,0,0.00116,0.00116,0,0.017,0.017,0,256.66667,260.57143,3,0.03073,Moderate Risk
7.71187,24.5625,0.00116,0.017,259,7.70884,7.71057,0.01362,24.52083,24.51786,0.0625,0.00116,0.00116,0,0.017,0.017,0,251,253.85714,13,0.02663,Moderate Risk
7.73911,24.6875,0.00116,0.017,251,7.73154,7.72484,0.01362,24.64583,24.63393,0.0625,0.00116,0.00116,0,0.017,0.017,0,252.66667,256.57143,10,0.06397,Moderate Risk
7.72549,24.875,0.00116,0.017,282,7.72549,7.71836,0,24.83333,24.82143,0.0625,0.00116,0.00116,0,0.017,0.017,0,277.66667,275.71429,13,0.05069,Moderate Risk
7.73003,24.875,0.00116,0.017,273,7.7376,7.73716,0,24.875,24.85714,0,0.00116,0.00116,0,0.017,0.017,0,275,274,-12,0.03546,Moderate Risk
7.73003,25,0.00116,0.017,264,7.727,7.72808,0.00908,24.95833,24.98214,0.0625,0.00116,0.00116,0,0.017,0.017,0,268.33333,265.57143,-2,0.02794,Moderate Risk
7.73911,25.1875,0.00116,0.017,280,7.7376,7.73068,0.01362,25.1875,25.16964,0,0.00116,0.00116,0,0.017,0.017,0,276,278.42857,4,0.0521,Moderate Risk
7.73003,25.375,0.00116,0.017,265,7.73608,7.73781,-0.00908,25.375,25.38393,0,0.00116,0.00116,0,0.017,0.017,0,257.66667,266.85714,7,0.02045,Moderate Risk
7.62562,25.375,0.00116,0.017,285,7.69977,7.72095,-0.11349,25.41667,25.39286,-0.0625,0.00116,0.00116,0,0.017,0.017,0,271.66667,265.71429,20,0.09961,Moderate Risk
7.74365,25.4375,0.00116,0.017,269,7.74214,7.74106,0.00454,25.39583,25.39286,0.0625,0.00116,0.00116,0,0.017,0.017,0,271,265.14286,-3,0.02411,Moderate Risk
7.73003,25.4375,0.00116,0.017,273,7.73003,7.73781,0,25.4375,25.4375,0,0.00116,0.00116,0,0.017,0.017,0,267.33333,261.71429,1,0.01716,Moderate Risk
7.73911,25.5,0.00116,0.017,272,7.74365,7.7443,-0.00454,25.52083,25.50893,0,0.00116,0.00116,0,0.017,0.017,0,261.33333,261.85714,16,0.01998,Moderate Risk
7.74819,25.4375,0.00116,0.017,278,7.75575,7.75727,-0.00454,25.41667,25.42857,0.0625,0.00116,0.00116,0,0.017,0.017,0,266.66667,262.71429,18,0.03638,High Risk
7.75727,25.25,0.00116,0.017,287,7.75727,7.76116,0,25.27083,25.27679,-0.0625,0.00116,0.00116,0,0.017,0.017,0,277,276.85714,15,0.03098,Moderate Risk
7.76634,25.1875,0.00116,0.017,284,7.76483,7.76375,0.00454,25.1875,25.1875,0,0.00116,0.00116,0,0.017,0.017,0,284.33333,290,10,0.00714,Moderate Risk
7.77542,25,0.00116,0.017,271,7.78753,7.77866,-0.0454,24.95833,24.97321,0.0625,0.00116,0.00116,0,0.017,0.017,0,270,267.57143,8,0.05548,High Risk
7.76634,24.8125,0.00116,0.017,267,7.77088,7.77218,-0.01362,24.8125,24.83036,0,1.34902,1.2664,0,0.017,0.017,0,263.33333,272.42857,10,4.37219,High Risk
7.77542,24.8125,0.00116,0.017,263,7.77088,7.77023,0.00908,24.83333,24.82143,0,0.00116,0.57881,0,0.017,0.017,0,264.33333,265,-9,3.0795,Moderate Risk
7.76634,24.8125,0.00116,0.017,267,7.77391,7.77412,-0.01362,24.77083,24.77679,0.0625,0.00116,0.00116,0,0.017,0.017,0,254.33333,256.14286,18,0.02809,Moderate Risk
7.79358,24.6875,0.00116,0.017,257,7.79812,7.78385,0.01816,24.66667,24.66071,0.0625,0.00116,0.00116,0,0.017,0.017,0,261,259.71429,3,0.05678,Moderate Risk
7.79358,24.375,0.00116,0.017,273,7.77845,7.77801,0.01362,24.33333,24.33036,0.0625,0.00116,0.00116,0,0.017,0.017,0,268.33333,265.85714,7,0.04383,Moderate Risk
7.79358,24.25,0.00116,0.017,293,7.78601,7.78645,0.01816,24.22917,24.22321,0,0.00116,0.00116,0,0.017,0.017,0,282,282.42857,16,0.0355,Moderate Risk
7.79358,24.1875,0.00116,0.017,274,7.7845,7.78385,0.01362,24.1875,24.21429,0,0.00116,0.00116,0,0.017,0.017,0,276.33333,279,-3,0.03099,Moderate Risk
7.7618,24.1875,0.00116,0.017,290,7.77088,7.77607,-0.00908,24.20833,24.20536,0,0.00116,0.00116,0,0.017,0.017,0,282,282.71429,16,0.05633,Moderate Risk
7.77542,24.25,0.00116,0.017,272,7.77693,7.77737,0,24.25,24.22321,0,0.00116,0.00116,0,0.017,0.017,0,276.33333,280.42857,-13,0.02557,Moderate Risk
7.7618,24.3125,0.00116,0.017,271,7.76785,7.77412,-0.00454,24.3125,24.3125,0,0.00116,0.00116,0,0.017,0.017,0,282,279.28571,-14,0.04514,High Risk
7.77542,24.5625,0.00116,0.017,281,7.78147,7.78191,-0.00908,24.54167,24.5625,0,0.00116,0.00116,0,0.017,0.017,0,277.33333,281.42857,4,0.02834,Moderate Risk
7.77542,24.5625,0.00116,0.017,297,7.77693,7.77996,-0.00454,24.5625,24.5625,0,0.00116,0.00116,0,0.017,0.017,0,292.66667,292.14286,11,0.03274,High Risk
7.79358,24.5,0.00116,0.017,262,7.79055,7.77996,0,24.52083,24.51786,-0.0625,0.00116,0.00116,0,0.017,0.017,0,266,267.71429,0,0.03686,Moderate Risk
7.77542,24.4375,0.00116,0.017,288,7.78753,7.78126,-0.02724,24.45833,24.44643,0,0.00116,0.00116,0,0.017,0.017,0,282,275.71429,2,0.03449,Moderate Risk
7.77542,24.4375,0.00116,0.017,272,7.77088,7.77801,0,24.4375,24.44643,0,0.00116,0.00116,0,0.017,0.017,0,284,281.57143,-17,0.03632,Moderate Risk
7.77996,24.4375,0.00116,0.017,292,7.78147,7.77996,-0.00454,24.4375,24.4375,0,0.00116,0.00116,0,0.017,0.017,0,294.33333,295.14286,-4,0.02161,Moderate Risk
7.77996,24.375,0.00116,0.017,275,7.7845,7.77672,0,24.41667,24.42857,-0.0625,0.00116,0.00116,0,0.017,0.017,0,273.66667,271.42857,2,0.03259,High Risk
7.7845,24.3125,0.00116,0.017,292,7.78299,7.78255,0.01362,24.29167,24.30357,0,0.00116,0.00116,0,0.017,0.017,0,292.33333,291,5,0.03962,Moderate Risk
7.77996,24.25,0.00116,0.017,298,7.78753,7.7845,-0.00454,24.25,24.27679,0,0.00116,0.00116,0,0.017,0.017,0,289.66667,290.28571,14,0.03486,Moderate Risk
7.77542,24.1875,0.00116,0.017,278,7.79055,7.7832,-0.00908,24.1875,24.16964,0,0.00116,0.00116,0,0.017,0.017,0,273.33333,275.85714,6,0.04183,Moderate Risk
7.81628,24.1875,0.00116,0.017,290,7.80115,7.79488,0.0227,24.16667,24.15179,0,0.00116,0.00116,0,0.017,0.017,0,288.33333,280.57143,2,0.05176,Moderate Risk
7.77996,24.125,0.00116,0.017,279,7.78147,7.78969,-0.00454,24.14583,24.15179,0,0.00116,0.00116,0,0.017,0.017,0,284.66667,284.57143,-7,0.04208,Moderate Risk
7.77996,24.0625,0.00116,0.017,262,7.7724,7.7832,0.03631,24.02083,24.02679,0.0625,0.00116,0.00116,0,0.017,0.017,0,269,266.71429,-10,0.05512,Moderate Risk
7.77996,23.9375,0.00116,0.017,272,7.78147,7.77802,-0.00454,23.9375,23.9375,0,0.00116,0.00116,0,0.017,0.017,0,272,270.71429,0,0.03664,Moderate Risk
7.79358,23.875,0.00116,0.017,272,7.79661,7.78774,-0.0227,23.91667,23.92857,-0.0625,0.00116,0.00116,0,0.017,0.017,0,272,270.28571,0,0.03891,Moderate Risk
7.7845,23.75,0.00116,0.017,257,7.7845,7.78774,0.00908,23.75,23.75893,0,0.00116,0.00116,0,0.017,0.017,0,262.66667,268,-17,0.0305,Moderate Risk
7.77996,23.75,0.00116,0.017,258,7.78299,7.79228,-0.00454,23.72917,23.74107,0,0.00116,0.00116,0,0.017,0.017,0,271.33333,273.85714,-16,0.0427,Moderate Risk
7.79358,23.75,0.00116,0.017,281,7.78601,7.78839,0.00908,23.70833,23.70536,0.0625,0.00116,0.00116,0,0.017,0.017,0,278.33333,277.57143,6,0.02854,Moderate Risk
7.79812,23.625,0.00116,0.017,258,7.79661,7.79163,0,23.64583,23.63393,0,0.00116,0.00116,0,0.017,0.017,0,267.33333,270.57143,-14,0.02908,Moderate Risk
7.77996,23.5,0.00116,0.017,258,7.77088,7.78191,0.04539,23.54167,23.5625,-0.0625,0.00116,0.00116,0,0.017,0.017,0,268.66667,271,-15,0.06154,Moderate Risk
7.79812,23.5625,0.00116,0.017,275,7.77088,7.7832,0.01816,23.54167,23.5625,0.0625,0.00116,0.00116,0,0.017,0.017,0,268.66667,271.42857,17,0.06304,High Risk
7.79812,23.5625,0.00116,0.017,284,7.78904,7.79034,0.01362,23.5625,23.55357,0,0.00116,0.00116,0,0.017,0.017,0,280.66667,280.42857,-2,0.02637,Moderate Risk
7.79358,23.5,0.00116,0.017,279,7.79661,7.80266,-0.00454,23.5,23.5,0,0.00116,0.00116,0,0.017,0.017,0,279.33333,278,1,0.02224,Moderate Risk
7.77542,23.5,0.00116,0.017,265,7.78904,7.79812,-0.01816,23.5,23.5,0,0.00116,0.00116,0,0.017,0.017,0,274,276.28571,-14,0.02966,High Risk
7.79358,23.5,0.00116,0.017,284,7.79661,7.78774,-0.00454,23.47917,23.47321,0,0.00116,0.00116,0,0.017,0.017,0,274.66667,271.42857,6,0.03465,Moderate Risk
7.77996,23.5,0.00116,0.017,272,7.77542,7.77931,0,23.5,23.51786,0,0.00116,0.00116,0,0.017,0.017,0,272.66667,266,-2,0.03135,Moderate Risk
7.77996,23.625,0.00116,0.017,253,7.78147,7.78061,-0.00454,23.5625,23.55357,0.0625,0.00116,0.00116,0,0.017,0.017,0,254.66667,259.85714,-1,0.03486,Moderate Risk
7.77996,23.625,0.00116,0.017,245,7.77845,7.77283,0,23.60417,23.59821,0,0.00116,0.00116,0,0.017,0.017,0,256,260.42857,-15,0.02939,High Risk
7.77996,23.625,0.00116,0.017,265,7.77239,7.77737,0.00908,23.625,23.63393,0,0.00116,0.00116,0,0.017,0.017,0,266.33333,264.85714,-3,0.03997,Moderate Risk
7.77996,23.6875,0.00116,0.017,258,7.77996,7.77542,-0.00454,23.70833,23.69643,0,0.00116,0.00116,0,0.017,0.017,0,262,265.71429,2,0.02353,Moderate Risk
7.77088,23.6875,0.00116,0.017,259,7.76634,7.77088,0,23.70833,23.70536,0,0.00116,0.00116,0,0.017,0.017,0,260,267.71429,-2,0.03007,Moderate Risk
7.7618,23.75,0.00116,0.017,262,7.77088,7.76958,-0.01362,23.75,23.75,0,0.00116,0.00116,0,0.017,0.017,0,270.66667,269.57143,-16,0.01253,Moderate Risk
7.7618,23.75,0.00116,0.017,261,7.76331,7.76764,-0.00454,23.75,23.75,0,0.00116,0.00116,0,0.017,0.017,0,260.33333,266.85714,0,0.01253,High Risk
7.7845,23.8125,0.00116,0.017,265,7.77239,7.78515,0.01362,23.79167,23.80357,0,0.00116,0.00116,0,0.017,0.017,0,268,268.28571,1,0.06027,Moderate Risk
7.77542,23.875,0.00116,0.017,262,7.76785,7.77347,0.00908,23.875,23.86607,0,0.00116,0.00116,0,0.017,0.017,0,264.33333,265.57143,4,0.03269,Moderate Risk
7.75727,23.9375,0.00116,0.017,274,7.76634,7.76504,-0.01815,23.9375,23.92857,0,0.00116,0.00116,0,0.017,0.017,0,274.66667,272.71429,-1,0.02319,Moderate Risk
7.76634,24.3125,0.00116,0.017,271,7.76483,7.76829,0.00907,24.3125,24.3125,0,0.00116,0.00116,0,0.017,0.017,0,273.66667,272.14286,-3,0.0156,Moderate Risk
7.7618,24.375,0.00116,0.017,279,7.76937,7.77542,-0.00454,24.375,24.35714,0,0.00116,0.00116,0,0.017,0.017,0,275.66667,277.71429,12,0.04249,Moderate Risk
7.74819,24.375,0.00116,0.017,276,7.75122,7.75532,-0.00908,24.39583,24.40179,0,0.00116,0.00116,0,0.017,0.017,0,269,268.71429,11,0.03549,Moderate Risk
7.7618,24.4375,0.00116,0.017,272,7.76029,7.75856,0,24.4375,24.42857,0,0.00116,0.00116,0,0.017,0.017,0,271,265.14286,0,0.01867,Moderate Risk
7.74819,24.4375,0.00116,0.017,257,7.75726,7.75727,-0.01361,24.4375,24.42857,0,0.00116,0.00116,0,0.017,0.017,0,267,265,-15,0.02229,Moderate Risk
7.75273,24.4375,0.00116,0.017,272,7.75273,7.75662,-0.00454,24.4375,24.42857,0,0.00116,0.00116,0,0.017,0.017,0,262,264.85714,15,0.02151,High Risk
7.75727,24.5625,0.00116,0.017,272,7.75878,7.75273,0.00454,24.54167,24.54464,0.0625,0.00116,0.00116,0,0.017,0.017,0,278,276.28571,-19,0.03182,High Risk
7.77542,24.5625,4.47951,0.017,266,7.77391,7.77023,0.00454,24.5625,24.55357,0,4.01146,4.12939,-0.19076,0.017,0.017,0,266,266,0,1.48741,High Risk
7.75273,24.5625,4.29682,0.017,266,7.76634,7.76829,-0.02269,24.5625,24.55357,0,4.4822,4.27518,-0.18269,0.017,0.017,0,266,266,0,1.28423,High Risk
7.7618,24.5,2.78916,0.017,266,7.7618,7.75791,0,24.5,24.49107,0,3.02529,3.07081,-0.67694,0.017,0.017,0,266,266,0,0.85327,High Risk
7.77542,24.375,0.00116,0.017,287,7.77088,7.77023,0.01362,24.375,24.38393,0,1.04484,1.89468,0,0.017,0.017,0,284,273.71429,-12,2.66073,Moderate Risk
7.7618,24.375,0.00116,0.017,275,7.77088,7.76893,-0.01362,24.33333,24.36607,0.0625,0.00116,0.00116,0,0.017,0.017,0,281.33333,284.85714,0,0.03425,Moderate Risk
7.76634,24.3125,0.00116,0.017,288,7.77088,7.76375,-0.00454,24.3125,24.32143,0,0.00116,0.00116,0,0.017,0.017,0,288,286,2,0.03201,Moderate Risk
7.77542,24.3125,0.00116,0.017,281,7.77542,7.77412,0.00908,24.3125,24.3125,0,0.00116,0.00116,0,0.017,0.017,0,282.66667,287,-4,0.01358,Moderate Risk
7.77542,24.3125,0.00116,0.017,282,7.76785,7.76958,0.00908,24.3125,24.30357,0,0.00116,0.00116,0,0.017,0.017,0,288.33333,284.14286,-17,0.02434,Moderate Risk
7.7618,24.1875,0.00116,0.017,270,7.76937,7.77153,-0.00908,24.16667,24.17857,0,0.00116,0.00116,0,0.017,0.017,0,270.33333,272,0,0.02703,Moderate Risk
7.7618,24.125,0.00116,0.017,299,7.76785,7.77607,-0.00908,24.125,24.125,0,0.00116,0.00116,0,0.017,0.017,0,289.66667,284.57143,1,0.04461,Moderate Risk
7.77542,24,0.00116,0.017,276,7.77088,7.77283,0,24.02083,24.00893,0,0.00116,0.00116,0,0.017,0.017,0,275.66667,278,1,0.0245,Moderate Risk
7.77088,23.8125,0.00116,0.017,273,7.78904,7.78255,-0.00454,23.85417,23.85714,-0.0625,0.00116,0.00116,0,0.017,0.017,0,290,288.28571,-25,0.04997,Moderate Risk
7.76634,23.8125,0.00116,0.017,283,7.76634,7.76958,0,23.83333,23.84821,-0.0625,0.00116,0.00116,0,0.017,0.017,0,284.66667,288,-16,0.03217,High Risk
7.77088,23.8125,0.00116,0.017,273,7.76332,7.76894,0.01361,23.8125,23.8125,0,0.00116,0.00116,0,0.017,0.017,0,274.66667,274.28571,-2,0.02912,Moderate Risk
7.76634,23.8125,0.00116,0.017,272,7.76483,7.76959,-0.00454,23.8125,23.8125,0,0.00116,0.00116,0,0.017,0.017,0,273.33333,273.85714,-1,0.02857,Moderate Risk
7.76634,23.8125,0.00116,0.017,289,7.7618,7.75986,0.00907,23.8125,23.8125,0,0.00116,0.00116,0,0.017,0.017,0,284.66667,278.57143,-2,0.00885,Moderate Risk
7.7618,23.8125,0.00116,0.017,272,7.76029,7.75662,0,23.8125,23.8125,0,0.00116,0.00116,0,0.017,0.017,0,276.66667,280.14286,-14,0.0097,Moderate Risk
7.74819,23.875,0.00116,0.017,271,7.74516,7.74624,0.00454,23.89583,23.90179,0,0.00116,0.00116,0,0.017,0.017,0,266,265.14286,0,0.03139,Moderate Risk
7.74819,23.9375,0.00116,0.017,271,7.75273,7.74949,-0.00454,23.9375,23.94643,0,0.00116,0.00116,0,0.017,0.017,0,261,261.42857,15,0.02434,Moderate Risk
7.74819,24.125,0.00116,0.017,272,7.74214,7.74235,0.00908,24.125,24.08929,0,0.00116,0.00116,0,0.017,0.017,0,273.66667,270.57143,0,0.06191,Moderate Risk
7.74819,24.1875,0.00116,0.017,267,7.73306,7.73198,0.00454,24.1875,24.15179,0,0.00116,0.00116,0,0.017,0.017,0,271,268.57143,6,0.04938,High Risk
7.73911,24.1875,0.00116,0.017,275,7.74516,7.74754,-0.00908,24.16667,24.16964,0.0625,0.00116,0.00116,0,0.017,0.017,0,272.33333,266.42857,10,0.04115,Moderate Risk
7.75273,24.125,0.00116,0.017,275,7.75878,7.75403,0.00908,24.16667,24.17857,-0.0625,0.00116,0.00116,0,0.017,0.017,0,266.66667,265.85714,13,0.03679,Moderate Risk
7.73911,24.3125,0.00116,0.017,274,7.7376,7.73781,-0.00454,24.3125,24.3125,0,0.00116,0.00116,0,0.017,0.017,0,263,265.71429,24,0.01138,Moderate Risk
7.73911,24.375,0.00116,0.017,257,7.75424,7.75078,-0.00908,24.375,24.38393,0,0.00116,0.00116,0,0.017,0.017,0,265,266.42857,-3,0.04612,Moderate Risk
7.73911,24.375,0.00116,0.017,257,7.73911,7.74559,0,24.375,24.36607,0,0.00116,0.00116,0,0.017,0.017,0,266,264.14286,-14,0.03897,Moderate Risk
7.74365,24.375,0.00116,0.017,256,7.74062,7.74106,0.00454,24.375,24.36607,0,0.00116,0.00116,0,0.017,0.017,0,261.33333,261,-1,0.01896,High Risk
7.75273,24.875,0.00116,0.017,272,7.76029,7.75078,-0.02723,24.91667,24.91071,-0.0625,0.00116,0.00116,0,0.017,0.017,0,270.66667,271,0,0.04437,High Risk
7.73911,24.9375,0.00116,0.017,294,7.74668,7.7443,-0.01362,24.91667,24.91964,0,0.00116,0.00116,0,0.017,0.017,0,289,282.28571,0,0.02496,High Risk
7.77088,24.8125,0.00116,0.017,284,7.76634,7.76634,0.00908,24.8125,24.8125,0,0.00116,0.00116,0,0.017,0.017,0,290.33333,291.28571,-9,0.01048,Moderate Risk
7.75727,24.6875,4.47951,0.017,266,7.7618,7.77412,-0.00907,24.72917,24.75,-0.0625,4.0682,3.80698,1.49614,0.017,0.017,0,276.66667,275.28571,0,3.67364,High Risk
7.82536,24.625,4.23231,0.017,266,7.78299,7.77867,0.05902,24.625,24.65179,0,4.3356,4.46603,-0.13003,0.017,0.017,0,266,266,0,0.45079,High Risk
7.7618,24.5625,0.00116,0.017,284,7.7618,7.76245,0,24.5625,24.59821,0,3.11399,4.0624,-4.70469,0.017,0.017,0,288.66667,284.42857,-7,3.61554,Moderate Risk
7.7618,24.5,0.00116,0.017,278,7.75726,7.76569,-0.00454,24.52083,24.51786,0,0.00116,0.00116,0,0.017,0.017,0,281,283,-4,0.03835,Moderate Risk
7.7618,24.5,0.00116,0.017,273,7.78601,7.77412,-0.06356,24.5,24.47321,0,0.00116,0.00116,0,0.017,0.017,0,281.33333,279.14286,-26,0.06438,High Risk
7.7618,24.4375,0.00116,0.017,272,7.75727,7.75791,0.00453,24.45833,24.45536,0,0.00116,0.00116,0,0.017,0.017,0,275.66667,282.14286,-2,0.02745,High Risk
7.75727,24.375,0.00116,0.017,291,7.75727,7.75986,0.00454,24.35417,24.36607,0,0.00116,0.00116,0,0.017,0.017,0,285.66667,281,-3,0.02336,Moderate Risk
7.77542,24.375,0.00116,0.017,272,7.76181,7.7618,0.01815,24.375,24.36607,0,0.00116,0.00116,0,0.017,0.017,0,285.66667,281,-19,0.02838,Moderate Risk
7.75273,24.3125,0.00116,0.017,274,7.75878,7.75986,-0.00454,24.3125,24.30357,0,0.00116,0.00116,0,0.017,0.017,0,283,286.28571,-3,0.02449,Moderate Risk
7.7618,24.25,0.00116,0.017,275,7.77391,7.76894,0,24.25,24.25893,0,0.00116,0.00116,0,0.017,0.017,0,279,274.42857,-18,0.04093,Moderate Risk
7.76634,24.1875,0.00116,0.017,267,7.76483,7.7631,0,24.1875,24.1875,0,0.00116,0.00116,0,0.017,0.017,0,267.66667,275.28571,-2,0.00686,Moderate Risk
7.76634,24.1875,0.00116,0.017,269,7.75878,7.75986,0.00907,24.14583,24.16071,0.0625,0.00116,0.00116,0,0.017,0.017,0,267,268,3,0.03042,High Risk
7.75727,24,0.00116,0.017,270,7.76029,7.76245,-0.00907,23.97917,23.97321,0,0.00116,0.00116,0,0.017,0.017,0,268.33333,267.57143,4,0.03098,Moderate Risk
7.75273,23.6875,0.00116,0.017,278,7.76029,7.76764,-0.00907,23.70833,23.70536,-0.0625,0.00116,0.00116,0,0.017,0.017,0,282.33333,279.42857,-9,0.06811,Moderate Risk
7.74819,23.6875,0.00116,0.017,277,7.75575,7.76116,-0.01815,23.6875,23.69643,-0.0625,0.00116,0.00116,0,0.017,0.017,0,276,281.71429,12,0.04004,Moderate Risk
7.75273,23.75,0.00116,0.017,272,7.76786,7.76051,-0.00454,23.75,23.73214,0,0.00116,0.00116,0,0.017,0.017,0,272.33333,271.71429,-2,0.04657,Moderate Risk
7.75727,23.75,0.00116,0.017,282,7.75575,7.75403,0.00908,23.70833,23.71429,0.0625,0.00116,0.00116,0,0.017,0.017,0,275.33333,274.57143,10,0.02533,Moderate Risk
7.75727,23.8125,0.00116,0.017,283,7.75576,7.75856,0.00454,23.8125,23.79464,0,0.00116,0.00116,0,0.017,0.017,0,276,271.85714,5,0.0221,Moderate Risk
7.76634,24.0625,0.00116,0.017,272,7.7618,7.7618,0.00454,24.02083,23.99107,0.0625,0.00116,0.00116,0,0.017,0.017,0,282,280,-7,0.02897,High Risk
7.77542,24,0.00116,0.017,262,7.77088,7.76764,0.00454,24,24.01786,0,0.00116,0.00116,0,0.017,0.017,0,262.66667,269.14286,-1,0.02389,Moderate Risk
7.79812,23.75,0.00116,0.017,249,7.78904,7.7845,0.01362,23.75,23.73214,0,0.00116,0.00116,0,0.017,0.017,0,252.33333,247.71429,-14,0.02809,Moderate Risk
7.79812,23.75,0.00116,0.017,256,7.79358,7.7858,0,23.72917,23.72321,0.0625,0.00116,0.00116,0,0.017,0.017,0,259.66667,257,-6,0.04223,Moderate Risk
7.77542,23.75,0.00116,0.017,258,7.7845,7.78385,-0.01816,23.72917,23.73214,0.0625,0.00116,0.00116,0,0.017,0.017,0,259,259.28571,-3,0.03297,High Risk
7.79358,23.6875,0.00116,0.017,257,7.7845,7.78255,0.01816,23.72917,23.74107,-0.0625,0.00116,0.00116,0,0.017,0.017,0,261.66667,259.57143,-15,0.02336,Moderate Risk
7.79358,23.6875,0.00116,0.017,261,7.78299,7.79099,0.01362,23.70833,23.72321,0,0.00116,0.00116,0,0.017,0.017,0,268.66667,266.28571,-5,0.04121,Moderate Risk
7.77542,23.625,0.00116,0.017,287,7.78753,7.79682,-0.01816,23.66667,23.67857,-0.0625,0.00116,0.00116,0,0.017,0.017,0,288,287,-4,0.04133,Moderate Risk
7.7845,23.5,0.00116,0.017,270,7.79358,7.79942,-0.00908,23.54167,23.53571,-0.0625,0.00116,0.00116,0,0.017,0.017,0,269,281.14286,5,0.04223,Moderate Risk
7.87075,23.4375,0.00116,0.017,295,7.82082,7.80785,0.07717,23.45833,23.47321,0,0.00116,0.00116,0,0.017,0.017,0,281.33333,273.85714,2,0.07253,Moderate Risk
7.78904,23.375,0.00116,0.017,261,7.79055,7.79617,-0.01816,23.375,23.375,0,0.00116,0.00116,0,0.017,0.017,0,258.66667,257.85714,2,0.02152,Moderate Risk
7.79812,23.3125,0.00116,0.017,257,7.79661,7.79812,0.00454,23.33333,23.33036,0,0.00116,0.00116,0,0.017,0.017,0,261.33333,258.85714,1,0.02266,Moderate Risk
7.8072,23.375,0.00116,0.017,258,7.80569,7.79942,-0.00454,23.33333,23.32143,0.0625,0.00116,0.00116,0,0.017,0.017,0,268.33333,261.85714,-14,0.02637,Moderate Risk
7.81174,23.1875,0.00116,0.017,256,7.8072,7.80979,0.00454,23.22917,23.23214,-0.0625,0.00116,0.00116,0,0.017,0.017,0,261,260.71429,-15,0.02411,High Risk
7.8072,23.1875,0.00116,0.017,257,7.80871,7.80979,-0.00454,23.20833,23.22321,0,0.00116,0.00116,0,0.017,0.017,0,261.33333,261.42857,1,0.02557,Moderate Risk
7.81174,23.1875,0.00116,0.017,278,7.80417,7.80396,0.01816,23.1875,23.1875,0,0.00116,0.00116,0,0.017,0.017,0,268,264.57143,9,0.01716,Moderate Risk
7.81628,23.125,0.00116,0.017,260,7.82233,7.81304,-0.00908,23.125,23.14286,0,0.00116,0.00116,0,0.017,0.017,0,259.33333,262.14286,-1,0.03466,Moderate Risk
7.79812,23.0625,0.00116,0.017,261,7.80115,7.79877,-0.00454,23.08333,23.08036,0,0.00116,0.00116,0,0.017,0.017,0,264.66667,270.28571,-3,0.03047,Moderate Risk
7.8072,23,0.00116,0.017,294,7.81174,7.81369,-0.00908,23,23.01786,0,0.00116,0.00116,0,0.017,0.017,0,288,276.28571,-3,0.02411,Moderate Risk
7.79812,22.9375,0.00116,0.017,288,7.80871,7.81369,-0.01816,22.9375,22.92857,0,0.00116,0.00116,0,0.017,0.017,0,280.66667,278,16,0.02741,Moderate Risk
7.82082,22.9375,0.00116,0.017,271,7.81477,7.81239,0.00454,22.9375,22.92857,0,0.00116,0.00116,0,0.017,0.017,0,271,276.85714,-1,0.02703,Moderate Risk
7.81174,22.875,0.00116,0.017,272,7.81174,7.81174,0,22.89583,22.89286,-0.0625,0.00116,0.00116,0,0.017,0.017,0,274.33333,274.42857,-10,0.03415,High Risk
7.82536,22.875,0.00116,0.017,272,7.82082,7.81498,0.00454,22.875,22.875,0,0.00116,0.00116,0,0.017,0.017,0,281.33333,278.14286,-13,0.01456,Moderate Risk
7.81628,22.875,0.00116,0.017,277,7.81325,7.81174,0.00454,22.875,22.85714,0,0.00116,0.00116,0,0.017,0.017,0,279.33333,285.85714,-5,0.02049,Moderate Risk
7.79358,22.75,0.00116,0.017,282,7.81174,7.81109,-0.03632,22.77083,22.77679,-0.0625,0.00116,0.00116,0,0.017,0.017,0,285,283.57143,-6,0.03921,Moderate Risk
7.77996,22.9375,0.00116,0.017,245,7.77996,7.78255,-0.00454,22.9375,22.9375,0,0.00116,0.00116,0,0.017,0.017,0,251.33333,254.14286,-5,0.01155,Moderate Risk
7.77996,23,0.00116,0.017,253,7.78147,7.77672,0,23,22.98214,0,0.00116,0.00116,0,0.017,0.017,0,254.33333,249,-1,0.03731,Moderate Risk
7.7845,23,0.00116,0.017,244,7.7845,7.78126,0,23,23,0,0.00116,0.00116,0,0.017,0.017,0,245,248.28571,-2,0.0101,Moderate Risk
7.77996,23.0625,0.00116,0.017,240,7.78601,7.78255,-0.01362,23.0625,23.0625,0,0.00116,0.00116,0,0.017,0.017,0,241.33333,244,-1,0.01155,Moderate Risk
7.77542,23.1875,0.00116,0.017,250,7.77542,7.76699,0.00454,23.14583,23.125,0.0625,0.00116,0.00116,0,0.017,0.017,0,254.33333,260.28571,-1,0.04647,Moderate Risk
7.7845,23.25,0.00116,0.017,251,7.78601,7.78709,0.00454,23.25,23.24107,0,0.00116,0.00116,0,0.017,0.017,0,257,255.14286,-13,0.02827,Moderate Risk
7.77996,23.3125,0.00116,0.017,258,7.77996,7.7832,0.00454,23.29167,23.29464,0,0.00116,0.00116,0,0.017,0.017,0,247.66667,248.14286,16,0.03072,Moderate Risk
7.7618,23.4375,0.00116,0.017,259,7.77239,7.77477,-0.01362,23.4375,23.45536,0,0.00116,0.00116,0,0.017,0.017,0,260.33333,266.57143,0,0.02854,Moderate Risk
7.7845,23.5,0.00116,0.017,256,7.79055,7.78774,0,23.5,23.48214,0,0.00116,0.00116,0,0.017,0.017,0,255,254.57143,1,0.03072,Moderate Risk
7.7845,23.5625,0.00116,0.017,258,7.78147,7.78839,0,23.54167,23.51786,0,0.00116,0.00116,0,0.017,0.017,0,256.66667,258.14286,2,0.03584,Moderate Risk
7.78904,23.625,0.00116,0.017,257,7.79661,7.79812,-0.01362,23.64583,23.66071,-0.0625,0.00116,0.00116,0,0.017,0.017,0,257.33333,257.71429,-3,0.04682,Moderate Risk
7.81174,23.625,0.00116,0.017,263,7.79812,7.79553,0.01816,23.64583,23.65179,-0.0625,0.00116,0.00116,0,0.017,0.017,0,259.33333,257.42857,5,0.03947,Moderate Risk
7.80266,23.6875,0.00116,0.017,259,7.80569,7.80071,-0.00908,23.64583,23.64286,0.0625,0.00116,0.00116,0,0.017,0.017,0,254.66667,262.57143,4,0.03677,Moderate Risk
7.80266,23.6875,0.00116,0.017,244,7.80871,7.80655,-0.00908,23.6875,23.66964,0,0.00116,0.00116,0,0.017,0.017,0,246.33333,250.42857,-10,0.02496,Moderate Risk
7.73457,23.6875,0.00116,0.017,253,7.77542,7.78904,-0.05901,23.70833,23.69643,-0.0625,0.00116,0.00116,0,0.017,0.017,0,253.33333,252.71429,-2,0.06014,Moderate Risk
7.79358,23.75,0.00116,0.017,262,7.80569,7.79942,-0.03178,23.75,23.75,0,0.00116,0.00116,0,0.017,0.017,0,259.33333,255.71429,9,0.02553,Moderate Risk
7.81174,23.8125,0.00116,0.017,261,7.80569,7.80136,0.00908,23.79167,23.79464,0,0.00116,0.00116,0,0.017,0.017,0,262.33333,272.14286,-3,0.03466,Moderate Risk
7.80266,23.875,0.00116,0.017,244,7.8072,7.80266,0.00454,23.85417,23.85714,0.0625,0.00116,0.00116,0,0.017,0.017,0,248.66667,249.71429,-1,0.03555,Moderate Risk
7.79812,23.8125,0.00116,0.017,264,7.79509,7.79747,0.00908,23.83333,23.85714,0,0.00116,0.00116,0,0.017,0.017,0,256,253.28571,9,0.03297,Moderate Risk
7.7845,24,0.00116,0.017,262,7.79812,7.79747,-0.03178,24,24.00893,0,0.00116,0.00116,0,0.017,0.017,0,260,261.85714,-1,0.03172,Moderate Risk
7.79358,24,0.00116,0.017,261,7.79963,7.80007,0,24,24.00893,0,0.00116,0.00116,0,0.017,0.017,0,259,265.71429,10,0.02554,Moderate Risk
7.81174,24.0625,0.00116,0.017,257,7.80266,7.80331,0.00908,24.08333,24.08929,-0.0625,0.00116,0.00116,0,0.017,0.017,0,263,265,-1,0.0404,Moderate Risk
7.80266,24.125,0.00116,0.017,273,7.80266,7.80331,0,24.14583,24.16071,0,0.00116,0.00116,0,0.017,0.017,0,259.66667,250.42857,32,0.0328,Moderate Risk
7.79358,24.25,0.00116,0.017,242,7.8072,7.80331,-0.00908,24.22917,24.22321,0.0625,0.00116,0.00116,0,0.017,0.017,0,255.66667,254.42857,-20,0.04416,Moderate Risk
7.79812,24.4375,0.00116,0.017,252,7.80417,7.80007,-0.00454,24.41667,24.41071,0,0.00116,0.00116,0,0.017,0.017,0,260.33333,265,-5,0.03476,Moderate Risk
7.80266,24.4375,0.00116,0.017,275,7.80417,7.80071,0.00454,24.41667,24.40179,0,0.00116,0.00116,0,0.017,0.017,0,278.33333,275.28571,-4,0.02826,Moderate Risk
7.81174,24.4375,0.00116,0.017,278,7.80266,7.80266,0.01816,24.4375,24.41071,0,0.00116,0.00116,0,0.017,0.017,0,277.66667,274.14286,-5,0.03153,Moderate Risk
7.80266,24.4375,0.00116,0.017,298,7.8072,7.80785,-0.00908,24.39583,24.39286,0.0625,0.00116,0.00116,0,0.017,0.017,0,292.66667,292.85714,7,0.02342,Moderate Risk
7.81174,24.25,0.00116,0.017,289,7.8072,7.8085,0.00908,24.22917,24.21429,0.0625,0.00116,0.00116,0,0.017,0.017,0,287.33333,286.85714,1,0.02534,Moderate Risk
7.81628,24.125,0.00116,0.017,285,7.81628,7.81563,-0.00454,24.125,24.15179,0,0.00116,0.00116,0,0.017,0.017,0,291.66667,285.42857,-8,0.02487,High Risk
7.82082,24,0.00116,0.017,282,7.82082,7.81887,0,24,24.01786,0,0.00116,0.00116,0,0.017,0.017,0,287,287.14286,-16,0.02554,Moderate Risk
7.81628,23.9375,0.00116,0.017,283,7.81779,7.81887,-0.00454,23.9375,23.94643,0,0.00116,0.00116,0,0.017,0.017,0,281.66667,281.71429,2,0.01896,Moderate Risk
7.79812,23.9375,0.00116,0.017,290,7.80417,7.80461,-0.01362,23.9375,23.92857,0,0.00116,0.00116,0,0.017,0.017,0,293,286.71429,-4,0.02067,Moderate Risk
7.79812,24,0.00116,0.017,273,7.80266,7.8059,-0.00908,23.97917,23.95536,0.0625,0.00116,0.00116,0,0.017,0.017,0,279,280.85714,-18,0.02535,Moderate Risk
7.80266,24.0625,0.00116,0.017,270,7.79963,7.80007,0.00454,24.02083,24,0.0625,0.00116,0.00116,0,0.017,0.017,0,276,276.85714,-5,0.0269,Moderate Risk
7.8072,23.9375,0.00116,0.017,265,7.81174,7.80461,-0.00908,23.9375,23.97321,0,0.00116,0.00116,0,0.017,0.017,0,262.33333,266.57143,6,0.03928,Moderate Risk
7.8299,23.9375,0.00116,0.017,286,7.81779,7.81044,0.00908,23.97917,23.99107,-0.0625,0.00116,0.00116,0,0.017,0.017,0,276.66667,275.71429,14,0.03624,Moderate Risk
7.79358,24,0.00116,0.017,268,7.80569,7.81304,-0.01816,24,24.00893,0,0.00116,0.00116,0,0.017,0.017,0,268.66667,272,-1,0.03192,Moderate Risk
7.79812,24,0.00116,0.017,274,7.80115,7.80461,-0.00454,24.02083,24.04464,-0.0625,0.00116,0.00116,0,0.017,0.017,0,274.33333,279.57143,0,0.0268,High Risk
7.79812,24.0625,0.00116,0.017,293,7.80871,7.80915,-0.00454,24.0625,24.05357,0,0.00116,0.00116,0,0.017,0.017,0,277.66667,278,22,0.03575,Moderate Risk
7.81174,24.125,0.00116,0.017,272,7.80871,7.80915,-0.00454,24.08333,24.07143,0.0625,0.00116,0.00116,0,0.017,0.017,0,279,275.85714,0,0.03202,Moderate Risk
7.79358,24.375,0.00116,0.017,272,7.76786,7.79034,0.08171,24.41667,24.42857,-0.0625,0.00116,0.00116,0,0.017,0.017,0,277,274,0,0.08382,Moderate Risk
7.81174,24.5,0.00116,0.017,274,7.8072,7.80461,0.00454,24.47917,24.46429,0,0.00116,0.00116,0,0.017,0.017,0,273.33333,279,0,0.04735,Moderate Risk
7.81174,24.6875,0.00116,0.017,271,7.81325,7.80979,-0.00454,24.6875,24.66964,0,0.00116,0.00116,0,0.017,0.017,0,277,282,-2,0.0268,Moderate Risk
7.80266,24.75,0.00116,0.017,272,7.80417,7.86102,0.00454,24.72917,24.72321,0.0625,0.00116,0.00116,0,0.017,0.017,0,279,277.57143,-17,0.31774,Moderate Risk
7.81174,24.8125,0.00116,0.017,267,7.81023,7.80915,0.00454,24.77083,24.75893,0.0625,0.00116,0.00116,0,0.017,0.017,0,271.33333,270.57143,2,0.01896,Moderate Risk
7.79812,24.75,0.00116,0.017,273,7.81628,7.81304,-0.03178,24.75,24.75893,0,0.00116,0.00116,0,0.017,0.017,0,279,280.28571,-14,0.03324,Moderate Risk
7.8072,24.8125,0.00116,0.017,272,7.80871,7.8085,0,24.77083,24.76786,0.0625,0.00116,0.00116,0,0.017,0.017,0,270.33333,273.42857,2,0.02883,Moderate Risk
7.81628,24.8125,0.00116,0.017,296,7.81477,7.80979,0.00908,24.8125,24.80357,0,0.00116,0.00116,0,0.017,0.017,0,290.66667,284.71429,-1,0.02651,Moderate Risk
7.79358,24.8125,0.00116,0.017,273,7.80569,7.81628,-0.01816,24.8125,24.80357,0.0625,0.00116,0.00116,0,0.017,0.017,0,277.66667,279,1,0.06479,Moderate Risk
7.81174,24.875,0.00116,0.017,273,7.81174,7.81369,0.00908,24.875,24.88393,0,0.00116,0.00116,0,0.017,0.017,0,278,281.14286,-16,0.0245,Moderate Risk
7.81628,24.9375,0.00116,0.017,268,7.81477,7.80915,0,24.95833,24.94643,0,0.00116,0.00116,0,0.017,0.017,0,278,280.57143,-14,0.0245,Moderate Risk
7.80266,25,0.00116,0.017,287,7.80266,7.80979,-0.00908,24.97917,24.96429,0,0.00116,0.00116,0,0.017,0.017,0,284.33333,278.71429,-6,0.03476,Moderate Risk
7.82536,25.0625,0.00116,0.017,291,7.81477,7.81174,0.01362,25.04167,25.01786,0.0625,0.00116,0.00116,0,0.017,0.017,0,280.66667,279,19,0.03183,Moderate Risk
7.81174,25.1875,0.00116,0.017,273,7.8072,7.80007,0.00454,25.1875,25.1875,0,0.00116,0.00116,0,0.017,0.017,0,272.33333,271.42857,1,0.03392,Moderate Risk
7.81628,25.25,0.00116,0.017,273,7.81628,7.81628,-0.00454,25.25,25.24107,0,0.00116,0.00116,0,0.017,0.017,0,276,273.57143,-10,0.0223,Moderate Risk
7.82536,25.25,0.00116,0.017,296,7.81779,7.81823,0.01362,25.20833,25.23214,0.0625,0.00116,0.00116,0,0.017,0.017,0,282.66667,278.28571,27,0.0268,Moderate Risk
7.81174,25.25,0.00116,0.017,287,7.81779,7.81823,-0.01362,25.22917,25.22321,0.0625,0.00116,0.00116,0,0.017,0.017,0,294,291.57143,-10,0.027,Moderate Risk
7.82082,25.3125,0.00116,0.017,294,7.81931,7.81498,0,25.27083,25.27679,0.0625,0.00116,0.00116,0,0.017,0.017,0,290.66667,290.42857,4,0.03304,Moderate Risk
7.80266,25.25,1.91449,0.017,266,7.81628,7.82406,-0.0227,25.25,25.25893,0,2.04946,2.10869,-0.23396,0.017,0.017,0,266,266,0,0.2402,High Risk
7.82536,25.1875,2.35805,0.017,266,7.82536,7.81239,0,25.1875,25.21429,0,2.16625,1.99678,0.32621,0.017,0.017,0,266,266,0,0.6572,High Risk
7.82536,24.75,0.00116,0.017,282,7.82082,7.82341,0.00454,24.75,24.76786,0,0.00116,0.00116,0,0.017,0.017,0,280.33333,278.85714,5,0.02239,Moderate Risk
7.82536,24.75,0.00116,0.017,290,7.82233,7.81887,0,24.75,24.75893,0,0.00116,0.00116,0,0.017,0.017,0,289.66667,286.42857,2,0.03517,Moderate Risk
7.81628,24.4375,0.00116,0.017,274,7.82082,7.82406,-0.00908,24.4375,24.45536,0,0.00116,0.00116,0,0.017,0.017,0,273.33333,277.71429,1,0.02389,Moderate Risk
7.82536,24.4375,0.00116,0.017,272,7.82233,7.82277,0.00908,24.4375,24.4375,0,0.00116,0.00116,0,0.017,0.017,0,277.33333,274.14286,-16,0.00714,Moderate Risk
7.82536,24.3125,0.00116,0.017,272,7.82536,7.82471,0,24.35417,24.33929,-0.0625,0.00116,0.00116,0,0.017,0.017,0,283.33333,278.14286,-15,0.02014,Moderate Risk
7.81628,24.3125,0.00116,0.017,279,7.82082,7.82666,-0.00454,24.33333,24.33929,0,0.00116,0.00116,0,0.017,0.017,0,287.66667,286,-12,0.03681,Moderate Risk
7.82536,24.25,0.00116,0.017,276,7.82082,7.82147,0.00908,24.27083,24.25893,-0.0625,0.00116,0.00116,0,0.017,0.017,0,276.66667,281,-1,0.02284,Moderate Risk
7.82082,24.25,0.00116,0.017,295,7.81931,7.82147,0.00454,24.25,24.26786,0,0.00116,0.00116,0,0.017,0.017,0,287.66667,283.28571,10,0.02151,High Risk
7.82536,24,0.00116,0.017,288,7.81628,7.81823,0.01362,24.02083,24.04464,-0.0625,0.00116,0.00116,0,0.017,0.017,0,281.33333,280.85714,10,0.0268,Moderate Risk
7.8072,23.875,0.00116,0.017,272,7.81023,7.81304,-0.00908,23.91667,23.91964,-0.0625,0.00116,0.00116,0,0.017,0.017,0,266.66667,272.42857,13,0.02981,Moderate Risk
7.81628,23.9375,0.00116,0.017,295,7.81023,7.80915,0.00454,23.9375,23.9375,0,0.00116,0.00116,0,0.017,0.017,0,292.66667,293.85714,5,0.01269,Moderate Risk
7.81174,24,0.00116,0.017,292,7.80569,7.80655,0,23.97917,23.99107,0.0625,0.00116,0.00116,0,0.017,0.017,0,295,297.14286,-8,0.0324,Moderate Risk
7.81174,23.9375,0.00116,0.017,284,7.81023,7.81433,0.00908,23.97917,23.99107,-0.0625,0.00116,0.00116,0,0.017,0.017,0,287,288.14286,-4,0.02651,Moderate Risk
7.8072,23.9375,0.00116,0.017,295,7.81325,7.80979,-0.00908,23.95833,23.98214,-0.0625,0.00116,0.00116,0,0.017,0.017,0,293.66667,290.85714,-3,0.02554,Moderate Risk
7.82536,23.9375,0.00116,0.017,299,7.82233,7.81758,0,23.9375,23.94643,0,1.52251,0.65317,-4.56404,0.017,0.017,0,286.66667,290.42857,33,3.47443,Moderate Risk
7.7845,23.5,0.00116,0.017,294,7.79055,7.79617,0,23.52083,23.55357,0,3.23478,4.04432,-4.92416,0.017,0.017,0,275.33333,270,28,3.63863,High Risk
7.79358,23.375,0.00116,0.017,291,7.78753,7.78969,0.00908,23.39583,23.40179,0,0.00116,0.00116,0,0.017,0.017,0,287,283,2,0.03,Moderate Risk
7.82082,23.375,0.00116,0.017,268,7.81931,7.82212,0,23.375,23.38393,0,0.00116,0.00116,0,0.017,0.017,0,263.33333,260.71429,-1,0.01868,High Risk
7.81174,23.375,0.00116,0.017,273,7.81779,7.82017,-0.00908,23.375,23.375,0,0.00116,0.00116,0,0.017,0.017,0,270,263.71429,5,0.00971,Moderate Risk
7.81628,23.25,0.00116,0.017,255,7.81477,7.81109,0,23.27083,23.27679,0,0.00116,0.00116,0,0.017,0.017,0,260.33333,259.57143,-15,0.04365,Moderate Risk
7.79812,23.25,0.00116,0.017,272,7.80115,7.80655,-0.00454,23.25,23.25,0,0.00116,0.00116,0,0.017,0.017,0,267.33333,264.42857,5,0.01329,Moderate Risk
7.8072,23.125,0.00116,0.017,272,7.80266,7.80007,0.00454,23.16667,23.17857,-0.0625,0.00116,0.00116,0,0.017,0.017,0,268.33333,266.28571,11,0.02908,Moderate Risk
7.8072,23.1875,0.00116,0.017,256,7.79812,7.80071,0.01816,23.16667,23.16964,0.0625,0.00116,0.00116,0,0.017,0.017,0,265,266,-16,0.02794,Moderate Risk
7.7845,23.125,0.00116,0.017,249,7.78753,7.78709,0,23.14583,23.15179,-0.0625,0.00116,0.00116,0,0.017,0.017,0,248,252.42857,2,0.03043,High Risk
7.79358,23.0625,0.00116,0.017,269,7.80115,7.79747,-0.01362,23.0625,23.08036,0,0.00116,0.00116,0,0.017,0.017,0,261.33333,262.42857,13,0.03047,Moderate Risk
7.79358,23.125,0.00116,0.017,271,7.79358,7.79553,0,23.08333,23.08036,0.0625,0.00116,0.00116,0,0.017,0.017,0,265.33333,262.85714,15,0.02994,Moderate Risk
7.79358,23,0.00116,0.017,266,7.79358,7.79293,0,23.02083,23.03571,0,0.00116,0.00116,0,0.017,0.017,0,267,264.42857,3,0.02892,Moderate Risk
7.80266,23,0.00116,0.017,274,7.79358,7.79617,0.02724,23.04167,23.04464,-0.0625,0.00116,0.00116,0,0.017,0.017,0,266.33333,266,8,0.04031,Moderate Risk
7.77996,22.9375,0.00116,0.017,282,7.79207,7.80266,-0.02724,22.9375,22.9375,0,0.00116,0.00116,0,0.017,0.017,0,279.66667,284.14286,4,0.03101,High Risk
7.79812,22.875,0.00116,0.017,279,7.79358,7.80007,0,22.91667,22.91071,-0.0625,0.00116,0.00116,0,0.017,0.017,0,279.66667,280.71429,1,0.03886,Moderate Risk
7.79812,22.9375,0.00116,0.017,290,7.79509,7.79682,0.00454,22.89583,22.90179,0.0625,0.00116,0.00116,0,0.017,0.017,0,290.66667,285,-9,0.03126,High Risk
7.79812,22.875,0.00116,0.017,289,7.80266,7.80007,0,22.875,22.89286,0,0.00116,0.00116,0,0.017,0.017,0,290.66667,290.71429,1,0.0268,Moderate Risk
7.77542,22.8125,0.00116,0.017,272,7.77996,7.78255,-0.00908,22.83333,22.83929,-0.0625,0.00116,0.00116,0,0.017,0.017,0,278.33333,284.85714,-12,0.02939,Moderate Risk
7.77542,22.8125,0.00116,0.017,290,7.7845,7.7832,-0.00454,22.83333,22.82143,0,0.00116,0.00116,0,0.017,0.017,0,287,291.14286,0,0.02637,Moderate Risk
7.75727,22.6875,0.00116,0.017,286,7.76937,7.77023,-0.01815,22.6875,22.70536,0,0.00116,0.00116,0,0.017,0.017,0,282,278.57143,4,0.02953,High Risk
7.73911,22.625,0.00116,0.017,288,7.7497,7.74949,-0.01816,22.625,22.64286,0,0.00116,0.00116,0,0.017,0.017,0,286.33333,288.28571,0,0.02778,Moderate Risk
7.72549,22.6875,0.00116,0.017,265,7.72398,7.72354,0.00454,22.6875,22.69643,0,0.00116,0.00116,0,0.017,0.017,0,270.33333,276.85714,-14,0.03632,Moderate Risk
7.70733,22.75,0.00116,0.017,266,7.72246,7.72614,-0.01362,22.72917,22.73214,0,0.00116,0.00116,0,0.017,0.017,0,272,269.14286,-11,0.03516,Moderate Risk
7.72095,22.75,0.00116,0.017,275,7.72246,7.72549,0,22.77083,22.76786,0,0.00116,0.00116,0,0.017,0.017,0,266.66667,266.85714,12,0.02573,Moderate Risk
7.68917,23.0625,0.00116,0.017,278,7.68614,7.69112,0.00454,23.08333,23.07143,-0.0625,0.00116,0.00116,0,0.017,0.017,0,276.33333,268.57143,2,0.0245,Moderate Risk
7.69371,23.0625,0.00116,0.017,285,7.6922,7.69176,0,23.0625,23.07143,0,0.00116,0.00116,0,0.017,0.017,0,276.66667,273.57143,18,0.0245,High Risk
7.70279,23.1875,0.00116,0.017,283,7.69976,7.69825,0.00908,23.1875,23.17857,0,0.00116,0.00116,0,0.017,0.017,0,269,267.57143,24,0.02353,Moderate Risk
7.73003,23.375,0.00116,0.017,277,7.71187,7.71771,0.02724,23.39583,23.38393,0,0.00116,0.00116,0,0.017,0.017,0,271.33333,268.85714,12,0.06646,Moderate Risk
7.74365,23.8125,0.00116,0.017,256,7.73306,7.72744,0.01816,23.77083,23.75893,0.0625,0.00116,0.00116,0,0.017,0.017,0,261,261.28571,-13,0.02741,High Risk
7.72095,23.8125,0.00116,0.017,256,7.72852,7.72808,-0.00454,23.77083,23.75893,0.0625,0.00116,0.00116,0,0.017,0.017,0,256,254.42857,0,0.02827,Moderate Risk
7.71187,23.8125,0.00116,0.017,259,7.71944,7.73003,-0.00908,23.79167,23.78571,0.0625,0.00116,0.00116,0,0.017,0.017,0,259.66667,260.14286,0,0.04901,Moderate Risk
7.73003,23.8125,0.00116,0.017,257,7.73457,7.73716,0,23.8125,23.8125,0,0.00116,0.00116,0,0.017,0.017,0,262.66667,269.85714,-15,0.0188,Moderate Risk
7.73911,23.9375,0.00116,0.017,275,7.73003,7.72938,0.01816,23.91667,23.91964,0,0.00116,0.00116,0,0.017,0.017,0,273,266.71429,3,0.03047,Moderate Risk
7.73911,24,0.00116,0.017,279,7.73003,7.73457,0.00908,23.97917,23.98214,0,0.00116,0.00116,0,0.017,0.017,0,278.66667,276.71429,4,0.04197,Moderate Risk
7.73003,24.1875,0.00116,0.017,271,7.7376,7.73392,-0.02724,24.1875,24.17857,0,0.00116,0.00116,0,0.017,0.017,0,276.33333,268.85714,-1,0.03492,Moderate Risk
7.72095,24.1875,0.00116,0.017,259,7.72549,7.72614,-0.00454,24.20833,24.20536,0,0.00116,0.00116,0,0.017,0.017,0,259.33333,261.28571,2,0.02628,Moderate Risk
7.73003,24.4375,0.00116,0.017,266,7.74213,7.73587,-0.03177,24.39583,24.38393,0.0625,0.00116,0.00116,0,0.017,0.017,0,264.66667,266.28571,4,0.03508,High Risk
7.73003,24.4375,0.00116,0.017,271,7.73154,7.73651,0.00454,24.39583,24.39286,0.0625,0.00116,0.00116,0,0.017,0.017,0,272,268.14286,-9,0.03975,Moderate Risk
7.74819,24.375,0.00116,0.017,292,7.74516,7.74365,0.00908,24.375,24.375,0,0.00116,0.00116,0,0.017,0.017,0,289,289.14286,3,0.00741,Moderate Risk
7.74819,24.375,0.00116,0.017,284,7.74516,7.74495,0.00908,24.375,24.35714,0,0.00116,0.00116,0,0.017,0.017,0,287.33333,287.28571,2,0.02535,Moderate Risk
7.74365,24.3125,0.00116,0.017,291,7.74365,7.74235,0,24.3125,24.32143,0,0.00116,0.00116,0,0.017,0.017,0,287,283.71429,3,0.01868,Moderate Risk
7.75727,24.25,0.00116,0.017,285,7.74365,7.74106,0.02724,24.25,24.25,0,0.00116,0.00116,0,0.017,0.017,0,290.33333,289.71429,-13,0.0188,Moderate Risk
7.74365,24.1875,0.00116,0.017,281,7.74365,7.73911,-0.00454,24.14583,24.16071,0.0625,0.00116,0.00116,0,0.017,0.017,0,284.33333,290.14286,3,0.02843,Moderate Risk
7.73911,24.125,0.00116,0.017,288,7.7376,7.72938,0.00454,24.125,24.13393,0,0.00116,0.00116,0,0.017,0.017,0,281.66667,285.14286,14,0.02953,Moderate Risk
7.73911,24.0625,0.00116,0.017,272,7.74516,7.73781,-0.00908,24.08333,24.08036,-0.0625,0.00116,0.00116,0,0.017,0.017,0,273.66667,278.42857,-6,0.03466,Moderate Risk
7.73911,24,0.00116,0.017,275,7.74365,7.74106,-0.01362,24.04167,24.07143,-0.0625,0.00116,0.00116,0,0.017,0.017,0,279,279,-15,0.04244,Moderate Risk
7.73457,24.0625,0.00116,0.017,272,7.7376,7.73846,-0.00454,24.0625,24.07143,0,0.00116,0.00116,0,0.017,0.017,0,274,273.57143,-1,0.01808,High Risk
7.72095,24,0.00116,0.017,273,7.73154,7.73716,-0.00908,24.02083,24.03571,0,0.00116,0.00116,0,0.017,0.017,0,272.66667,278.57143,0,0.03691,Moderate Risk
7.73003,23.875,0.00116,0.017,275,7.73154,7.73716,0.00908,23.83333,23.84821,0.0625,0.00116,0.00116,0,0.017,0.017,0,273.33333,281.71429,3,0.04487,Moderate Risk
7.72549,23.8125,0.00116,0.017,281,7.72398,7.7203,0,23.79167,23.8125,0,0.00116,0.00116,0,0.017,0.017,0,283,282,-2,0.03026,Moderate Risk
7.73911,23.75,0.00116,0.017,282,7.73608,7.73327,0,23.77083,23.77679,0,0.00116,0.00116,0,0.017,0.017,0,286.33333,287,3,0.03304,Moderate Risk
7.73911,23.8125,0.00116,0.017,283,7.73306,7.73457,0,23.79167,23.77679,0,0.00116,0.00116,0,0.017,0.017,0,285.33333,284.71429,0,0.03057,Moderate Risk
7.68917,23.6875,0.00116,0.017,290,7.68766,7.70668,0.00454,23.70833,23.69643,0,0.00116,0.00116,0,0.017,0.017,0,292.66667,274.57143,-4,0.07841,Moderate Risk
7.69371,23.75,0.00116,0.017,286,7.69674,7.70279,-0.00454,23.72917,23.71429,0.0625,0.00116,0.00116,0,0.017,0.017,0,292,290.85714,-9,0.04275,Moderate Risk
7.49398,24.25,0.00116,0.017,278,7.48793,7.48749,0.00908,24.22917,24.22321,0.0625,0.00116,0.00116,0,0.017,0.017,0,289.66667,283.71429,-18,0.02557,Moderate Risk
7.52121,24.1875,0.00116,0.017,291,7.50305,7.5063,0.04539,24.1875,24.1875,0,0.00116,0.00116,0,0.017,0.017,0,292.66667,295.14286,-2,0.04709,Moderate Risk
7.50759,23.9375,0.00116,0.017,292,7.50003,7.50954,-0.00908,23.95833,23.95536,0,0.00116,0.00116,0,0.017,0.017,0,285.33333,285.85714,8,0.04663,Moderate Risk
7.50759,23.75,0.00116,0.017,274,7.49852,7.49528,0.00453,23.72917,23.71429,0.0625,0.00116,0.00116,0,0.017,0.017,0,276.33333,277.71429,-9,0.03681,Moderate Risk
7.46674,23.5625,0.00116,0.017,280,7.46674,7.47063,0,23.5625,23.55357,0,0.00116,0.00116,0,0.017,0.017,0,278.66667,282.71429,-1,0.02703,High Risk
7.47582,23.5625,0.00116,0.017,299,7.47128,7.47258,0.00454,23.5625,23.55357,0,0.00116,0.00116,0,0.017,0.017,0,292,294.28571,19,0.02637,Moderate Risk
7.47128,23.5625,0.00116,0.017,298,7.46825,7.46544,0.01362,23.5625,23.53571,0,0.00116,0.00116,0,0.017,0.017,0,297.33333,292.42857,-1,0.03304,Moderate Risk
7.45312,23.5625,3.5719,0.017,266,7.49549,7.47906,0,23.5625,23.5625,0,3.42903,1.88526,-0.19323,0.017,0.017,0,266,273.85714,0,3.67022,High Risk
7.44858,23.8125,0.00116,0.017,291,7.45161,7.45053,0,23.8125,23.80357,0,0.00116,0.00116,0,0.017,0.017,0,289,289.71429,-2,0.0245,Moderate Risk
7.53029,24.3125,0.00116,0.017,299,7.53029,7.51019,0.00454,24.29167,24.33036,0,0.00116,0.00116,0,0.017,0.017,0,298.33333,297.28571,2,0.06314,Moderate Risk
7.51213,24.25,0.00116,0.017,288,7.51667,7.51732,-0.00908,24.25,24.25,0,0.00116,0.00116,0,0.017,0.017,0,286.33333,288.71429,4,0.01522,Moderate Risk
7.50306,24.125,0.00116,0.017,262,7.50154,7.49787,0.00908,24.125,24.15179,0,0.00116,0.00116,0,0.017,0.017,0,261,262.28571,0,0.02999,Moderate Risk
7.4849,24.125,0.00116,0.017,261,7.48944,7.49139,-0.00454,24.14583,24.13393,-0.0625,0.00116,0.00116,0,0.017,0.017,0,261,261,1,0.0245,Moderate Risk
7.47582,24.0625,0.00116,0.017,283,7.47582,7.47452,-0.00454,24.0625,24.0625,0,0.00116,0.00116,0,0.017,0.017,0,275.33333,273,11,0.02658,Moderate Risk
7.48036,24.125,0.00116,0.017,285,7.47582,7.47712,0.00454,24.125,24.08929,0,0.00116,0.00116,0,0.017,0.017,0,281,281,2,0.02924,Moderate Risk
7.47582,24.0625,0.00116,0.017,290,7.47733,7.47712,0,24.08333,24.08036,0,0.00116,0.00116,0,0.017,0.017,0,280,275.57143,15,0.02211,Moderate Risk
7.47582,24.0625,0.00116,0.017,275,7.46977,7.47582,0.00908,24.0625,24.0625,0,0.00116,0.00116,0,0.017,0.017,0,279.33333,281.57143,0,0.0203,Moderate Risk
7.47582,24.0625,0.00116,0.017,272,7.47431,7.47193,-0.01362,24.08333,24.08036,0,0.00116,0.00116,0,0.017,0.017,0,278,279.71429,-15,0.03516,Moderate Risk
7.4849,24.0625,0.00116,0.017,282,7.47733,7.47777,0.01362,24.0625,24.05357,0,0.00116,0.00116,0,0.017,0.017,0,276,275.85714,10,0.02908,Moderate Risk
7.47128,24.0625,0.00116,0.017,275,7.46977,7.47517,0,24.0625,24.05357,0,0.00116,0.00116,0,0.017,0.017,0,276,279.14286,-4,0.02953,Moderate Risk
7.46674,24,0.00116,0.017,274,7.47279,7.47258,-0.00908,24,24.00893,0,0.00116,0.00116,0,0.017,0.017,0,282.66667,281.57143,-14,0.03123,Moderate Risk
7.47128,24,0.00116,0.017,282,7.47431,7.47258,-0.00454,24,24.00893,0,0.00116,0.00116,0,0.017,0.017,0,286.33333,281.42857,-6,0.02637,Moderate Risk
7.45312,23.9375,0.00116,0.017,282,7.46069,7.45961,-0.01362,23.9375,23.91964,0,0.00116,0.00116,0,0.017,0.017,0,283.66667,287.28571,-4,0.02411,Moderate Risk
7.44858,23.9375,0.00116,0.017,286,7.45615,7.46025,-0.00908,23.91667,23.91071,0,0.00116,0.00116,0,0.017,0.017,0,279.33333,279.14286,11,0.02939,Moderate Risk
7.4622,23.875,0.00116,0.017,275,7.46523,7.45961,-0.0227,23.91667,23.90179,-0.0625,0.00116,0.00116,0,0.017,0.017,0,281,280,-14,0.05102,Moderate Risk
7.44404,23.625,0.00116,0.017,289,7.44707,7.45377,-0.00454,23.58333,23.55357,0.0625,0.00116,0.00116,0,0.017,0.017,0,279.66667,283.57143,30,0.04005,High Risk
7.44858,24.3125,0.00116,0.017,283,7.44707,7.44663,-0.00454,24.33333,24.3125,-0.0625,0.00116,0.00116,0,0.017,0.017,0,287.66667,292.57143,-5,0.0296,High Risk
7.44858,24.375,0.00116,0.017,297,7.44858,7.45636,0,24.375,24.34821,0,0.00116,0.00116,0,0.017,0.017,0,297,294.85714,-2,0.04669,Moderate Risk
7.4622,24.4375,0.00116,0.017,299,7.45766,7.45442,0.00454,24.39583,24.38393,0.0625,0.00116,0.00116,0,0.017,0.017,0,297.33333,294.71429,0,0.02434,High Risk
7.44858,24.375,0.00116,0.017,299,7.45463,7.45377,-0.00454,24.39583,24.38393,0,0.00116,0.00116,0,0.017,0.017,0,297.66667,295.14286,4,0.02403,Moderate Risk
7.44858,24.375,0.00116,0.017,289,7.4849,7.46609,0,24.375,24.375,0,0.00116,0.00116,0,0.017,0.017,0,290.66667,291.42857,-4,0.10088,Moderate Risk
7.45766,24.375,0.00116,0.017,298,7.45161,7.44793,0.01816,24.39583,24.41071,-0.0625,0.00116,0.00116,0,0.017,0.017,0,296.66667,296.14286,-1,0.04962,Moderate Risk
7.3124,23.8125,4.29682,0.017,266,7.30483,7.35779,0.00454,23.8125,24.04464,0,4.02146,2.77988,0.25208,0.017,0.017,0,266,275.71429,0,4.18926,High Risk
7.2897,24.0625,4.49651,0.017,266,7.29727,7.29294,-0.00908,24.0625,24.07143,0,4.4798,4.4826,0.08435,0.017,0.017,0,266,266,0,0.18936,High Risk
7.28516,24,2.23824,0.017,266,7.27759,7.28127,0.00908,24.02083,24.03571,0,2.18909,2.1512,0.06567,0.017,0.017,0,266,266,0,0.13007,High Risk
7.22615,23.6875,2.0623,0.017,266,7.20799,7.19113,0.06355,23.6875,23.70536,0,2.07835,2.28082,0.038,0.017,0.017,0,266,266,0,0.48599,High Risk
7.1626,23.75,1.91449,0.017,266,7.16411,7.16713,-0.00453,23.75,23.74107,0,1.82161,1.78124,0.07669,0.017,0.017,0,266,266,0,0.27401,High Risk
7.15806,23.8125,4.39549,0.017,266,7.17168,7.17556,0.00454,23.79167,23.77679,0,2.5742,1.73596,1.7583,0.017,0.017,0,266,266,0,2.71884,High Risk
7.16713,23.75,0.94465,0.017,266,7.16411,7.17816,0,23.75,23.77679,0,0.90789,1.09466,-0.03588,0.017,0.017,0,266,266,0,0.53865,High Risk
7.1172,23.75,3.10881,0.017,266,7.1172,7.11266,0.00454,23.75,23.75,0,3.32591,3.34989,-0.25471,0.017,0.017,0,266,266,0,0.28774,High Risk
7.10358,23.75,1.44894,0.017,266,7.10509,7.11007,-0.00454,23.75,23.75,0,1.61036,1.97901,-0.12922,0.017,0.017,0,266,266,0,0.78828,High Risk
7.09904,23.75,1.61373,0.017,266,7.09904,7.09709,0,23.75,23.75,0,1.75647,1.67227,-0.24468,0.017,0.017,0,266,266,0,0.27636,High Risk
7.09904,23.75,1.46518,0.017,266,7.09904,7.09839,0,23.75,23.75893,0,1.62408,1.87991,-0.19722,0.017,0.017,0,266,266,0,0.59318,High Risk
7.08996,23.75,2.01679,0.017,266,7.0945,7.09904,-0.00908,23.72917,23.72321,0,2.0893,2.0582,-0.17201,0.017,0.017,0,266,266,0,0.25361,High Risk
7.07181,23.6875,4.34586,0.017,266,7.07786,7.07246,0.00908,23.70833,23.70536,0,3.66947,3.4857,1.2019,0.017,0.017,0,266,266,0,0.83364,High Risk
7.02641,23.625,4.74171,0.017,266,7.02792,7.0303,0,23.625,23.625,0,4.57827,4.47302,0.22813,0.017,0.017,0,266,266,0,0.75724,High Risk
7.03095,23.5625,4.79604,0.017,266,7.02792,7.0316,0.00454,23.60417,23.60714,-0.0625,4.52909,4.48156,0.36714,0.017,0.017,0,266,266,0,0.63897,High Risk
6.98102,23.5,4.04474,0.017,266,6.99161,6.99334,-0.01815,23.47917,23.49107,0.0625,4.28969,4.15472,-0.36742,0.017,0.017,0,266,266,0,0.7124,High Risk
6.9674,23.4375,4.10629,0.017,266,6.97043,6.9661,0.00454,23.45833,23.44643,-0.0625,3.66558,3.55095,0.93868,0.017,0.017,0,266,266,0,0.88019,High Risk
6.89477,23.3125,4.06004,0.017,266,6.88872,6.88699,0.00908,23.3125,23.30357,0,4.25113,4.15862,-0.36886,0.017,0.017,0,266,266,0,0.37486,High Risk
6.85845,23.3125,2.45674,0.017,266,6.85845,6.8565,0,23.27083,23.25893,0.0625,2.56264,2.77373,-0.03691,0.017,0.017,0,266,266,0,0.48858,High Risk
6.86299,23.25,1.44894,0.017,266,6.85996,6.8591,0.00454,23.25,23.24107,0,1.66643,1.86052,-0.2636,0.017,0.017,0,266,266,0,0.47982,High Risk
6.80852,23.25,2.22993,0.017,266,6.80852,6.80852,0,23.25,23.25,0,2.79683,2.82864,-0.90226,0.017,0.017,0,266,266,0,0.61321,High Risk
6.80852,23.8125,4.70585,0.017,266,6.80852,6.80722,0,23.79167,23.79464,0,4.74178,4.68004,-0.0539,0.017,0.017,0,266,266,0,0.70834,High Risk
6.77674,23.8125,3.20343,0.017,266,6.79793,6.81306,-0.03178,23.79167,23.78571,0,2.87534,2.52682,0.03582,0.017,0.017,0,266,266,0,1.0115,High Risk
6.74043,23.8125,0.16859,0.017,266,6.74194,6.74302,-0.00453,23.8125,23.8125,0,0.16547,0.16297,0.00203,0.017,0.017,0,266,266,0,0.01717,High Risk
6.66325,23.8125,0.2834,0.017,266,6.66174,6.70087,0,23.79167,23.79464,0.0625,0.16781,0.16373,0.1298,0.017,0.017,0,266,266,0,0.25873,High Risk
6.61786,23.625,3.76513,0.017,266,6.60878,6.60878,0.01362,23.66667,23.67857,-0.0625,3.82251,4.16646,-0.08607,0.017,0.017,0,266,266,0,0.86272,High Risk
6.56793,23.625,3.59887,0.017,266,6.56641,6.56728,0.00908,23.60417,23.61607,0.0625,3.74811,3.76086,-0.16626,0.017,0.017,0,266,266,0,0.27265,High Risk
6.53161,23.5625,3.9542,0.017,266,6.55279,6.54523,-0.01362,23.5625,23.5625,0,3.93447,3.92682,0.0592,0.017,0.017,0,266,266,0,0.12284,High Risk
6.54523,23.5625,4.01432,0.017,266,6.54069,6.54653,0.01362,23.5625,23.5625,0,3.95451,3.94805,0.06012,0.017,0.017,0,266,266,0,0.1247,High Risk
6.49529,23.5,3.28864,0.017,266,6.49227,6.49205,0.01815,23.47917,23.48214,0.0625,3.32179,3.26124,-0.04973,0.017,0.017,0,266,266,0,0.1793,High Risk
6.45898,23.375,3.53184,0.017,266,6.46049,6.44731,-0.00454,23.41667,23.42857,-0.0625,3.58297,3.49581,0.06574,0.017,0.017,0,266,266,0,0.64904,High Risk
6.44536,23.375,3.96914,0.017,266,6.44536,6.43304,0,23.375,23.38393,0,4.01486,4.01914,-0.13715,0.017,0.017,0,266,266,0,0.21825,High Risk
6.44082,23.3125,3.1795,0.017,266,6.43477,6.43563,0.00908,23.35417,23.36607,-0.0625,3.01656,3.16164,0.61031,0.017,0.017,0,266,266,0,0.55377,High Risk
6.43628,23.3125,3.33837,0.017,266,6.43174,6.43239,0.00454,23.33333,23.35714,0,3.36372,3.26855,-0.07605,0.017,0.017,0,266,266,0,0.5847,High Risk
6.34549,23.1875,1.8378,0.017,266,6.34246,6.34095,-0.00454,23.14583,23.16964,0.0625,1.88667,1.74925,-0.04844,0.017,0.017,0,266,266,0,0.40891,High Risk
6.34095,23.125,1.67479,0.017,266,6.33187,6.32928,0.01816,23.125,23.13393,0,1.77896,1.79818,-0.16986,0.017,0.017,0,266,266,0,0.14488,High Risk
6.32279,23.125,0.89993,0.017,266,6.32279,6.32863,0,23.10417,23.11607,0,0.92507,0.92459,-0.0412,0.017,0.017,0,266,266,0,0.25437,High Risk
6.31825,23.125,1.27701,0.017,266,6.30766,6.31307,0.02269,23.10417,23.10714,0.0625,1.30804,1.32444,-0.08833,0.017,0.017,0,266,266,0,0.11141,High Risk
6.30464,23.0625,1.36028,0.017,266,6.30313,6.30464,0.00454,23.10417,23.11607,-0.0625,1.3895,1.45113,-0.0673,0.017,0.017,0,266,266,0,0.17436,High Risk
6.36365,23.5625,3.37617,0.017,266,6.36516,6.36235,0.00454,23.54167,23.54464,0,3.31403,3.17216,0.0378,0.017,0.017,0,266,266,0,0.67744,High Risk
6.44536,24.1875,1.0883,0.017,266,6.44687,6.44536,-0.00454,24.1875,24.17857,0,1.11163,1.10249,-0.04126,0.017,0.017,0,266,266,0,0.10842,High Risk
6.44536,24.125,1.41176,0.017,266,6.44839,6.44666,-0.00908,24.14583,24.125,-0.0625,1.44196,1.56004,-0.03718,0.017,0.017,0,266,266,0,0.25055,High Risk
6.45898,24.125,1.41701,0.017,266,6.4499,6.44601,0.01816,24.10417,24.10714,0.0625,1.43514,1.46579,0.0157,0.017,0.017,0,266,266,0,0.11967,High Risk
6.44536,23.9375,1.6624,0.017,266,6.44536,6.44471,0,23.97917,23.96429,-0.0625,1.6046,1.88721,-0.10837,0.017,0.017,0,266,266,0,0.63347,High Risk
6.43628,23.9375,2.22164,0.017,266,6.44082,6.44406,-0.00454,23.9375,23.9375,0,2.11028,2.29541,0.44428,0.017,0.017,0,266,266,0,0.49885,High Risk
6.44536,23.875,1.90739,0.017,266,6.4499,6.44925,-0.00454,23.91667,23.88393,-0.0625,1.88401,1.91791,0.04898,0.017,0.017,0,266,266,0,0.11238,High Risk
6.45898,23.8125,1.92878,0.017,266,6.46352,6.45639,-0.02724,23.83333,23.84821,-0.0625,1.9432,1.91782,-0.02163,0.017,0.017,0,266,266,0,0.1142,High Risk
6.45898,23.75,1.60774,0.017,266,6.45444,6.45185,0.01362,23.75,23.74107,0,1.57574,1.76736,-0.03014,0.017,0.017,0,266,266,0,0.77008,High Risk
6.45898,23.5,1.02537,0.017,266,6.47109,6.4739,-0.01362,23.5,23.5,0,0.98951,0.86887,0.0375,0.017,0.017,0,266,266,0,0.3183,High Risk
6.46806,23.5,0.80751,0.017,266,6.48016,6.47584,-0.04085,23.47917,23.49107,0,0.8015,0.81015,0.00901,0.017,0.017,0,266,266,0,0.10711,High Risk
6.47714,23.5,0.78959,0.017,266,6.47865,6.4713,-0.00908,23.5,23.47321,0,0.74755,0.76053,-0.00891,0.017,0.017,0,266,266,0,0.14039,High Risk
6.48622,23.4375,0.47645,0.017,266,6.47865,6.4713,0.00908,23.4375,23.4375,0,0.51307,0.55522,-0.11704,0.017,0.017,0,266,266,0,0.13883,High Risk
6.51345,23.875,2.41137,0.017,266,6.51345,6.51345,0.00454,23.875,23.86607,0,2.60279,2.81398,-0.19646,0.017,0.017,0,266,266,0,0.47294,High Risk
6.56793,23.5625,1.05637,0.017,266,6.57549,6.58024,-0.00453,23.58333,23.58036,-0.0625,1.0206,1.23125,0.04992,0.017,0.017,0,266,266,0,0.50454,High Risk
6.58608,23.4375,1.02537,0.017,266,6.58759,6.58932,-0.00454,23.4375,23.4375,0,1.02157,1.01135,0,0.017,0.017,0,266,266,0,0.03246,High Risk
6.61332,23.3125,0.26727,0.017,266,6.62543,6.61786,-0.01816,23.29167,23.29464,0.0625,0.27087,0.28971,-0.01393,0.017,0.017,0,266,266,0,0.08407,High Risk
6.66779,24.0625,0.08179,0.017,266,6.66628,6.66196,0,24.0625,23.58036,0,0.0681,0.28402,-0.0152,0.017,0.017,0,266,266,0,1.01079,Moderate Risk
6.72681,23.75,0.02514,0.017,266,6.72832,6.73135,0,23.77083,23.77679,0,0.90909,0.6226,-2.33291,0.017,0.017,0,266,266,0,1.58247,Moderate Risk
6.72681,24.125,0.52786,0.017,266,6.72378,6.72422,0.00454,24.125,24.125,0,0.50273,0.48608,0.00794,0.017,0.017,0,266,266,0,0.07331,High Risk
6.73589,24.125,0.28786,0.017,266,6.73438,6.73719,0,24.125,24.13393,0,0.2875,0.2895,0.00446,0.017,0.017,0,266,266,0,0.04336,High Risk
6.76766,24.125,0.05466,0.017,266,6.76161,6.76442,0.00908,24.125,24.10714,0,0.05243,0.05333,0.0067,0.017,0.017,0,266,266,0,0.04506,Moderate Risk
6.78582,24.125,0.05321,0.017,266,6.77069,6.76831,0.01816,24.125,24.11607,0,0.05194,0.05346,-0.00145,0.017,0.017,0,266,266,0,0.04555,Moderate Risk
6.76312,24.0625,0.0317,0.017,266,6.76917,6.76507,-0.00454,24.0625,24.07143,0,0.03062,0.03016,0.00133,0.017,0.017,0,266,266,0,0.03583,Moderate Risk
6.75858,24.0625,0.03937,0.017,266,6.76463,6.76182,-0.00908,24.0625,24.05357,0,0.03865,0.03572,0.00019,0.017,0.017,0,266,266,0,0.03178,Moderate Risk
6.75858,24.0625,0.04029,0.017,266,6.76161,6.76377,-0.00908,24.0625,24.0625,0,0.03974,0.03802,-0.00019,0.017,0.017,0,266,266,0,0.01746,Moderate Risk
6.75858,24.0625,0.03955,0.017,266,6.76161,6.76312,0,24.0625,24.0625,0,0.04011,0.0382,-0.00074,0.017,0.017,0,266,266,0,0.0182,Moderate Risk
6.75858,24.125,0.03437,0.017,266,6.76312,6.76831,-0.00908,24.10417,24.10714,0.0625,0.03464,0.03484,-0.00049,0.017,0.017,0,266,266,0,0.03157,Moderate Risk
6.76312,24.0625,0.04161,0.017,266,6.77371,6.76961,-0.01362,24.04167,24.05357,0.0625,0.04176,0.0434,0.00132,0.017,0.017,0,266,266,0,0.0334,Moderate Risk
6.77674,24.0625,0.04029,0.017,266,6.7722,6.77155,0.01362,24.04167,24.05357,0,0.04073,0.0433,-0.00132,0.017,0.017,0,266,266,0,0.03329,Moderate Risk
6.78582,24.0625,0.0374,0.017,266,6.78582,6.74626,0,24.0625,24.05357,0,0.03699,0.03708,0.00035,0.017,0.017,0,266,266,0,0.2144,Moderate Risk
6.80852,24.0625,0.03155,0.017,266,6.80701,6.80074,0,24.04167,24.05357,0,0.03111,0.02989,0,0.017,0.017,0,266,266,0,0.02695,Moderate Risk
6.80852,24.0625,0.03231,0.017,266,6.80549,6.80203,0,24.0625,24.0625,0,0.03267,0.03346,-0.00047,0.017,0.017,0,266,266,0,0.01449,Moderate Risk
6.80398,24.0625,0.02551,0.017,266,6.79944,6.80203,0,24.0625,24.0625,0,0.02606,0.02728,-0.00025,0.017,0.017,0,266,266,0,0.01737,Moderate Risk
6.80852,24.0625,0.02009,0.017,266,6.80852,6.80787,0,24.0625,24.0625,0,0.01914,0.01975,0.00176,0.017,0.017,0,266,266,0,0.00508,Moderate Risk
6.80852,24.0625,0.019,0.017,266,6.80852,6.80917,0,24.0625,24.0625,0,0.01929,0.01933,0,0.017,0.017,0,266,266,0,0.00922,Moderate Risk
6.81306,24,0.02254,0.017,266,6.81155,6.80982,0.00454,24,24.00893,0,0.02163,0.02164,0.00099,0.017,0.017,0,266,266,0,0.01781,Moderate Risk
6.80852,24,0.02465,0.017,266,6.80852,6.80982,0,24,24.00893,0,0.02409,0.02393,0.00049,0.017,0.017,0,266,266,0,0.02098,Moderate Risk
6.80852,24,0.01909,0.017,266,6.80701,6.80787,0,24,24,0,0.02032,0.02024,-0.001,0.017,0.017,0,266,266,0,0.00612,Moderate Risk
6.83575,24,0.0189,0.017,266,6.82819,6.82797,-0.00454,24,23.99107,0,0.01933,0.02014,-0.00222,0.017,0.017,0,266,266,0,0.03631,Moderate Risk
6.8176,24,0.01489,0.017,266,6.81609,6.81501,0,24,24,0,0.01587,0.01577,-0.0019,0.017,0.017,0,266,266,0,0.01097,Moderate Risk
6.80852,24,0.01569,0.017,266,6.80852,6.81371,0,24.02083,24.00893,-0.0625,0.01516,0.01506,0.00088,0.017,0.017,0,266,266,0,0.03108,Moderate Risk
6.80852,24,0.01332,0.017,266,6.79944,6.80593,0,24.02083,24,-0.0625,0.01366,0.01608,-0.00028,0.017,0.017,0,266,266,0,0.04537,Moderate Risk
6.82214,24,0.00895,0.017,266,6.8978,6.85716,-0.22697,23.97917,23.97321,0,0.00921,0.00938,-0.00005,0.017,0.017,0,266,266,0,0.18709,Moderate Risk
6.81306,23.9375,0.00958,0.017,266,6.83727,6.82473,-0.04993,23.9375,23.9375,0,0.01,0.00968,-0.00049,0.017,0.017,0,266,266,0,0.03992,Moderate Risk
6.80852,23.9375,0.00865,0.017,266,6.81306,6.81436,-0.00454,23.95833,23.94643,-0.0625,0.00875,0.0087,0.0002,0.017,0.017,0,266,266,0,0.01928,Moderate Risk
6.82214,23.9375,0.00775,0.017,266,6.81457,6.81501,0.00908,23.9375,23.9375,0,0.00775,0.00791,0,0.017,0.017,0,266,266,0,0.01239,Moderate Risk
6.80852,23.875,0.00766,0.017,266,6.81457,6.81436,-0.00908,23.91667,23.91964,-0.0625,0.00721,0.00743,0.00121,0.017,0.017,0,266,266,0,0.02304,Moderate Risk
6.83575,23.875,0.00775,0.017,266,6.83727,6.82343,-0.01816,23.89583,23.90179,0,0.00757,0.00651,0,0.017,0.017,0,266,266,0,0.05107,Moderate Risk
6.83575,23.875,0.00481,0.017,266,6.83575,6.85326,0.00454,23.875,23.88393,0,0.00581,0.00648,-0.00127,0.017,0.017,0,266,266,0,0.08455,Moderate Risk
6.82667,23.8125,0.00575,0.017,266,6.83121,6.85131,-0.00908,23.85417,23.875,-0.0625,0.00555,0.00626,0.00094,0.017,0.017,0,266,266,0,0.09304,Moderate Risk
6.83121,23.875,0.00538,0.017,266,6.82819,6.82992,0.00907,23.875,23.875,0,0.00557,0.00569,-0.00037,0.017,0.017,0,266,266,0,0.01589,Moderate Risk
6.83575,23.8125,0.00714,0.017,266,6.83272,6.82343,0.00454,23.79167,23.80357,0,0.00711,0.00695,0.00008,0.017,0.017,0,266,266,0,0.04038,High Risk
6.82214,23.875,0.00528,0.017,266,6.81911,6.81955,0.00908,23.85417,23.83036,0,0.00571,0.00596,-0.00054,0.017,0.017,0,266,266,0,0.02306,Moderate Risk
6.81306,23.8125,0.00731,0.017,266,6.81306,6.81436,-0.00454,23.79167,23.80357,0,0.00728,0.00707,-0.00013,0.017,0.017,0,266,266,0,0.02259,Moderate Risk
6.83121,23.75,0.00727,0.017,266,6.83424,6.82473,0.01361,23.77083,23.78571,-0.0625,0.00741,0.00739,-0.00008,0.017,0.017,0,266,266,0,0.04511,Moderate Risk
6.86753,23.8125,0.00731,0.017,266,6.84483,6.83511,0.03178,23.79167,23.78571,0,0.007,0.00724,0.0009,0.017,0.017,0,266,266,0,0.05579,Moderate Risk
6.81306,23.75,0.00757,0.017,266,6.81457,6.82473,-0.00454,23.75,23.75893,0,0.00738,0.00689,0.00022,0.017,0.017,0,266,266,0,0.04156,Moderate Risk
6.83121,23.75,0.00608,0.017,266,6.82214,6.82084,0.00907,23.77083,23.76786,0,0.00574,0.00582,0.00043,0.017,0.017,0,266,266,0,0.02704,Moderate Risk
6.80852,23.75,0.00582,0.017,266,6.80852,6.81825,0,23.75,23.75,0,0.00627,0.00662,-0.00063,0.017,0.017,0,266,266,0,0.02143,Moderate Risk
6.85391,23.6875,0.00653,0.017,266,6.82819,6.82732,0.04085,23.72917,23.74107,-0.0625,0.00619,0.00613,0.00074,0.017,0.017,0,266,266,0,0.04085,Moderate Risk
6.80852,23.75,0.00579,0.017,266,6.81003,6.81111,0,23.72917,23.71429,0.0625,0.00594,0.00601,-0.0001,0.017,0.017,0,266,266,0,0.02444,Moderate Risk
6.79036,23.75,0.00382,0.017,266,6.78733,6.79879,0.00454,23.70833,23.6875,0.0625,0.00421,0.00562,-0.00049,0.017,0.017,0,266,266,0,0.04497,Moderate Risk
6.77674,23.6875,0.00372,0.017,266,6.78431,6.7936,-0.01362,23.70833,23.6875,-0.0625,0.00395,0.00505,-0.0001,0.017,0.017,0,266,266,0,0.04594,Moderate Risk
6.77674,23.6875,0.0063,0.017,266,6.77825,6.77804,-0.00454,23.66667,23.67857,0,0.00608,0.00576,0.00051,0.017,0.017,0,266,266,0,0.02818,Moderate Risk
6.7949,23.6875,0.00336,0.017,266,6.79793,6.79944,-0.00908,23.6875,23.6875,0,0.00363,0.00354,-0.00036,0.017,0.017,0,266,266,0,0.01112,Moderate Risk
6.75858,23.6875,0.00528,0.017,266,6.77069,6.76896,-0.01816,23.66667,23.66964,0.0625,0.00542,0.00579,-0.0003,0.017,0.017,0,266,266,0,0.03901,Moderate Risk
6.76312,23.625,0.00525,0.017,266,6.75556,6.75858,0.02269,23.625,23.65179,0,0.00518,0.00532,0.00004,0.017,0.017,0,266,266,0,0.04167,Moderate Risk
6.76766,23.625,0.00735,0.017,266,6.76766,6.76766,0,23.625,23.625,0,0.00737,0.00724,0.00008,0.017,0.017,0,266,266,0,0.02487,Moderate Risk
6.78128,23.5625,0.00551,0.017,266,6.76766,6.76961,0.00908,23.5625,23.5625,0,0.00551,0.00547,0.00003,0.017,0.017,0,266,266,0,0.02405,Moderate Risk
6.79944,23.625,0.00525,0.017,266,6.80095,6.7949,0.01362,23.58333,23.5625,0.0625,0.00527,0.00532,-0.00003,0.017,0.017,0,266,266,0,0.04106,Moderate Risk
6.77674,23.5625,0.00389,0.017,266,6.78431,6.79101,-0.01362,23.54167,23.53571,0,0.0039,0.004,-0.00005,0.017,0.017,0,266,266,0,0.0322,Moderate Risk
6.78128,23.5,0.00575,0.017,266,6.78431,6.78582,0.00454,23.54167,23.54464,-0.0625,0.00549,0.0048,0.00031,0.017,0.017,0,266,266,0,0.0349,Moderate Risk
6.72681,23.5,0.00641,0.017,266,6.72984,6.73524,-0.00454,23.47917,23.49107,0,0.00641,0.00633,0,0.017,0.017,0,266,266,0,0.02422,Moderate Risk
6.74043,23.5,0.0046,0.017,266,6.73589,6.73654,0.00454,23.5,23.49107,0,0.00482,0.00504,-0.00018,0.017,0.017,0,266,266,0,0.02587,Moderate Risk
6.73135,23.4375,0.00487,0.017,266,6.73286,6.73848,-0.00454,23.4375,23.46429,0,0.00485,0.00484,0.00012,0.017,0.017,0,266,266,0,0.05193,Moderate Risk
6.54523,23.5,0.00484,0.017,266,6.66931,6.70152,-0.18612,23.45833,23.44643,0.0625,0.00484,0.00481,-0.00003,0.017,0.017,0,266,266,0,0.15138,Moderate Risk
6.74043,23.375,0.00429,0.017,266,6.73589,6.73589,0.00908,23.41667,23.4375,-0.0625,0.00429,0.00423,-0.00002,0.017,0.017,0,266,266,0,0.02345,Moderate Risk
6.74043,23.4375,0.00364,0.017,266,6.73892,6.74561,0.00454,23.47917,23.45536,-0.0625,0.00367,0.00376,0,0.017,0.017,0,266,266,0,0.03166,Moderate Risk
6.68595,23.5,0.0033,0.017,266,6.68746,6.68595,0,23.45833,23.45536,0.0625,0.00336,0.00311,-0.00013,0.017,0.017,0,266,266,0,0.02748,Moderate Risk
6.67687,23.4375,0.0035,0.017,266,6.68444,6.69568,0,23.41667,23.4375,0,0.00335,0.0032,0.00011,0.017,0.017,0,266,266,0,0.0675,Moderate Risk
6.65871,23.5625,0.00139,0.017,266,6.70108,6.68984,-0.11803,23.52083,23.50893,0.0625,0.00214,0.00309,-0.00006,0.017,0.017,0,266,266,0,0.09639,High Risk
7.04003,24.125,0.00029,0.017,266,7.04457,7.0303,-0.00454,24.10417,24.09821,0.0625,0.00026,0.00027,0.00008,0.017,0.017,0,266,266,0,0.08499,High Risk
7.03549,24.0625,0.00028,0.017,266,7.06121,7.053,-0.01362,24.08333,24.08036,-0.0625,0.00028,0.00029,0,0.017,0.017,0,266,266,0,0.05733,High Risk
6.9674,23.625,0.00023,0.017,266,6.95983,6.95962,0.01362,23.625,23.61607,0,0.00023,0.00023,0.00001,0.017,0.017,0,266,266,0,0.02193,Moderate Risk
6.95378,23.625,0.00021,0.017,266,6.95832,6.95702,-0.01362,23.625,23.59821,0,0.0002,0.00021,0.00002,0.017,0.017,0,266,266,0,0.02811,Moderate Risk
6.95378,23.4375,0.00021,0.017,266,6.95378,6.95378,0,23.47917,23.49107,-0.0625,0.00022,0.00023,-0.00002,0.017,0.017,0,266,266,0,0.01183,Moderate Risk
6.95378,23.5,0.00015,0.017,266,6.95378,6.95378,0,23.47917,23.49107,0.0625,0.0002,0.00022,-0.00006,0.017,0.017,0,266,266,0,0.01188,Moderate Risk
6.95378,23.5,0.0002,0.017,266,6.95529,6.95443,-0.00454,23.52083,23.5,-0.0625,0.00019,0.00019,0.00001,0.017,0.017,0,266,266,0,0.02151,Moderate Risk
6.87661,24.125,0.0005,0.017,266,6.87812,6.87661,-0.00454,24.14583,24.16964,-0.0625,0.00051,0.00052,-0.00002,0.017,0.017,0,266,266,0,0.02051,Moderate Risk
6.87661,24.25,0.00045,0.017,266,6.87812,6.87661,0.00454,24.25,24.25,0,0.00045,0.00045,0,0.017,0.017,0,266,266,0,0.01659,Moderate Risk
6.67687,24.25,0.00045,0.017,266,6.79792,6.84808,-0.15434,24.27083,24.28571,0,0.00045,0.00044,0,0.017,0.017,0,266,266,0,0.17551,Moderate Risk
6.86753,24.375,0.00041,0.017,266,6.87056,6.87466,-0.00908,24.35417,24.33929,0,0.00039,0.00038,0.00002,0.017,0.017,0,266,266,0,0.03553,High Risk
6.88115,23.75,0.00062,0.017,266,6.88115,6.89412,-0.00454,23.75,23.75,0,0.00063,0.00063,-0.00002,0.017,0.017,0,266,266,0,0.04009,High Risk
6.77674,23.1875,0.00045,0.017,266,6.79187,6.80657,-0.00908,23.1875,23.47321,0,0.00054,0.00042,-0.00001,0.017,0.017,0,266,266,0,0.16942,Moderate Risk
6.78582,22.75,0.00059,0.017,266,6.78279,6.76961,0,22.77083,22.75,-0.0625,0.00059,0.00058,0.00001,0.017,0.017,0,266,266,0,0.11272,Moderate Risk
6.75858,23.25,0.00043,0.017,266,6.76312,6.75858,-0.00908,23.22917,23.21429,0.0625,0.00042,0.00043,0.00001,0.017,0.017,0,266,266,0,0.03059,Moderate Risk
6.75858,23.1875,0.00039,0.017,266,6.75707,6.75534,0,23.1875,23.1875,0,0.00039,0.0004,0,0.017,0.017,0,266,266,0,0.01257,Moderate Risk
6.75404,23.1875,0.00038,0.017,266,6.75555,6.76571,0.00454,23.20833,23.20536,0,0.00038,0.00037,0,0.017,0.017,0,266,266,0,0.05722,Moderate Risk
6.74496,23.1875,0.0004,0.017,266,6.7495,6.75663,-0.00908,23.1875,23.20536,0,0.00039,0.00039,0.00002,0.017,0.017,0,266,266,0,0.03615,Moderate Risk
6.70411,22.75,0.00061,0.017,266,6.70865,6.70995,0,22.72917,22.72321,0.0625,0.00061,0.00061,0,0.017,0.017,0,266,266,0,0.02809,High Risk
6.77674,23.9375,0.0003,0.017,266,6.7722,6.74367,0.01362,23.9375,23.26786,0,0.00028,0.00046,0,0.017,0.017,0,266,266,0,0.36964,Moderate Risk
6.75858,23.9375,0.00031,0.017,266,6.76615,6.75339,-0.00454,23.9375,23.60714,0,0.00031,0.00038,0,0.017,0.017,0,266,266,0,0.33429,Moderate Risk
6.77674,23.9375,0.00029,0.017,266,6.77371,6.77285,-0.00454,23.9375,23.9375,0,0.00029,0.00029,0.00001,0.017,0.017,0,266,266,0,0.01612,Moderate Risk
6.77674,23.9375,0.00028,0.017,266,6.77371,6.77674,0,23.95833,23.94643,0,0.00028,0.00028,0,0.017,0.017,0,266,266,0,0.04194,Moderate Risk
6.7495,23.8125,0.00059,0.017,266,6.74648,6.74237,0,23.79167,23.78571,0.0625,0.00059,0.00059,0,0.017,0.017,0,266,266,0,0.02827,Moderate Risk
6.74043,23.8125,0.00057,0.017,266,6.74496,6.74367,-0.00453,23.8125,23.80357,0,0.00058,0.00059,-0.00002,0.017,0.017,0,266,266,0,0.02193,Moderate Risk
6.77674,23.9375,0.00053,0.017,266,6.77825,6.78258,-0.00454,23.9375,23.9375,0,0.00053,0.00053,0,0.017,0.017,0,266,266,0,0.01359,High Risk
6.75858,23.875,0.00053,0.017,266,6.75102,6.76377,-0.00908,23.89583,23.90179,0,0.00053,0.00053,0,0.017,0.017,0,266,266,0,0.0646,High Risk
6.76312,23.8125,0.00056,0.017,266,6.76463,6.76507,0,23.8125,23.80357,0,0.00057,0.00055,-0.00001,0.017,0.017,0,266,266,0,0.02458,High Risk
6.75858,23.75,0.00057,0.017,266,6.75858,6.75793,0,23.75,23.75,0,0.00059,0.00059,-0.00004,0.017,0.017,0,266,266,0,0.01332,High Risk
6.74043,23.625,0.00061,0.017,266,6.74043,6.74626,0,23.64583,23.66071,0,0.00061,0.00061,0,0.017,0.017,0,266,266,0,0.03681,High Risk
6.74043,23.625,0.00054,0.017,266,6.74496,6.74626,-0.00453,23.625,23.63393,0,0.00053,0.00053,0.00001,0.017,0.017,0,266,266,0,0.02434,High Risk
6.74043,23.625,0.00053,0.017,266,6.74043,6.74108,0,23.625,23.61607,0,0.00053,0.00053,0,0.017,0.017,0,266,266,0,0.01809,Moderate Risk
6.74043,23.5625,0.00052,0.017,266,6.73892,6.73783,0.00454,23.60417,23.60714,-0.0625,0.00052,0.00052,-0.00001,0.017,0.017,0,266,266,0,0.03172,Moderate Risk
6.73589,23.625,0.00055,0.017,266,6.74043,6.73978,-0.01361,23.60417,23.61607,0,0.00056,0.00056,-0.00001,0.017,0.017,0,266,266,0,0.02153,High Risk
6.74043,23.625,0.00057,0.017,266,6.73892,6.73848,0,23.58333,23.58929,0.0625,0.00057,0.00056,-0.00001,0.017,0.017,0,266,266,0,0.02158,Moderate Risk
6.73135,23.625,0.00054,0.017,266,6.74043,6.75145,-0.01815,23.625,23.61607,0,0.00056,0.00056,-0.00004,0.017,0.017,0,266,266,0,0.06396,Moderate Risk
6.74496,23.5625,0.00054,0.017,266,6.74345,6.74367,0,23.5625,23.58036,0,0.00057,0.00056,-0.00004,0.017,0.017,0,266,266,0,0.02538,Moderate Risk
6.75858,23.5625,0.00056,0.017,266,6.74799,6.74432,0.02269,23.52083,23.54464,0.0625,0.00051,0.00054,0.00003,0.017,0.017,0,266,266,0,0.03454,Moderate Risk
6.74043,23.5625,0.00052,0.017,266,6.75707,6.74367,-0.04539,23.5625,23.5625,0,0.00053,0.00053,-0.00001,0.017,0.017,0,266,266,0,0.04502,Moderate Risk
6.7495,23.5625,0.0005,0.017,266,6.74345,6.74237,0.00907,23.54167,23.55357,0.0625,0.0005,0.0005,-0.00001,0.017,0.017,0,266,266,0,0.01897,Moderate Risk
6.73589,23.5625,0.0005,0.017,266,6.74194,6.74691,-0.01361,23.5625,23.55357,0,0.0005,0.0005,0.00001,0.017,0.017,0,266,266,0,0.04771,Moderate Risk
6.74043,23.5625,0.00051,0.017,266,6.74496,6.74626,-0.00907,23.54167,23.54464,0,0.0005,0.00049,0.00003,0.017,0.017,0,266,266,0,0.03244,Moderate Risk
6.7495,23.5625,0.0005,0.017,266,6.74496,6.74885,0.00454,23.52083,23.51786,0.0625,0.00049,0.00049,0.00001,0.017,0.017,0,266,266,0,0.03299,Moderate Risk
6.74043,23.5,0.00045,0.017,266,6.74496,6.75015,-0.00907,23.52083,23.50893,0,0.00046,0.00046,-0.00002,0.017,0.017,0,266,266,0,0.02705,Moderate Risk
6.7495,23.5625,0.00046,0.017,266,6.75555,6.74885,-0.00908,23.54167,23.52679,0.0625,0.00047,0.00046,-0.00001,0.017,0.017,0,266,266,0,0.03194,Moderate Risk
6.7495,23.5625,0.00048,0.017,266,6.75253,6.7508,-0.00908,23.54167,23.52679,0.0625,0.00047,0.00047,0.00001,0.017,0.017,0,266,266,0,0.03306,Moderate Risk
6.75404,23.5,0.00049,0.017,266,6.75404,6.75274,0.00454,23.52083,23.52679,-0.0625,0.00048,0.00047,0.00001,0.017,0.017,0,266,266,0,0.0303,Moderate Risk
6.75404,23.5,0.00051,0.017,266,6.75253,6.75274,0.00908,23.54167,23.53571,-0.0625,0.00048,0.00048,0.00001,0.017,0.017,0,266,266,0,0.02686,Moderate Risk
6.77674,23.5625,0.00043,0.017,266,6.78128,6.77674,-0.00908,23.58333,23.60714,-0.0625,0.00044,0.00045,-0.00002,0.017,0.017,0,266,266,0,0.03184,Moderate Risk
6.76766,23.625,0.00043,0.017,266,6.77825,6.77025,0,23.625,23.625,0,0.00045,0.00046,-0.00003,0.017,0.017,0,266,266,0,0.03271,Moderate Risk
6.7949,23.625,0.00045,0.017,266,6.79944,6.79685,-0.00454,23.64583,23.65179,0,0.00045,0.00044,0,0.017,0.017,0,266,266,0,0.03406,Moderate Risk
6.80398,23.6875,0.00045,0.017,266,6.80398,6.80203,0,23.6875,23.6875,0,0.00045,0.00043,0.00001,0.017,0.017,0,266,266,0,0.00492,Moderate Risk
6.80398,23.75,0.00044,0.017,266,6.80549,6.80657,-0.00454,23.72917,23.73214,0.0625,0.00045,0.00045,-0.00001,0.017,0.017,0,266,266,0,0.02011,Moderate Risk
6.80852,23.875,0.00039,0.017,266,6.80852,6.81695,0,23.83333,23.83036,0.0625,0.00039,0.0004,0,0.017,0.017,0,266,266,0,0.05987,Moderate Risk
6.80852,23.875,0.0004,0.017,266,6.80852,6.80852,0,23.875,23.86607,0,0.0004,0.00038,0,0.017,0.017,0,266,266,0,0.0119,Moderate Risk
6.81306,23.875,0.00039,0.017,266,6.81155,6.81241,0.00454,23.85417,23.86607,0,0.00039,0.00038,0.00001,0.017,0.017,0,266,266,0,0.01809,Moderate Risk
6.88569,24.3125,0.00036,0.017,266,6.88266,6.88764,0.00454,24.3125,24.27679,0,0.00035,0.00037,-0.00002,0.017,0.017,0,266,266,0,0.03236,Moderate Risk
6.89477,24.375,0.00035,0.017,266,6.89477,6.89153,0,24.375,24.36607,0,0.00035,0.00036,0,0.017,0.017,0,266,266,0,0.02817,Moderate Risk
6.89023,24.4375,0.00034,0.017,266,6.89477,6.88764,0.00454,24.41667,24.40179,0,0.00034,0.00033,0.00001,0.017,0.017,0,266,266,0,0.05028,Moderate Risk
6.89477,24.4375,0.00035,0.017,266,6.89174,6.89088,0.00908,24.47917,24.45536,-0.0625,0.00035,0.00034,0,0.017,0.017,0,266,266,0,0.02343,Moderate Risk
6.89023,24.625,0.00029,0.017,266,6.89628,6.9019,-0.00454,24.58333,24.5625,0.0625,0.00029,0.0003,0,0.017,0.017,0,266,266,0,0.03366,Moderate Risk
6.89023,24.5,0.0003,0.017,266,6.89326,6.89477,-0.00454,24.54167,24.55357,-0.0625,0.0003,0.00029,-0.00001,0.017,0.017,0,266,266,0,0.02666,Moderate Risk
6.89023,24.5625,0.00035,0.017,266,6.93108,6.89671,-0.01362,24.54167,24.54464,0,0.00035,0.00034,0.00001,0.017,0.017,0,266,266,0,0.12407,Moderate Risk
6.89023,24.5625,0.00037,0.017,266,6.88569,6.88245,0.00454,24.54167,24.54464,0,0.00037,0.00037,0.00001,0.017,0.017,0,266,266,0,0.02884,Moderate Risk
6.87661,24.5625,0.00032,0.017,266,6.89477,6.89218,-0.02724,24.54167,24.55357,0,0.00031,0.00033,0.00001,0.017,0.017,0,266,266,0,0.03206,Moderate Risk
6.88569,24.5625,0.00028,0.017,266,6.8872,6.88504,-0.00454,24.5625,24.5625,0,0.00027,0.00028,0.00001,0.017,0.017,0,266,266,0,0.00972,Moderate Risk
6.88115,24.5625,0.00026,0.017,266,6.88115,6.88504,-0.00454,24.5625,24.5625,0,0.00027,0.00027,-0.00002,0.017,0.017,0,266,266,0,0.00972,Moderate Risk
6.86753,24.5,0.00027,0.017,266,6.87358,6.88439,-0.01362,24.54167,24.55357,-0.0625,0.00026,0.00025,0.00003,0.017,0.017,0,266,266,0,0.06285,Moderate Risk
6.88115,24.5625,0.00029,0.017,266,6.87964,6.88699,0.00454,24.5625,24.55357,0,0.00029,0.00028,0,0.017,0.017,0,266,266,0,0.06366,Moderate Risk
6.87207,24.5,0.00033,0.017,266,6.86753,6.87985,0,24.52083,24.51786,-0.0625,0.00033,0.00034,0,0.017,0.017,0,266,266,0,0.0738,Moderate Risk
6.86753,24.5,0.00029,0.017,266,6.86753,6.86688,0,24.54167,24.52679,-0.0625,0.0003,0.00031,0,0.017,0.017,0,266,266,0,0.03279,Moderate Risk
6.85845,24.5,0.00028,0.017,266,6.86148,6.86364,-0.00454,24.5,24.51786,0,0.00028,0.00028,0,0.017,0.017,0,266,266,0,0.02496,Moderate Risk
6.87207,24.5,0.00023,0.017,266,6.86602,6.86623,0.01362,24.54167,24.51786,-0.0625,0.00024,0.00026,-0.00001,0.017,0.017,0,266,266,0,0.03473,Moderate Risk
6.87207,24.5,0.00023,0.017,266,6.87207,6.86558,0.00454,24.5,24.50893,0,0.00023,0.00023,0,0.017,0.017,0,266,266,0,0.02909,Moderate Risk
6.86299,24.5,0.00021,0.017,266,6.86299,6.86753,0.00454,24.47917,24.49107,0.0625,0.00022,0.00022,-0.00001,0.017,0.017,0,266,266,0,0.05722,Moderate Risk
6.84937,24.5,0.00018,0.017,266,6.8524,6.85521,0,24.5,24.49107,0,0.00019,0.00019,-0.00001,0.017,0.017,0,266,266,0,0.02541,Moderate Risk
6.83575,24.4375,0.00033,0.017,266,6.85845,6.85067,-0.04086,24.45833,24.44643,0,0.00034,0.00034,-0.00002,0.017,0.017,0,266,266,0,0.04569,Moderate Risk
6.83575,24.4375,0.00037,0.017,266,6.84634,6.85067,-0.01816,24.41667,24.41964,0,0.00036,0.00035,0.00002,0.017,0.017,0,266,266,0,0.04287,Moderate Risk
6.85391,24.375,0.00038,0.017,266,6.87812,6.85196,0.0227,24.375,24.40179,0,0.00037,0.00035,0.00002,0.017,0.017,0,266,266,0,0.10448,Moderate Risk
6.83121,24.375,0.00038,0.017,266,6.84029,6.85456,-0.01816,24.39583,24.39286,-0.0625,0.00038,0.00037,0.00001,0.017,0.017,0,266,266,0,0.10115,Moderate Risk
6.84029,24.4375,0.00039,0.017,266,6.84634,6.84483,-0.00908,24.39583,24.39286,0.0625,0.00038,0.00038,0,0.017,0.017,0,266,266,0,0.03099,Moderate Risk
6.90839,24.375,0.00043,0.017,266,6.86299,6.84678,0.0681,24.39583,24.38393,-0.0625,0.00043,0.00041,-0.00001,0.017,0.017,0,266,266,0,0.06683,Moderate Risk
6.8176,24.375,0.00045,0.017,266,6.83273,6.82927,-0.02269,24.375,24.375,0,0.00045,0.00045,0,0.017,0.017,0,266,266,0,0.01806,Moderate Risk
6.83575,24.375,0.00046,0.017,266,6.8297,6.83121,0.01361,24.375,24.375,0,0.00046,0.00045,0.00001,0.017,0.017,0,266,266,0,0.01739,Moderate Risk
6.8176,24.375,0.00048,0.017,266,6.82667,6.82538,-0.01361,24.35417,24.33929,0.0625,0.00048,0.00047,0,0.017,0.017,0,266,266,0,0.02924,Moderate Risk
6.81306,24.25,0.00054,0.017,266,6.81155,6.80982,0.00454,24.27083,24.27679,0,0.00055,0.00054,-0.00002,0.017,0.017,0,266,266,0,0.02116,Moderate Risk
6.81306,24.25,0.0005,0.017,266,6.81155,6.81111,0,24.22917,24.23214,0.0625,0.0005,0.0005,0,0.017,0.017,0,266,266,0,0.02012,Moderate Risk
6.80852,24.25,0.00048,0.017,266,6.81155,6.81111,-0.00454,24.22917,24.23214,0,0.00049,0.00049,-0.00002,0.017,0.017,0,266,266,0,0.02012,Moderate Risk
6.80852,24.1875,0.0005,0.017,266,6.80852,6.81176,0,24.20833,24.1875,-0.0625,0.0005,0.00051,0.00001,0.017,0.017,0,266,266,0,0.02818,Moderate Risk
6.79944,24.125,0.00041,0.017,266,6.80549,6.80722,-0.00908,24.14583,24.16964,0,0.00048,0.00049,-0.00011,0.017,0.017,0,266,266,0,0.03056,Moderate Risk
6.80852,24.125,0.0005,0.017,266,6.80852,6.80722,0,24.14583,24.16071,0,0.00049,0.0005,0.00001,0.017,0.017,0,266,266,0,0.02358,Moderate Risk
6.79944,24.125,0.00053,0.017,266,6.80701,6.78842,-0.01362,24.125,24.125,0,0.00052,0.00052,0.00001,0.017,0.017,0,266,266,0,0.10272,Moderate Risk
6.80852,24.125,0.00041,0.017,266,6.80701,6.80528,0.00454,24.10417,24.10714,0,0.00049,0.0005,-0.00012,0.017,0.017,0,266,266,0,0.024,Moderate Risk
6.80852,24.125,0.00043,0.017,266,6.80701,6.80528,0,24.08333,24.07143,0.0625,0.00051,0.00052,-0.00011,0.017,0.017,0,266,266,0,0.02548,Moderate Risk
6.79036,24,0.00055,0.017,266,6.7949,6.80009,-0.00908,24.02083,24.02679,0,0.00055,0.00054,0,0.017,0.017,0,266,266,0,0.02894,Moderate Risk
6.80852,24,0.00053,0.017,266,6.80701,6.80009,0,24,24,0,0.00054,0.00054,-0.00001,0.017,0.017,0,266,266,0,0.02061,Moderate Risk
6.7949,23.9375,0.00053,0.017,266,6.80095,6.78777,0,23.97917,23.98214,-0.0625,0.00053,0.00053,0,0.017,0.017,0,266,266,0,0.10216,Moderate Risk
6.78582,24,0.00049,0.017,266,6.78885,6.7936,0,23.97917,23.97321,0,0.0005,0.00051,-0.00001,0.017,0.017,0,266,266,0,0.02811,Moderate Risk
6.7949,24,0.00051,0.017,266,6.79793,6.79879,0,23.97917,23.99107,0,0.00051,0.00051,0,0.017,0.017,0,266,266,0,0.01999,Moderate Risk
6.78582,23.9375,0.00053,0.017,266,6.79036,6.78971,-0.00908,23.91667,23.9375,0.0625,0.00052,0.00052,0.00001,0.017,0.017,0,266,266,0,0.02622,Moderate Risk
6.78582,23.875,0.00053,0.017,266,6.78431,6.78258,0.00454,23.875,23.875,0,0.00055,0.00053,-0.00005,0.017,0.017,0,266,266,0,0.00691,Moderate Risk
6.7949,23.875,0.00053,0.017,266,6.77523,6.78193,0.0454,23.875,23.85714,0,0.00053,0.00052,0,0.017,0.017,0,266,266,0,0.04738,Moderate Risk
6.78582,23.8125,0.00051,0.017,266,6.77825,6.76766,0.00454,23.8125,23.78571,0,0.00051,0.00052,-0.00001,0.017,0.017,0,266,266,0,0.04591,Moderate Risk
6.77674,23.75,0.0004,0.017,266,6.71621,6.76442,0.19066,23.72917,23.74107,0.0625,0.00039,0.00039,0.00001,0.017,0.017,0,266,266,0,0.17946,Moderate Risk
6.76766,23.6875,0.00038,0.017,266,6.77674,6.77285,-0.01816,23.6875,23.70536,0,0.00038,0.00039,0,0.017,0.017,0,266,266,0,0.03518,Moderate Risk
6.7495,23.625,0.00033,0.017,266,6.75101,6.77739,-0.00454,23.60417,23.58036,0,0.00033,0.00033,0,0.017,0.017,0,266,266,0,0.15507,Moderate Risk
6.75858,23.5625,0.00038,0.017,266,6.76009,6.75858,0,23.5625,23.55357,0,0.00038,0.00036,0,0.017,0.017,0,266,266,0,0.03909,Moderate Risk
6.76312,23.5625,0.00039,0.017,266,6.76009,6.76117,0.00454,23.5625,23.55357,0,0.00039,0.00039,0,0.017,0.017,0,266,266,0,0.01897,Moderate Risk
6.76312,23.5625,0.00045,0.017,266,6.75858,6.75858,0.00908,23.5625,23.5625,0,0.00041,0.0004,0.00006,0.017,0.017,0,266,266,0,0.01053,Moderate Risk
6.76312,23.5625,0.00029,0.017,266,6.76009,6.75599,0.00454,23.5625,23.55357,0,0.00034,0.00035,-0.00007,0.017,0.017,0,266,266,0,0.02216,Moderate Risk
6.74496,23.5625,0.00045,0.017,266,6.75707,6.76571,-0.01362,23.5625,23.5625,0,0.00045,0.00045,0,0.017,0.017,0,266,266,0,0.04024,Moderate Risk
6.79944,23.5,0.00033,0.017,266,6.80398,6.7949,-0.03177,23.5,23.52679,0,0.00033,0.00032,0,0.017,0.017,0,266,266,0,0.05265,Moderate Risk
6.79036,23.5625,0.00053,0.017,266,6.78431,6.78517,0.01362,23.5625,23.55357,0,0.00053,0.00053,-0.00001,0.017,0.017,0,266,266,0,0.03174,Moderate Risk
6.78128,23.5625,0.0005,0.017,266,6.78431,6.78193,-0.00454,23.5625,23.5625,0,0.0005,0.00051,0,0.017,0.017,0,266,266,0,0.01105,Moderate Risk
6.79944,23.625,0.00045,0.017,266,6.79339,6.79101,0.00454,23.60417,23.58036,0.0625,0.00042,0.00045,0.0001,0.017,0.017,0,266,266,0,0.02863,Moderate Risk
6.7949,23.5625,0.00048,0.017,266,6.79339,6.7936,-0.00454,23.5625,23.5625,0,0.00048,0.00047,-0.00001,0.017,0.017,0,266,266,0,0.00867,Moderate Risk
6.80852,23.5625,0.0005,0.017,266,6.80701,6.81371,0,23.58333,23.625,0,0.0005,0.0005,0.00001,0.017,0.017,0,266,266,0,0.06124,Moderate Risk
6.80852,23.625,0.00046,0.017,266,6.80852,6.80852,0,23.625,23.65179,0,0.00046,0.00046,0,0.017,0.017,0,266,266,0,0.01671,Moderate Risk
6.89023,23.625,0.00046,0.017,266,6.83727,6.82214,0.08171,23.64583,23.66071,0,0.00045,0.00045,0.00001,0.017,0.017,0,266,266,0,0.07694,Moderate Risk
6.83575,23.6875,0.00045,0.017,266,6.82365,6.8189,0.01361,23.6875,23.70536,0,0.00042,0.00044,0.00008,0.017,0.017,0,266,266,0,0.03246,Moderate Risk
6.82214,23.6875,0.00044,0.017,266,6.83727,6.82408,-0.05447,23.70833,23.70536,-0.0625,0.00046,0.00045,-0.00001,0.017,0.017,0,266,266,0,0.0627,Moderate Risk
6.85391,23.8125,0.00037,0.017,266,6.85391,6.84807,-0.00454,23.8125,23.80357,0,0.00036,0.00036,0.00001,0.017,0.017,0,266,266,0,0.02729,Moderate Risk
6.84937,23.8125,0.00029,0.017,266,6.85542,6.85845,0,23.8125,23.8125,0,0.00029,0.00029,0.00001,0.017,0.017,0,266,266,0,0.01484,Moderate Risk
6.87661,23.875,0.00027,0.017,266,6.87358,6.86558,0.00908,23.875,23.86607,0,0.00028,0.00027,-0.00001,0.017,0.017,0,266,266,0,0.02913,Moderate Risk
6.87207,23.8125,0.00028,0.017,266,6.86602,6.86883,0.00454,23.85417,23.85714,-0.0625,0.00028,0.00028,0,0.017,0.017,0,266,266,0,0.02884,Moderate Risk
6.87207,23.8125,0.0003,0.017,266,6.87056,6.87142,0.00454,23.83333,23.83929,0,0.0003,0.00029,0,0.017,0.017,0,266,266,0,0.02303,Moderate Risk
6.94016,23.8125,0.00028,0.017,266,6.90385,6.90255,0.05447,23.8125,23.80357,0,0.00028,0.00026,0,0.017,0.017,0,266,266,0,0.07319,Moderate Risk
6.87207,23.8125,0.00028,0.017,266,6.86602,6.86948,0,23.8125,23.8125,0,0.00028,0.00028,0.00001,0.017,0.017,0,266,266,0,0.01647,Moderate Risk
7.02641,23.8125,0.00026,0.017,266,6.92352,6.89412,0.15888,23.8125,23.80357,0,0.00026,0.00025,0,0.017,0.017,0,266,266,0,0.12879,Moderate Risk
6.87207,23.8125,0.00026,0.017,266,6.922,6.91487,-0.07263,23.8125,23.8125,0,0.00026,0.00026,0.00001,0.017,0.017,0,266,266,0,0.1218,Moderate Risk
6.94924,23.8125,0.00026,0.017,266,6.89779,6.90385,0.07717,23.8125,23.8125,0,0.00026,0.00026,0.00001,0.017,0.017,0,266,266,0,0.08222,Moderate Risk
6.87661,23.8125,0.00024,0.017,266,6.86753,6.87012,0.01816,23.79167,23.80357,0.0625,0.00024,0.00025,0,0.017,0.017,0,266,266,0,0.02451,Moderate Risk
6.86753,23.8125,0.00023,0.017,266,6.86753,6.86818,0,23.8125,23.8125,0,0.00023,0.00023,-0.00001,0.017,0.017,0,266,266,0,0.00971,Moderate Risk
6.87207,23.8125,0.00023,0.017,266,6.87358,6.86948,-0.00908,23.79167,23.80357,0.0625,0.00023,0.00023,0,0.017,0.017,0,266,266,0,0.02555,Moderate Risk
6.84029,23.75,0.00028,0.017,266,6.7949,6.82408,0.1498,23.77083,23.75893,-0.0625,0.00028,0.00028,0,0.017,0.017,0,266,266,0,0.14189,Moderate Risk
6.83575,23.75,0.00024,0.017,266,6.84332,6.84288,-0.00454,23.75,23.74107,0,0.00024,0.00024,-0.00001,0.017,0.017,0,266,266,0,0.02746,Moderate Risk
6.85845,23.6875,0.00025,0.017,266,6.85542,6.84613,0.00908,23.72917,23.74107,-0.0625,0.00024,0.00024,0.00001,0.017,0.017,0,266,266,0,0.03261,Moderate Risk
6.83121,23.6875,0.00023,0.017,266,6.83726,6.84353,-0.01816,23.6875,23.71429,0,0.00023,0.00023,0,0.017,0.017,0,266,266,0,0.05017,Moderate Risk
6.84029,23.625,0.00033,0.017,266,6.83273,6.82214,0.00454,23.625,23.625,0,0.00034,0.00032,-0.00003,0.017,0.017,0,266,266,0,0.02292,Moderate Risk
6.81306,23.625,0.00029,0.017,266,6.81306,6.81695,0.00454,23.625,23.59821,0,0.00031,0.00031,-0.00002,0.017,0.017,0,266,266,0,0.02775,Moderate Risk
6.81306,23.5625,0.00033,0.017,266,6.81306,6.81501,-0.00454,23.60417,23.59821,-0.0625,0.00033,0.00033,0,0.017,0.017,0,266,266,0,0.02386,Moderate Risk
6.81306,23.5625,0.00036,0.017,266,6.81003,6.81436,0.00454,23.5625,23.57143,0,0.00037,0.00037,-0.00002,0.017,0.017,0,266,266,0,0.02638,Moderate Risk
6.81306,23.625,0.00033,0.017,266,6.81306,6.81111,0.00454,23.58333,23.57143,0.0625,0.00033,0.00033,-0.00001,0.017,0.017,0,266,266,0,0.01897,Moderate Risk
6.80852,23.5625,0.00032,0.017,266,6.81155,6.80982,-0.00454,23.5625,23.54464,0,0.00032,0.00032,0.00001,0.017,0.017,0,266,266,0,0.0197,Moderate Risk
6.80852,23.5625,0.00034,0.017,266,6.80852,6.80982,0,23.5625,23.55357,-0.0625,0.00033,0.00032,0.00002,0.017,0.017,0,266,266,0,0.02601,Moderate Risk
6.80852,23.5625,0.00033,0.017,266,6.81003,6.80982,-0.00454,23.5625,23.5625,0,0.00033,0.00032,0.00001,0.017,0.017,0,266,266,0,0.02249,Moderate Risk
6.80852,23.5625,0.00033,0.017,266,6.80852,6.80852,0,23.5625,23.5625,0,0.00033,0.00032,0,0.017,0.017,0,266,266,0,0.00005,Moderate Risk
6.81306,23.5625,0.00032,0.017,266,6.81155,6.80982,0,23.5625,23.5625,0,0.00033,0.00033,-0.00001,0.017,0.017,0,266,266,0,0.00444,Moderate Risk
6.80852,23.5,0.00036,0.017,266,6.80852,6.80982,0,23.5,23.52679,0,0.00036,0.00036,0,0.017,0.017,0,266,266,0,0.02358,Moderate Risk
6.80852,23.5,0.00036,0.017,266,6.80398,6.80528,0.00454,23.54167,23.54464,-0.0625,0.00035,0.00035,0.00002,0.017,0.017,0,266,266,0,0.02392,Moderate Risk
6.80852,23.5,0.00028,0.017,266,6.80852,6.80463,0,23.5,23.5,0,0.00028,0.00028,0,0.017,0.017,0,266,266,0,0.00971,Moderate Risk
6.80852,23.5625,0.00032,0.017,266,6.80247,6.80593,0.00454,23.52083,23.50893,0.0625,0.00029,0.00031,0,0.017,0.017,0,266,266,0,0.02217,Moderate Risk
6.80398,23.5,0.00031,0.017,266,6.81155,6.80722,-0.00454,23.47917,23.5,0,0.00029,0.00029,0.00001,0.017,0.017,0,266,266,0,0.03444,Moderate Risk
6.79036,23.4375,0.00032,0.017,266,6.79944,6.7962,-0.01362,23.45833,23.46429,0,0.00032,0.00032,-0.00001,0.017,0.017,0,266,266,0,0.0281,Moderate Risk
6.78582,23.4375,0.00033,0.017,266,6.78582,6.79101,0.00454,23.4375,23.4375,0,0.00034,0.00033,-0.00001,0.017,0.017,0,266,266,0,0.01526,Moderate Risk
6.78582,23.4375,0.00031,0.017,266,6.78582,6.78647,0,23.41667,23.41071,0.0625,0.00031,0.00032,-0.00001,0.017,0.017,0,266,266,0,0.03001,Moderate Risk
6.78582,23.375,0.00033,0.017,266,6.78885,6.78063,0.00454,23.375,23.38393,0,0.00032,0.00032,0.00001,0.017,0.017,0,266,266,0,0.03173,Moderate Risk
6.78582,23.375,0.00033,0.017,266,6.79339,6.78777,-0.02724,23.39583,23.38393,0,0.00033,0.00033,0,0.017,0.017,0,266,266,0,0.04718,Moderate Risk
6.77674,23.375,0.00034,0.017,266,6.77825,6.77739,0,23.375,23.375,0,0.00033,0.00033,0.00001,0.017,0.017,0,266,266,0,0.00972,Moderate Risk
6.76312,23.375,0.00035,0.017,266,6.91444,6.84289,-0.43125,23.375,23.36607,0,0.00035,0.00035,0,0.017,0.017,0,266,266,0,0.32255,Moderate Risk
6.78582,23.375,0.00035,0.017,266,6.78733,6.84094,-0.00908,23.375,23.375,0,0.00034,0.00035,0.00001,0.017,0.017,0,266,266,0,0.3123,Moderate Risk
6.77674,23.375,0.00033,0.017,266,6.78279,6.77609,-0.00908,23.375,23.375,0,0.00033,0.00032,0,0.017,0.017,0,266,266,0,0.01698,Moderate Risk
6.78128,23.3125,0.00033,0.017,266,6.78128,6.77674,0.00454,23.35417,23.36607,-0.0625,0.00033,0.00032,0,0.017,0.017,0,266,266,0,0.02925,Moderate Risk
6.77674,23.3125,0.00033,0.017,266,6.77825,6.77674,0,23.33333,23.33929,0,0.00033,0.00033,0.00001,0.017,0.017,0,266,266,0,0.04186,Moderate Risk
6.77674,23.375,0.0003,0.017,266,6.77977,6.78193,0,23.375,23.36607,0,0.0003,0.00028,0,0.017,0.017,0,266,266,0,0.05087,Moderate Risk
6.77674,23.3125,0.00032,0.017,266,6.80095,6.79555,-0.01816,23.3125,23.33036,0,0.00031,0.00031,0.00002,0.017,0.017,0,266,266,0,0.05024,Moderate Risk
6.76766,23.3125,0.00036,0.017,266,6.77371,6.76961,-0.00908,23.3125,23.3125,0,0.00035,0.00034,0.00003,0.017,0.017,0,266,266,0,0.01472,Moderate Risk
6.77674,23.3125,0.00035,0.017,266,6.76766,6.76701,0.01362,23.27083,23.29464,0.0625,0.00035,0.00036,0,0.017,0.017,0,266,266,0,0.02748,Moderate Risk
6.76312,23.25,0.00036,0.017,266,6.76615,6.77155,-0.01362,23.27083,23.27679,0,0.00036,0.00036,0,0.017,0.017,0,266,266,0,0.03194,Moderate Risk
6.76766,23.25,0.00033,0.017,266,6.76766,6.77739,-0.00908,23.25,23.25893,0,0.00033,0.00033,0,0.017,0.017,0,266,266,0,0.03307,Moderate Risk
6.76766,23.3125,0.00033,0.017,266,6.76463,6.76507,0.00908,23.27083,23.26786,0.0625,0.00033,0.00033,-0.00001,0.017,0.017,0,266,266,0,0.02555,Moderate Risk
6.76312,23.25,0.00036,0.017,266,6.75707,6.76442,0.01816,23.22917,23.22321,0.0625,0.00034,0.00032,0.00004,0.017,0.017,0,266,266,0,0.03817,Moderate Risk
6.7949,23.125,0.00031,0.017,266,6.76464,6.75988,0.03632,23.16667,23.16964,-0.0625,0.0003,0.0003,0.00001,0.017,0.017,0,266,266,0,0.04912,Moderate Risk
6.7495,23.1875,0.00034,0.017,266,6.75707,6.76377,-0.01362,23.1875,23.17857,0,0.00033,0.00033,0.00001,0.017,0.017,0,266,266,0,0.05257,Moderate Risk
6.74043,23.1875,0.00033,0.017,266,6.74345,6.75145,0,23.1875,23.1875,0,0.00033,0.00033,0,0.017,0.017,0,266,266,0,0.01805,Moderate Risk
6.74496,23.125,0.00038,0.017,266,6.74496,6.74432,0.00453,23.16667,23.15179,-0.0625,0.00037,0.00037,0.00001,0.017,0.017,0,266,266,0,0.02774,Moderate Risk
6.74043,23.125,0.00038,0.017,266,6.74043,6.74496,-0.00453,23.125,23.125,0,0.00038,0.00038,0,0.017,0.017,0,266,266,0,0.01483,Moderate Risk
6.74043,23.125,0.00038,0.017,266,6.74043,6.74172,0,23.125,23.11607,0,0.00034,0.00036,0.00002,0.017,0.017,0,266,266,0,0.02326,Moderate Risk
6.75404,23.0625,0.00036,0.017,266,6.75555,6.75988,-0.00908,23.0625,23.0625,0,0.00036,0.00036,0,0.017,0.017,0,266,266,0,0.03164,Moderate Risk
6.74496,23.0625,0.00037,0.017,266,6.7495,6.7508,0,23.08333,23.07143,0,0.00037,0.00037,-0.00001,0.017,0.017,0,266,266,0,0.0273,Moderate Risk
6.73135,23.0625,0.00037,0.017,266,6.73589,6.73589,-0.00454,23.0625,23.0625,0,0.00037,0.00037,0,0.017,0.017,0,266,266,0,0.00524,Moderate Risk
6.73589,23.0625,0.00037,0.017,266,6.7374,6.73524,0,23.0625,23.0625,0,0.00035,0.00037,0,0.017,0.017,0,266,266,0,0.00632,Moderate Risk
6.73589,23.0625,0.00039,0.017,266,6.7253,6.72876,0.03178,23.0625,23.04464,0,0.00039,0.00039,0.00001,0.017,0.017,0,266,266,0,0.03803,Moderate Risk
6.72227,23.0625,0.00037,0.017,266,6.72832,6.72616,-0.00908,23.02083,23.02679,0.0625,0.00037,0.00038,0.00001,0.017,0.017,0,266,266,0,0.03101,Moderate Risk
6.73589,23,0.00038,0.017,266,6.73438,6.732,0,23,23.01786,0,0.00037,0.00038,0.00002,0.017,0.017,0,266,266,0,0.02497,Moderate Risk
6.72681,23,0.00033,0.017,266,6.73135,6.73005,-0.00454,23,23,0,0.00035,0.00035,-0.00003,0.017,0.017,0,266,266,0,0.00689,Moderate Risk
6.73135,23,0.00037,0.017,266,6.73135,6.72486,0.00454,23,23.00893,0,0.00036,0.00036,0.00001,0.017,0.017,0,266,266,0,0.02555,Moderate Risk
6.71319,23,0.00032,0.017,266,6.71924,6.71773,-0.00908,23.02083,22.99107,0,0.00031,0.00031,0.00002,0.017,0.017,0,266,266,0,0.03206,Moderate Risk
6.71773,23,0.0003,0.017,266,6.71016,6.71449,0.01362,22.97917,22.99107,0,0.00032,0.00032,-0.00003,0.017,0.017,0,266,266,0,0.03125,Moderate Risk
6.72681,23,0.00032,0.017,266,6.72076,6.72421,0.00454,22.95833,22.98214,0.0625,0.00032,0.00031,0,0.017,0.017,0,266,266,0,0.05552,Moderate Risk
6.74043,22.9375,0.00023,0.017,266,6.75102,6.73978,0.00454,22.9375,22.9375,0,0.00024,0.00025,-0.00003,0.017,0.017,0,266,266,0,0.03376,Moderate Risk
6.73589,23,0.0002,0.017,266,6.73589,6.7093,0,22.97917,22.95536,0,0.0002,0.0002,0.00001,0.017,0.017,0,266,266,0,0.16403,Moderate Risk
6.74043,23.0625,0.00028,0.017,266,6.7495,6.74626,-0.00907,23.0625,23.03571,0,0.00028,0.00028,0.00001,0.017,0.017,0,266,266,0,0.03029,Moderate Risk
6.88115,23.375,0.00022,0.017,266,6.90536,6.87596,-0.01362,23.375,23.375,0,0.00022,0.0002,-0.00001,0.017,0.017,0,266,266,0,0.06707,Moderate Risk
6.95378,23.4375,0.00022,0.017,266,6.90687,6.89217,0.07717,23.4375,23.42857,0,0.00021,0.00021,0,0.017,0.017,0,266,266,0,0.07203,Moderate Risk
6.93108,23.625,0.00008,0.017,266,6.91746,6.922,0.03631,23.64583,23.63393,0,0.00008,0.00008,0.00001,0.017,0.017,0,266,266,0,0.03696,Moderate Risk
6.93108,23.625,0.00011,0.017,266,6.92805,6.92978,0.00908,23.625,23.625,0,0.00011,0.00011,-0.00001,0.017,0.017,0,266,266,0,0.01458,Moderate Risk
6.87207,23.25,0.00018,0.017,266,6.85391,6.84548,0.01816,23.27083,23.30357,0,0.00018,0.00018,-0.00001,0.017,0.017,0,266,266,0,0.05143,Moderate Risk
6.80852,23.0625,0.00022,0.017,266,6.79641,6.79166,0.0227,23.04167,23.0625,0.0625,0.00022,0.00022,0,0.017,0.017,0,266,266,0,0.03747,Moderate Risk
6.7949,23,0.00019,0.017,266,6.80095,6.79944,-0.00908,23,23.03571,0,0.00019,0.00021,0,0.017,0.017,0,266,266,0,0.03062,Moderate Risk
6.78128,22.9375,0.00022,0.017,266,6.76161,6.77934,0,22.91667,22.91071,0.0625,0.00022,0.0002,0,0.017,0.017,0,266,266,0,0.06966,Moderate Risk
6.83575,23.125,0.00013,0.017,266,6.80398,6.78387,0.04539,22.95833,22.91071,0.25,0.00014,0.00013,-0.00001,0.017,0.017,0,266,266,0,0.13711,Moderate Risk
6.89477,23.3125,0.00013,0.017,266,6.89174,6.89023,0.00454,23.33333,23.3125,0,0.00013,0.00012,0,0.017,0.017,0,266,266,0,0.02549,Moderate Risk
6.92654,23.5,0.00011,0.017,266,6.92351,6.92006,0.00454,23.47917,23.47321,0.0625,0.00011,0.00012,-0.00001,0.017,0.017,0,266,266,0,0.04811,Moderate Risk
6.88115,23.75,0.00011,0.017,266,6.87812,6.89153,0.00454,23.75,23.8125,0,0.00011,0.00009,0,0.017,0.017,0,266,266,0,0.06472,Moderate Risk
6.82214,23.75,0.0001,0.017,266,6.84181,6.8364,-0.04085,23.70833,23.71429,0.0625,0.0001,0.00011,0,0.017,0.017,0,266,266,0,0.11216,Moderate Risk
6.51799,23.75,0.0001,0.017,266,6.63299,6.75469,0.00454,23.75,23.72321,-0.0625,0.00009,0.00009,0,0.017,0.017,0,266,266,0,0.35239,Moderate Risk
6.01411,23.25,0.00214,0.017,266,6.0126,6.01995,0.00908,23.20833,23.19643,0.0625,0.0021,0.00194,0.00003,0.017,0.017,0,266,266,0,0.03155,Moderate Risk
6.00049,23.1875,0.0005,0.017,266,5.99898,6.00114,0.00908,23.20833,23.20536,-0.0625,0.00057,0.00064,-0.00001,0.017,0.017,0,266,266,0,0.02972,Moderate Risk
5.98233,23.25,0.00082,0.017,266,5.98536,5.99271,-0.00454,23.25,23.23214,0,0.00079,0.00078,0.00005,0.017,0.017,0,266,266,0,0.03399,Moderate Risk
6.00503,23.3125,0.00052,0.017,266,6.00503,6.00827,0.00908,23.25,23.25,0.125,0.00052,0.00056,0.00001,0.017,0.017,0,266,266,0,0.03451,Moderate Risk
5.99595,23.3125,0.00061,0.017,266,6.002,5.99984,-0.00908,23.3125,23.3125,0,0.00061,0.00063,0.00002,0.017,0.017,0,266,266,0,0.01108,Moderate Risk
6.08674,23.5,0.00064,0.017,266,6.08371,6.0822,0.00454,23.54167,23.54464,-0.0625,0.00064,0.00064,0.00001,0.017,0.017,0,266,266,0,0.02051,Moderate Risk
6.09582,23.6875,0.00043,0.017,266,6.09885,6.10749,-0.00908,23.6875,23.65179,0,0.0005,0.00052,-0.0001,0.017,0.017,0,266,266,0,0.06756,Moderate Risk
6.0822,23.8125,0.00053,0.017,266,6.08371,6.09582,-0.00454,23.79167,23.75893,0.0625,0.00058,0.00058,-0.00008,0.017,0.017,0,266,266,0,0.08981,Moderate Risk
6.05951,23.75,0.0002,0.017,266,6.0822,6.08026,-0.04993,23.77083,23.77679,0,0.00019,0.00028,0,0.017,0.017,0,266,266,0,0.04793,Moderate Risk
5.99595,23.6875,0.00064,0.017,266,6.00352,6.01995,0,23.70833,23.69643,0,0.00061,0.00043,0.00003,0.017,0.017,0,266,266,0,0.04764,Moderate Risk
5.35135,24.5625,0.00077,0.017,266,5.35589,5.72294,-0.00454,24.35417,23.92857,0.1875,0.00068,0.00064,0.0001,0.017,0.017,0,266,266,0,0.89924,High Risk
5.34681,24,0.00159,0.017,266,5.3453,5.35005,0,24.02083,24.03571,0,0.00151,0.00148,0.00004,0.017,0.017,0,266,266,0,0.02696,High Risk
5.27418,23.375,0.00074,0.017,266,5.27267,5.27483,0,23.375,23.38393,0,0.00071,0.00077,0.00004,0.017,0.017,0,266,266,0,0.02415,High Risk
5.23786,24.4375,0.00093,0.017,266,5.23181,5.23786,0.00454,24.41667,24.39286,0,0.00095,0.00099,0.00003,0.017,0.017,0,266,266,0,0.03195,High Risk
5.23332,24.3125,0.00178,0.017,266,5.23786,5.24045,0.00454,24.29167,24.28571,0,0.00178,0.00178,0,0.017,0.017,0,266,266,0,0.05828,High Risk
5.23786,24.25,0.00179,0.017,266,5.23332,5.23397,0.00454,24.29167,24.28571,-0.0625,0.00178,0.00178,0.00001,0.017,0.017,0,266,266,0,0.03444,High Risk
5.21063,23.875,0.00108,0.017,266,5.21365,5.21387,-0.00907,23.875,23.86607,0,0.00102,0.00105,0.0001,0.017,0.017,0,266,266,0,0.02068,High Risk
5.20155,24.4375,0.00076,0.017,266,5.21971,5.21841,-0.05901,24.4375,24.42857,0,0.00078,0.00077,-0.00001,0.017,0.017,0,266,266,0,0.06728,High Risk
5.16523,24.9375,0.00175,0.017,266,5.16372,5.16912,0,24.9375,24.9375,0,0.00166,0.00142,-0.00002,0.017,0.017,0,266,266,0,0.0148,High Risk
5.13345,23.6875,0.00355,0.017,266,5.12589,5.13086,0.01815,23.70833,23.69643,-0.0625,0.00359,0.00372,-0.00002,0.017,0.017,0,266,266,0,0.03013,High Risk
5.13345,23.25,0.00931,0.017,266,5.12589,5.13345,-0.00454,23.3125,23.32143,-0.0625,0.00951,0.00939,-0.00027,0.017,0.017,0,266,266,0,0.04829,High Risk
5.11076,23.875,0.00548,0.017,266,5.11379,5.1153,0.00454,23.91667,23.9375,-0.0625,0.00604,0.00806,-0.00038,0.017,0.017,0,266,266,0,0.04395,High Risk
5.14253,23.8125,0.00129,0.017,266,5.13951,5.12827,0.01815,23.83333,23.84821,-0.0625,0.00122,0.00128,0.00021,0.017,0.017,0,266,266,0,0.0444,High Risk
5.12892,23.75,0.00286,0.017,266,5.1501,5.13346,-0.00453,23.72917,23.73214,0,0.00289,0.00304,0.00002,0.017,0.017,0,266,266,0,0.06557,High Risk
4.89286,25.3125,0.00029,0.017,266,4.88076,4.85979,0.01362,25.3125,25.32143,0,0.00029,0.00032,0,0.017,0.017,0,266,266,0,0.2211,High Risk
4.77484,25.1875,0.00078,0.017,266,4.7703,4.76576,0,25.1875,25.19643,0,0.00078,0.0008,0.00001,0.017,0.017,0,266,266,0,0.04929,High Risk
4.87017,25.25,0.00076,0.017,266,4.87168,4.86887,0,25.1875,25.17857,0.0625,0.00076,0.00076,0,0.017,0.017,0,266,266,0,0.03168,High Risk
4.77938,25.125,0.00101,0.017,266,4.79754,4.78911,-0.04539,25.10417,25.11607,0,0.00103,0.00102,-0.00004,0.017,0.017,0,266,266,0,0.04393,High Risk
4.67497,25.125,0.00106,0.017,266,4.66892,4.67043,0.01362,25.125,25.09821,0,0.00106,0.00106,0,0.017,0.017,0,266,266,0,0.02578,High Risk
4.67951,25.125,0.00109,0.017,266,4.68556,4.68081,-0.01362,25.08333,25.07143,0.0625,0.0011,0.0011,-0.00003,0.017,0.017,0,266,266,0,0.03125,High Risk
4.51155,26.0625,0.00073,0.017,266,4.51004,4.51479,0.00454,26.08333,26.08929,0,0.00076,0.00078,-0.00003,0.017,0.017,0,266,266,0,0.04628,High Risk
4.53425,26.0625,0.00077,0.017,266,4.53425,4.52711,0,26.0625,26.0625,0,0.00077,0.00076,-0.00002,0.017,0.017,0,266,266,0,0.02339,Moderate Risk
4.50247,26.0625,0.00076,0.017,266,4.50852,4.5096,-0.01362,26.04167,26.04464,0.0625,0.00076,0.00076,0,0.017,0.017,0,266,266,0,0.02556,Moderate Risk
4.51155,26,0.00081,0.017,266,4.5176,4.5122,0,26,26.01786,0,0.00079,0.00078,0.00003,0.017,0.017,0,266,266,0,0.03137,Moderate Risk
5.01543,26.1875,0.0009,0.017,266,4.99727,4.96355,0.01816,26.16667,26.16071,0,0.00089,0.00089,0.00003,0.017,0.017,0,266,266,0,0.0912,Moderate Risk
5.71905,26.1875,0.00089,0.017,266,5.713,5.69959,-0.00454,26.22917,26.21429,-0.0625,0.0009,0.00089,0,0.017,0.017,0,266,266,0,0.05955,Moderate Risk
5.74174,26.25,0.00087,0.017,266,5.73115,5.7197,0.01362,26.22917,26.22321,0.0625,0.00087,0.00088,-0.00001,0.017,0.017,0,266,266,0,0.04658,Moderate Risk
5.88247,26.25,0.00084,0.017,266,5.88852,5.87728,-0.02269,26.25,26.25,0,0.00085,0.00084,-0.00001,0.017,0.017,0,266,266,0,0.04602,Moderate Risk
6.01865,26.25,0.00086,0.017,266,6.01411,6.00373,0,26.22917,26.23214,0.0625,0.00086,0.00085,-0.00001,0.017,0.017,0,266,266,0,0.04191,Moderate Risk
6.0822,26.25,0.00087,0.017,266,6.06102,6.04848,0.03177,26.25,26.25,0,0.00086,0.00086,0.00001,0.017,0.017,0,266,266,0,0.05316,Moderate Risk
6.07312,26.3125,0.00082,0.017,266,6.07463,6.06858,0,26.27083,26.25893,0.0625,0.00084,0.00085,-0.00001,0.017,0.017,0,266,266,0,0.03529,Moderate Risk
6.0822,26.25,0.00085,0.017,266,6.07615,6.07312,0.00908,26.27083,26.25893,-0.0625,0.00083,0.00085,0.00003,0.017,0.017,0,266,266,0,0.03074,Moderate Risk
6.09128,26.3125,0.00081,0.017,266,6.10187,6.09128,-0.04086,26.27083,26.25893,0.0625,0.00081,0.00081,0,0.017,0.017,0,266,266,0,0.04858,Moderate Risk
6.10944,26.25,0.00078,0.017,266,6.10339,6.09971,0.00454,26.25,26.26786,0,0.00077,0.00076,0.00002,0.017,0.017,0,266,266,0,0.02862,Moderate Risk
6.15937,26.25,0.00079,0.017,266,6.14424,6.14576,0.02723,26.27083,26.28571,-0.0625,0.00078,0.00077,0.00001,0.017,0.017,0,266,266,0,0.04946,Moderate Risk
6.1276,26.3125,0.00079,0.017,266,6.1397,6.14576,-0.03177,26.29167,26.28571,0.0625,0.00079,0.00077,0,0.017,0.017,0,266,266,0,0.04946,Moderate Risk
6.16845,26.25,0.00079,0.017,266,6.16845,6.17299,0.00454,26.25,26.27679,0,0.00079,0.00077,0.00001,0.017,0.017,0,266,266,0,0.04994,Moderate Risk
6.17753,26.25,0.00076,0.017,266,6.16996,6.13473,0.00454,26.27083,26.28571,0,0.00076,0.00076,0,0.017,0.017,0,266,266,0,0.10393,Moderate Risk
6.22747,26.375,0.0006,0.017,266,6.22293,6.22682,0.01362,26.33333,26.32143,0.0625,0.00068,0.0007,-0.00012,0.017,0.017,0,266,266,0,0.02412,Moderate Risk
6.26832,26.3125,0.00065,0.017,266,6.27135,6.26637,0,26.33333,26.33929,0,0.00066,0.00067,-0.00001,0.017,0.017,0,266,266,0,0.03235,Moderate Risk
6.31372,26.3125,0.00062,0.017,266,6.30918,6.30399,0.00454,26.33333,26.33036,0,0.00063,0.00063,-0.00002,0.017,0.017,0,266,266,0,0.02956,Moderate Risk
6.3001,26.375,0.00063,0.017,266,6.30767,6.30334,-0.01362,26.33333,26.33929,0.0625,0.00063,0.00063,0.00001,0.017,0.017,0,266,266,0,0.03128,Moderate Risk
6.35911,26.375,0.00055,0.017,266,6.35911,6.35976,0,26.375,26.38393,0,0.00055,0.0006,0.00005,0.017,0.017,0,266,266,0,0.01535,Moderate Risk
6.37273,26.375,0.0004,0.017,266,6.35608,6.34873,0.0227,26.375,26.38393,0,0.00051,0.00054,-0.00018,0.017,0.017,0,266,266,0,0.03521,Moderate Risk
6.37273,26.375,0.00054,0.017,266,6.37273,6.38246,0,26.375,26.375,0,0.00055,0.00055,0,0.017,0.017,0,266,266,0,0.0437,Moderate Risk
6.35457,26.375,0.00064,0.017,266,6.36214,6.36624,-0.01362,26.375,26.375,0,0.00063,0.0006,-0.00002,0.017,0.017,0,266,266,0,0.03103,Moderate Risk
6.36819,26.375,0.00066,0.017,266,6.36668,6.3617,0.00454,26.35417,26.36607,0,0.00063,0.00064,0.0001,0.017,0.017,0,266,266,0,0.02343,Moderate Risk
6.36819,26.375,0.00069,0.017,266,6.36668,6.3656,0.00908,26.375,26.36607,0,0.00068,0.00065,0.00001,0.017,0.017,0,266,266,0,0.02219,Moderate Risk
6.34549,26.4375,0.00084,0.017,266,6.3349,6.33901,0,26.41667,26.41071,0,0.00081,0.00081,0.00003,0.017,0.017,0,266,266,0,0.04179,Moderate Risk
6.35003,26.4375,0.00072,0.017,266,6.34398,6.33511,0.00454,26.47917,26.45536,-0.0625,0.00073,0.00077,0,0.017,0.017,0,266,266,0,0.04032,Moderate Risk
5.96872,26.4375,0.00077,0.017,266,5.96418,5.93954,0.00908,26.4375,26.44643,0,0.00077,0.00077,0,0.017,0.017,0,266,266,0,0.09077,Moderate Risk
6.29556,26.4375,0.00076,0.017,266,6.28497,6.25924,0.00908,26.4375,26.42857,0,0.00076,0.00076,0,0.017,0.017,0,266,266,0,0.06997,Moderate Risk
6.34095,26.4375,0.00079,0.017,266,6.347,6.3429,0.00908,26.4375,26.44643,0,0.00078,0.00077,0.00002,0.017,0.017,0,266,266,0,0.04885,Moderate Risk
6.35911,26.4375,0.00081,0.017,266,6.35003,6.35133,0.00908,26.4375,26.44643,0,0.0008,0.00079,0.00001,0.017,0.017,0,266,266,0,0.04042,Moderate Risk
6.36819,26.375,0.00076,0.017,266,6.36668,6.36689,0.00454,26.375,26.38393,0,0.00082,0.00085,-0.00009,0.017,0.017,0,266,266,0,0.02202,Moderate Risk
6.37273,26.375,0.00087,0.017,266,6.37273,6.37338,0,26.375,26.38393,0,0.00087,0.00088,-0.00001,0.017,0.017,0,266,266,0,0.01525,Moderate Risk
6.43174,26.375,0.00087,0.017,266,6.3924,6.38181,0.05901,26.375,26.38393,0,0.00087,0.00087,0,0.017,0.017,0,266,266,0,0.05599,Moderate Risk
6.37727,26.375,0.0009,0.017,266,6.38332,6.37922,0.00454,26.375,26.38393,0,0.00087,0.00086,0.00002,0.017,0.017,0,266,266,0,0.03138,Moderate Risk
6.38181,26.375,0.0009,0.017,266,6.38484,6.38376,0,26.375,26.34821,0,0.00091,0.00089,-0.00001,0.017,0.017,0,266,266,0,0.02566,Moderate Risk
6.37273,26.375,0.00092,0.017,266,6.37576,6.38051,0,26.33333,26.33036,0.0625,0.00081,0.00084,0.00029,0.017,0.017,0,266,266,0,0.03094,Moderate Risk
6.38181,26.3125,0.00086,0.017,266,6.41359,6.39413,-0.09079,26.29167,26.30357,0.0625,0.00085,0.00089,-0.00001,0.017,0.017,0,266,266,0,0.08158,Moderate Risk
6.37727,26.3125,0.00086,0.017,266,6.3803,6.39478,-0.00454,26.3125,26.30357,0,0.00086,0.00087,-0.00001,0.017,0.017,0,266,266,0,0.0809,Moderate Risk
6.37727,26.3125,0.00088,0.017,266,6.37878,6.39478,0,26.3125,26.30357,0,0.00087,0.00087,0.00002,0.017,0.017,0,266,266,0,0.0809,Moderate Risk
6.19569,26.25,0.00038,0.017,266,6.21082,6.21255,-0.01816,26.25,26.23214,0,0.00038,0.00038,-0.00001,0.017,0.017,0,266,266,0,0.03242,Moderate Risk
6.20023,26.25,0.00037,0.017,266,6.20326,6.20996,0.00454,26.25,26.23214,0,0.00038,0.00038,-0.00001,0.017,0.017,0,266,266,0,0.03375,Moderate Risk
6.21385,26.1875,0.00033,0.017,266,6.18812,6.17234,0.04086,26.20833,26.21429,0,0.00032,0.00033,0.00002,0.017,0.017,0,266,266,0,0.05612,Moderate Risk
6.21385,26.1875,0.00031,0.017,266,6.23503,6.21774,0.04994,26.1875,26.1875,0,0.0003,0.0003,0.00001,0.017,0.017,0,266,266,0,0.10292,Moderate Risk
6.15937,26.1875,0.00028,0.017,266,6.16542,6.17104,0,26.1875,26.19643,0,0.00029,0.00029,-0.00002,0.017,0.017,0,266,266,0,0.02988,Moderate Risk
6.0822,26.125,0.00029,0.017,266,6.08523,6.08285,-0.00908,26.14583,26.16964,-0.0625,0.00029,0.00028,0,0.017,0.017,0,266,266,0,0.02343,Moderate Risk
5.98687,26.1875,0.00032,0.017,266,5.98838,6.00243,0,26.16667,26.16071,0.0625,0.00032,0.00032,-0.00001,0.017,0.017,0,266,266,0,0.07871,Moderate Risk
6.17753,26.0625,0.00035,0.017,266,6.17602,6.14835,0.00454,26.10417,26.13393,-0.0625,0.00035,0.00034,0,0.017,0.017,0,266,266,0,0.07369,Moderate Risk
6.18207,26.0625,0.00038,0.017,266,6.1851,6.19374,0.0227,26.08333,26.10714,0,0.00038,0.00037,0,0.017,0.017,0,266,266,0,0.05153,Moderate Risk
6.20931,26.0625,0.00042,0.017,266,6.21234,6.20996,-0.01362,26.0625,26.08036,0,0.00042,0.00042,0,0.017,0.017,0,266,266,0,0.03049,Moderate Risk
6.23654,26,0.00046,0.017,266,6.21536,6.24433,0.05447,26.04167,26.05357,-0.0625,0.00047,0.00049,0,0.017,0.017,0,266,266,0,0.14203,Moderate Risk
6.10944,26.0625,0.00051,0.017,266,6.14424,6.18726,0.02724,26.04167,26.04464,0,0.0005,0.00048,0.00003,0.017,0.017,0,266,266,0,0.14711,Moderate Risk
6.22747,26.0625,0.0006,0.017,266,6.18359,6.1905,0.01362,26.0625,26.05357,0,0.00055,0.00051,0.00006,0.017,0.017,0,266,266,0,0.14321,Moderate Risk
6.12306,26.0625,0.00053,0.017,266,6.17602,6.21385,-0.05447,26.0625,26.08036,0,0.00054,0.0005,-0.00001,0.017,0.017,0,266,266,0,0.11164,Moderate Risk
6.15937,26.0625,0.00054,0.017,266,6.13516,6.12954,-0.01816,26.04167,26.05357,0.0625,0.00054,0.00052,0,0.017,0.017,0,266,266,0,0.09879,Moderate Risk
6.05951,26.0625,0.00054,0.017,266,6.04286,6.03681,0.02724,26.02083,26.02679,0.0625,0.00054,0.00055,0,0.017,0.017,0,266,266,0,0.04132,Moderate Risk
6.09582,26,0.0006,0.017,266,6.09128,6.05107,0.00454,25.97917,25.97321,0,0.00059,0.0006,0.00002,0.017,0.017,0,266,266,0,0.10955,Moderate Risk
6.22747,26,0.00061,0.017,266,6.22596,6.20347,-0.00454,26,26,0,0.00061,0.00059,0.00001,0.017,0.017,0,266,266,0,0.0529,Moderate Risk
6.23201,25.9375,0.00062,0.017,266,6.2305,6.22682,0.00454,25.97917,25.99107,-0.0625,0.00062,0.00061,-0.00001,0.017,0.017,0,266,266,0,0.02406,Moderate Risk
6.29556,25.9375,0.00064,0.017,266,6.29556,6.27416,-0.00454,25.97917,25.98214,-0.0625,0.00063,0.00062,0.00001,0.017,0.017,0,266,266,0,0.0615,Moderate Risk
6.34095,25.9375,0.00069,0.017,266,6.36062,6.36041,-0.03178,25.9375,25.95536,0,0.00069,0.00068,0,0.017,0.017,0,266,266,0,0.03693,Moderate Risk
6.46806,25.875,0.00056,0.017,266,6.46049,6.46287,0.01816,25.83333,25.85714,0.0625,0.00055,0.00055,0,0.017,0.017,0,266,266,0,0.03049,Moderate Risk
5.69635,25.75,0.0006,0.017,266,5.68122,5.56859,0.03632,25.77083,25.80357,-0.0625,0.0006,0.0006,-0.00001,0.017,0.017,0,266,266,0,0.26124,Moderate Risk
5.79168,25.75,0.00067,0.017,266,5.61464,5.63863,0.14527,25.75,25.75,0,0.00064,0.00064,0.00007,0.017,0.017,0,266,266,0,0.27296,Moderate Risk
5.63734,25.75,0.00064,0.017,266,5.58589,5.57962,0.08172,25.72917,25.74107,0.0625,0.00065,0.00065,-0.00002,0.017,0.017,0,266,266,0,0.10243,Moderate Risk
5.86431,25.75,0.00066,0.017,266,5.78563,5.77806,0.08171,25.72917,25.72321,0.0625,0.00066,0.00066,0.00001,0.017,0.017,0,266,266,0,0.11165,Moderate Risk
5.93694,25.625,0.00067,0.017,266,5.94148,5.91554,-0.00454,25.64583,25.64286,-0.0625,0.00067,0.00065,-0.00001,0.017,0.017,0,266,266,0,0.09511,Moderate Risk
6.0822,25.625,0.00061,0.017,266,6.06556,6.04783,0.02723,25.64583,25.64286,-0.0625,0.00066,0.00067,-0.00008,0.017,0.017,0,266,266,0,0.05586,Moderate Risk
5.86431,25.6875,0.00081,0.017,266,5.85523,5.86301,0.00908,25.64583,25.63393,0.0625,0.00081,0.0008,-0.00001,0.017,0.017,0,266,266,0,0.04094,Moderate Risk
5.5647,25.5625,0.00081,0.017,266,5.42701,5.34292,0.12256,25.60417,25.61607,-0.0625,0.00085,0.00084,-0.00005,0.017,0.017,0,266,266,0,0.34175,Moderate Risk
6.03227,25.5625,0.00088,0.017,266,6.0247,6.0167,0.00454,25.52083,25.55357,0.0625,0.00088,0.00087,0,0.017,0.017,0,266,266,0,0.04312,Moderate Risk
5.86431,25.5625,0.00088,0.017,266,5.89154,5.89219,-0.04085,25.54167,25.54464,0.0625,0.00088,0.00087,0,0.017,0.017,0,266,266,0,0.04275,Moderate Risk
5.42852,25.5,0.00071,0.017,266,5.39372,5.34227,0.0227,25.5,25.51786,0,0.00079,0.00082,-0.00014,0.017,0.017,0,266,266,0,0.15334,Moderate Risk
5.7372,25.5,0.00081,0.017,266,5.72661,5.70218,0.00908,25.5,25.49107,0,0.00081,0.00081,0,0.017,0.017,0,266,266,0,0.07153,Moderate Risk
5.84161,25.5,0.00081,0.017,266,5.84766,5.82605,-0.00454,25.5,25.5,0,0.00082,0.00083,0,0.017,0.017,0,266,266,0,0.09483,Moderate Risk
5.82799,25.5625,0.00071,0.017,266,5.81286,5.83513,-0.00454,25.52083,25.50893,0.0625,0.00077,0.00072,-0.00008,0.017,0.017,0,266,266,0,0.11398,Moderate Risk
5.91424,25.5,0.00076,0.017,266,5.90516,5.88441,0.00908,25.5,25.51786,0,0.00076,0.00074,0.00004,0.017,0.017,0,266,266,0,0.05925,Moderate Risk
5.35135,25.5,0.00081,0.017,266,5.3453,5.27483,0.00908,25.45833,25.45536,0.0625,0.00081,0.00081,0,0.017,0.017,0,266,266,0,0.20517,Moderate Risk
5.81437,25.25,0.00088,0.017,266,5.81588,5.80724,-0.00908,25.27083,25.25893,0,0.00089,0.00088,-0.00002,0.017,0.017,0,266,266,0,0.0369,Moderate Risk
5.86431,25.25,0.00094,0.017,266,5.86885,5.85977,-0.00454,25.25,25.25,0,0.00092,0.00092,0.00003,0.017,0.017,0,266,266,0,0.04482,Moderate Risk
5.86431,25.25,0.0009,0.017,266,5.87188,5.8708,-0.0227,25.25,25.25,0,0.00089,0.00089,0.00003,0.017,0.017,0,266,266,0,0.02219,Moderate Risk
5.32411,25.0625,0.00096,0.017,266,5.30444,5.36821,-0.00454,25.08333,25.08929,-0.0625,0.00093,0.00095,0.00004,0.017,0.017,0,266,266,0,0.14974,High Risk
5.67819,25,0.001,0.017,266,5.67062,5.66198,0.00908,25.02083,25.04464,-0.0625,0.00098,0.00098,0.00003,0.017,0.017,0,266,266,0,0.03804,High Risk
5.86431,24.9375,0.00105,0.017,266,5.86431,5.87404,0,24.95833,24.94643,-0.0625,0.00105,0.00104,0.00001,0.017,0.017,0,266,266,0,0.05155,Moderate Risk
5.30141,24.8125,0.00093,0.017,266,5.29082,5.27807,0.00907,24.8125,24.82143,0,0.00093,0.00093,0.00001,0.017,0.017,0,266,266,0,0.04213,High Risk
5.2197,24.75,0.0009,0.017,266,5.21668,5.21322,0.00907,24.79167,24.78571,-0.0625,0.00089,0.00088,0.00001,0.017,0.017,0,266,266,0,0.02558,High Risk
4.8974,24.75,0.00093,0.017,266,4.97609,5.00441,-0.02724,24.75,24.75,0,0.00094,0.00095,-0.00001,0.017,0.017,0,266,266,0,0.14349,High Risk
5.50115,24.8125,0.00093,0.017,266,5.48753,5.45705,0.00908,24.8125,24.8125,0,0.00099,0.00101,-0.0001,0.017,0.017,0,266,266,0,0.07054,High Risk
5.28326,24.9375,0.00108,0.017,266,5.27721,5.26705,0.00454,24.91667,24.91071,0.0625,0.00108,0.00107,0,0.017,0.017,0,266,266,0,0.0464,High Risk
5.28326,25,0.00106,0.017,266,5.25905,5.19182,0.01362,25,24.99107,0,0.00106,0.00109,-0.00005,0.017,0.017,0,266,266,0,0.1669,High Risk
5.23786,25,0.00109,0.017,266,5.23181,5.35524,0.01362,24.97917,24.97321,0.0625,0.00109,0.0011,0,0.017,0.017,0,266,266,0,0.30005,High Risk
5.40582,25,0.00114,0.017,266,5.37253,5.36432,0.04993,25,25.00893,0,0.00112,0.0011,0.00005,0.017,0.017,0,266,266,0,0.05018,High Risk
4.79753,25.125,0.00116,0.017,266,4.79148,4.80013,0.04993,25.125,25.125,0,0.00115,0.00113,0.00003,0.017,0.017,0,266,266,0,0.07708,High Risk
4.86109,25.5,0.00111,0.017,266,4.84142,4.83061,-0.01362,25.52083,25.5,-0.0625,0.00109,0.00111,0,0.017,0.017,0,266,266,0,0.11138,Moderate Risk
4.81569,25.5625,0.00112,0.017,266,4.78694,4.76381,0.04085,25.5625,25.58036,0,0.00111,0.00112,0.00002,0.017,0.017,0,266,266,0,0.07479,Moderate Risk
4.60688,25.75,0.00106,0.017,266,4.61898,4.63735,-0.00908,25.70833,25.66964,0.0625,0.00106,0.00106,0,0.017,0.017,0,266,266,0,0.0919,Moderate Risk
4.72036,25.6875,0.00106,0.017,266,4.65681,4.62568,0.09986,25.6875,25.66071,0,0.00106,0.00106,0,0.017,0.017,0,266,266,0,0.113,Moderate Risk
5.23786,25.8125,0.00109,0.017,266,5.22878,5.21063,0.01362,25.75,25.74107,0.0625,0.00108,0.00109,0,0.017,0.017,0,266,266,0,0.06353,Moderate Risk
5.46938,25.75,0.00112,0.017,266,5.44819,5.44019,0.02724,25.79167,25.77679,-0.0625,0.00111,0.0011,0.00001,0.017,0.017,0,266,266,0,0.04391,Moderate Risk
4.93372,25.8125,0.00112,0.017,266,4.92615,4.9188,0.00908,25.8125,25.80357,0,0.00114,0.00113,0,0.017,0.017,0,266,266,0,0.0298,Moderate Risk
5.35135,25.8125,0.00111,0.017,266,5.3347,5.28131,0.02724,25.8125,25.8125,0,0.0011,0.00111,0.00004,0.017,0.017,0,266,266,0,0.11726,Moderate Risk
5.03813,25.875,0.00109,0.017,266,4.99727,4.97393,0.05448,25.83333,25.82143,0.0625,0.00108,0.00108,0,0.017,0.017,0,266,266,0,0.11554,Moderate Risk
5.16523,25.875,0.00106,0.017,266,5.1622,5.14253,0.00454,25.875,25.875,0,0.00106,0.00105,0,0.017,0.017,0,266,266,0,0.04809,Moderate Risk
4.78392,26,0.00109,0.017,266,4.78543,4.80078,0,26,25.97321,0,0.0011,0.0011,-0.00002,0.017,0.017,0,266,266,0,0.06884,Moderate Risk
5.25148,25.9375,0.00116,0.017,266,5.21819,5.18598,0.03178,25.9375,25.95536,0,0.00114,0.00112,0.00003,0.017,0.017,0,266,266,0,0.09248,Moderate Risk
5.05628,26.0625,0.00119,0.017,266,5.05174,5.07314,0,26.0625,26.07143,0,0.00118,0.00119,0.00001,0.017,0.017,0,266,266,0,0.11872,Moderate Risk
4.9428,26.0625,0.00119,0.017,266,4.97911,5.04137,0.01816,26.0625,26.07143,0,0.0012,0.00119,-0.00001,0.017,0.017,0,266,266,0,0.16454,Moderate Risk
4.97457,26.0625,0.00118,0.017,266,4.96852,4.99273,0.00908,26.0625,26.0625,0,0.00117,0.00119,0.00001,0.017,0.017,0,266,266,0,0.13612,Moderate Risk
5.07898,26.0625,0.00112,0.017,266,5.10319,5.15291,-0.01816,26.08333,26.08929,0,0.00112,0.00112,0,0.017,0.017,0,266,266,0,0.11916,Moderate Risk
4.88832,26.125,0.00119,0.017,266,4.87924,4.87989,0.00908,26.08333,26.11607,0.0625,0.00119,0.00119,0.00001,0.017,0.017,0,266,266,0,0.05609,Moderate Risk
4.91556,26.125,0.00118,0.017,266,4.90497,4.89156,0.00908,26.10417,26.09821,0.0625,0.00118,0.00119,-0.00002,0.017,0.017,0,266,266,0,0.04761,Moderate Risk
4.62957,26.1875,0.00118,0.017,266,4.62957,4.61271,0,26.16667,26.16071,0.0625,0.00117,0.00117,0.00002,0.017,0.017,0,266,266,0,0.07432,Moderate Risk
4.50701,26.1875,0.00131,0.017,266,4.51004,4.5135,-0.00908,26.1875,26.1875,0,0.00127,0.00126,0.00001,0.017,0.017,0,266,266,0,0.01283,High Risk
4.53425,26.25,0.0012,0.017,266,4.54332,4.54527,-0.01361,26.25,26.25893,0,0.00115,0.00118,0.00002,0.017,0.017,0,266,266,0,0.02663,High Risk
4.53425,26.25,0.00121,0.017,266,4.54181,4.54851,-0.00907,26.25,26.26786,0,0.00122,0.00121,-0.00003,0.017,0.017,0,266,266,0,0.0305,Moderate Risk
4.54786,26.3125,0.00124,0.017,266,4.54786,4.55499,0.00454,26.3125,26.29464,0,0.00124,0.00123,0,0.017,0.017,0,266,266,0,0.03615,Moderate Risk
4.57964,26.4375,0.00124,0.017,266,4.56753,4.56278,0.0227,26.39583,26.40179,0.0625,0.00125,0.00127,-0.00001,0.017,0.017,0,266,266,0,0.03617,High Risk
6.4726,25.625,0.00116,0.017,266,6.36214,6.01087,0.16342,25.54167,25.39286,0.125,0.00105,0.00105,0.00025,0.017,0.017,0,266,266,0,1.4522,Moderate Risk
6.5997,25.8125,0.00097,0.017,266,6.52556,6.41164,0.09533,25.70833,25.5625,0.125,0.00106,0.00104,-0.00009,0.017,0.017,0,266,266,0,0.31325,Moderate Risk
6.86753,25.8125,0.00026,0.017,266,6.86148,6.85975,0.01816,25.8125,25.83929,0,0.00026,0.00026,0,0.017,0.017,0,266,266,0,0.06329,Moderate Risk
6.86753,25.6875,0.00074,0.017,266,6.85694,6.8565,-0.00454,25.72917,25.75893,-0.0625,0.00061,0.00043,0.00005,0.017,0.017,0,266,266,0,0.06079,Moderate Risk
6.80852,25.3125,0.00085,0.017,266,6.74043,6.8176,0,25.27083,25.26786,0.0625,0.00086,0.00089,0.00003,0.017,0.017,0,266,266,0,0.21452,High Risk
5.12438,25.8125,0.00069,0.017,266,4.99727,5.57638,0.10441,25.83333,25.85714,0,0.00071,0.0009,-0.00003,0.017,0.017,0,266,266,0,1.15056,High Risk
6.00503,27,0.00171,0.017,266,5.98385,5.98687,0.01816,26.97917,26.99107,0,0.0017,0.0017,0.00003,0.017,0.017,0,266,266,0,0.04502,Low Risk
8.40641,25.125,0.00082,0.017,162,8.42457,8.41354,-0.00454,25.14583,25.15179,-0.0625,0.00077,0.00081,0.00022,0.017,0.017,0,163,163.42857,0,0.05506,High Risk
8.40641,25.25,0.0014,0.017,169,8.41095,8.41095,0,25.25,25.25893,0,0.00108,0.08984,0.00049,0.017,0.017,0,166.66667,168.57143,-1,0.49852,High Risk
8.40641,25.3125,0.00097,0.017,160,8.40641,8.41419,0,25.3125,25.28571,0,0.00097,0.00094,-0.00007,0.017,0.017,0,163.66667,160.71429,0,0.09728,High Risk
8.43818,24.5,0.5672,0.017,129,8.43667,8.43883,0.00453,24.5,24.5,0,0.50829,0.60084,-0.0043,0.017,0.017,0,129.33333,131.14286,1,0.23648,High Risk
8.44726,24.375,0.28786,0.017,133,8.44272,8.44013,0.01361,24.35417,24.38393,0,0.28786,0.35445,0,0.017,0.017,0,129.33333,129.28571,9,0.26627,High Risk
8.4518,24.25,0.28786,0.017,129,8.44575,8.44143,0,24.29167,24.29464,-0.0625,0.28786,0.28786,0,0.017,0.017,0,126.66667,127.57143,6,0.0324,High Risk
8.55167,24.3125,0.28786,0.017,125,8.47601,8.45699,0.10441,24.29167,24.27679,0,0.28786,0.28786,0,0.017,0.017,0,126.33333,125.28571,1,0.10178,High Risk
8.43818,24.25,0.28786,0.017,129,8.43365,8.43754,0.00453,24.1875,24.17857,0.0625,0.28786,0.28786,0,0.017,0.017,0,128,128,-1,0.03377,High Risk
8.43818,24.125,0.28786,0.017,126,8.44272,8.44726,-0.01362,24.125,24.125,0,0.28786,0.28786,0,0.017,0.017,0,128.33333,128,-5,0.03852,High Risk
8.43365,24,0.28786,0.017,129,8.4518,8.44078,-0.04993,24,24.00893,0,0.28786,0.28786,0,0.017,0.017,0,123.66667,127.28571,4,0.05303,High Risk
8.43818,24,0.28786,0.017,133,8.43213,8.42651,0.01815,24,24.00893,0,0.28786,0.28786,0,0.017,0.017,0,130.33333,129,6,0.03268,High Risk
8.36555,24,0.28786,0.017,122,8.40944,8.42327,-0.06356,23.95833,23.95536,0.0625,0.28786,0.28786,0,0.017,0.017,0,124,125,-5,0.06965,High Risk
8.42003,23.875,0.28786,0.017,125,8.42003,8.42392,0,23.875,23.85714,0,0.28786,0.28786,0,0.017,0.017,0,119.66667,120.57143,8,0.02953,High Risk
8.44726,23.5625,0.00093,0.017,123,8.44726,8.44986,0,23.58333,23.57143,0,0.00099,0.00098,-0.00004,0.017,0.017,0,118.66667,116.71429,2,0.04431,High Risk
8.42003,22.6875,0.28786,0.017,103,8.42608,8.4129,-0.00908,22.6875,22.6875,0,0.28786,0.28786,0,0.017,0.017,0,108,106.14286,-7,0.03739,High Risk
8.43365,22.6875,0.28786,0.017,101,8.417,8.41873,0.0227,22.66667,22.67857,0,0.28786,0.28786,0,0.017,0.017,0,105.66667,103,-3,0.03123,High Risk
8.41095,22.75,0.28786,0.017,111,8.41398,8.41679,-0.00454,22.72917,22.70536,0.0625,0.28786,0.28786,0,0.017,0.017,0,103.66667,103.85714,12,0.02535,High Risk
8.37463,24.9375,0.28786,0.017,112,8.37614,8.37204,-0.00454,24.91667,24.84821,0,0.28786,0.28786,0,0.017,0.017,0,112.33333,112.85714,-1,0.05856,High Risk
8.44726,26,0.28786,0.017,112,8.40338,8.39409,0.06355,25.9375,25.92857,0.0625,0.28786,0.28786,0,0.017,0.017,0,110,110,0,0.07093,High Risk
8.37463,25.9375,0.28786,0.017,112,8.37312,8.37528,-0.00908,25.95833,25.92857,-0.0625,0.28786,0.28786,0,0.017,0.017,0,112,110.42857,0,0.04216,High Risk
8.38371,26.125,0.28786,0.017,112,8.38825,8.3863,-0.01362,26.14583,26.16071,0,0.28786,0.28786,0,0.017,0.017,0,111.33333,112.71429,-1,0.03043,High Risk
8.39279,26.5,0.28786,0.017,115,8.38522,8.3889,0.00908,26.52083,26.49107,-0.0625,0.28786,0.28786,0,0.017,0.017,0,113.66667,114,0,0.07429,High Risk
8.40641,27.125,0.28786,0.017,117,8.40187,8.39474,0.00454,27.125,27.11607,0,0.28786,0.28786,0,0.017,0.017,0,114.66667,115.42857,5,0.03575,High Risk
8.40641,27.0625,0.28786,0.017,113,8.3943,8.38501,0.02724,27.0625,27.04464,0,0.28786,0.28786,0,0.017,0.017,0,116.66667,116,-5,0.05366,High Risk
8.40641,26.875,0.28786,0.017,114,8.39733,8.3889,0,26.89583,26.89286,0,0.28786,0.28786,0,0.017,0.017,0,115,115,-3,0.0432,High Risk
8.39279,26.625,0.28786,0.017,114,8.40338,8.39733,-0.02724,26.70833,26.76786,-0.125,0.28786,0.28786,0,0.017,0.017,0,114,113.71429,-4,0.06014,High Risk
8.14312,24.875,0.28786,0.017,106,8.14463,8.15479,0,24.83333,24.8125,0.0625,0.28786,0.28786,0,0.017,0.017,0,105,105,3,0.03825,High Risk
8.08411,24.375,0.28786,0.017,103,8.09016,8.09059,-0.00454,24.33333,24.34821,0.0625,0.28786,0.28786,0,0.017,0.017,0,102,101.85714,2,0.03042,High Risk
8.06141,24.4375,0.28786,0.017,107,8.06141,8.0666,0.00454,24.39583,24.41071,0.0625,0.28786,0.28786,0,0.017,0.017,0,107,107.42857,-1,0.0404,High Risk
8.07049,24.4375,0.00084,0.017,105,8.06444,8.07308,0.01816,24.39583,24.39286,0,0.00069,0.00072,0.00015,0.017,0.017,0,103,101.14286,2,0.06012,Moderate Risk
8.06141,24.4375,0.00106,0.017,110,8.05838,8.06076,0.00454,24.41667,24.41964,0,0.0009,0.00092,0.0001,0.017,0.017,0,105.66667,103.57143,8,0.03077,Moderate Risk
8.10226,24.375,0.00172,0.017,101,8.07957,8.06919,0.03631,24.39583,24.41071,-0.0625,0.18641,0.34583,-0.55323,0.017,0.017,0,103.33333,103.42857,-4,0.69518,Moderate Risk
8.07957,24.375,0.00088,0.017,85,8.07957,8.08216,-0.00454,24.35417,24.33929,0.0625,0.00088,0.00089,0,0.017,0.017,0,88.33333,88.57143,-1,0.03233,Moderate Risk
7.97062,24,0.00092,0.017,33,7.97365,7.97581,-0.00908,24.02083,24.02679,0,0.00087,0.00085,0.00007,0.017,0.017,0,70.66667,84.42857,-63,0.02781,Moderate Risk
7.98424,24.375,0.26623,0.017,102,8.0024,8.00759,-0.04085,24.375,24.40179,0,0.29214,0.32745,0.03054,0.017,0.017,0,100.66667,100.57143,3,0.26324,High Risk
7.98424,24.625,0.70828,0.017,99,7.98575,7.97451,-0.00454,24.58333,24.5625,0.0625,0.65086,0.61125,0.08027,0.017,0.017,0,99.33333,100.28571,-2,0.19258,High Risk
7.98424,24.6875,0.09297,0.017,98,7.99483,7.99527,-0.01362,24.6875,24.66071,0,0.09824,0.11024,-0.01342,0.017,0.017,0,94.33333,95.42857,8,0.06327,Moderate Risk
7.99332,24.6875,0.43317,0.017,99,7.99483,7.99786,0,24.66667,24.66071,0.0625,0.45738,0.43977,-0.00332,0.017,0.017,0,99.66667,101.71429,-3,0.10566,High Risk
8.03871,24.625,0.35077,0.017,102,8.01602,8.00888,0.02269,24.625,24.625,0,0.36993,0.39184,-0.05204,0.017,0.017,0,104.33333,105.28571,-3,0.09299,High Risk
7.99786,24.5625,0.34942,0.017,103,7.99635,7.99916,0,24.54167,24.55357,0,0.36402,0.36115,-0.03973,0.017,0.017,0,102.33333,99.42857,1,0.0619,High Risk
7.99786,24.5625,0.35897,0.017,107,7.99786,7.99916,-0.00454,24.5625,24.55357,0,0.37254,0.36559,0.0109,0.017,0.017,0,104,102,4,0.07334,High Risk
7.98878,24.5625,0.40127,0.017,105,7.90404,7.96219,0.26783,24.54167,24.52679,0.0625,0.41721,0.42004,-0.05391,0.017,0.017,0,100,98.42857,10,0.31586,High Risk
7.9797,24.5,0.25599,0.017,97,7.98878,7.99462,-0.01362,24.47917,24.47321,0.0625,0.2672,0.26503,-0.04446,0.017,0.017,0,99,98.85714,-2,0.08031,High Risk
7.99332,24.4375,0.49679,0.017,99,8.02207,7.92458,-0.01816,24.39583,24.41964,0.0625,0.49137,0.45774,0.04334,0.017,0.017,0,98.33333,98.57143,0,0.55903,High Risk
7.98424,24.375,0.47645,0.017,99,7.99029,7.99137,-0.00908,24.35417,24.36607,0,0.43518,0.41196,0.06428,0.017,0.017,0,99.33333,98.42857,1,0.08145,High Risk
7.9797,24.3125,0.55869,0.017,98,7.98878,7.99332,-0.01816,24.35417,24.35714,-0.0625,0.59887,0.52221,-0.08125,0.017,0.017,0,96.33333,96.42857,3,0.18666,High Risk
8.01148,24.125,0.47645,0.017,95,7.99937,7.97905,0.01816,24.14583,24.14286,0,0.5313,0.52719,-0.08861,0.017,0.017,0,91.66667,94,10,0.16793,High Risk
7.98424,24.125,0.58903,0.017,98,7.99635,7.99073,-0.00908,24.125,24.14286,0,0.51641,0.53272,0.10528,0.017,0.017,0,96.33333,94.42857,2,0.13141,High Risk
7.98878,24.125,0.00162,0.017,93,7.98424,7.99202,0.00908,24.14583,24.14286,-0.0625,0.36565,0.45352,-0.50469,0.017,0.017,0,95.33333,93.85714,-2,0.4428,Moderate Risk
7.99332,24,0.18199,0.017,88,7.98727,7.99462,0.00454,24,24.01786,0,0.17628,0.20273,0.00717,0.017,0.017,0,89.66667,93.14286,-6,0.10254,High Risk
7.97062,24,0.09989,0.017,96,8.00996,7.99397,-0.0227,24.02083,24.01786,-0.0625,0.09983,0.11954,0.00849,0.017,0.017,0,92.66667,94.57143,8,0.12743,Moderate Risk
7.98878,23.9375,0.09416,0.017,96,7.99029,7.99656,-0.00908,23.95833,23.97321,0,0.09064,0.09511,-0.00039,0.017,0.017,0,94.33333,94.57143,6,0.05656,Moderate Risk
7.9797,24,0.09947,0.017,95,7.98424,7.98554,-0.00908,24,24,0,0.09879,0.09908,-0.00085,0.017,0.017,0,94.66667,92.71429,1,0.04274,Moderate Risk
7.9797,24,0.09864,0.017,96,7.98273,7.98294,-0.00454,23.95833,23.97321,0.0625,0.10446,0.10764,-0.01323,0.017,0.017,0,95.66667,95.85714,0,0.04345,Moderate Risk
7.98424,23.9375,0.20436,0.017,95,7.96003,7.98359,0.00908,23.9375,23.92857,0,0.2086,0.19748,0.00243,0.017,0.017,0,92.66667,94.42857,8,0.11234,High Risk
7.99332,23.9375,0.2442,0.017,95,7.98575,7.981,0.00908,23.91667,23.91964,0,0.24592,0.25374,0.00664,0.017,0.017,0,95,94.71429,1,0.08246,High Risk
7.97062,23.75,0.29928,0.017,95,7.97213,7.97127,0,23.70833,23.72321,0.0625,0.29582,0.2955,0.00576,0.017,0.017,0,95.33333,94.85714,-1,0.02634,High Risk
8.01148,23.8125,0.28451,0.017,98,7.98424,7.9784,0.04086,23.8125,23.80357,0,0.30661,0.29607,-0.05956,0.017,0.017,0,96.66667,96.71429,4,0.08582,High Risk
7.93884,23.75,0.46926,0.017,97,7.93279,7.93236,0.01815,23.77083,23.77679,-0.0625,0.47541,0.45157,0.00533,0.017,0.017,0,94.33333,96.14286,6,0.12967,High Risk
7.97062,23.8125,0.47465,0.017,98,7.94641,7.9369,0.04539,23.8125,23.79464,0,0.39263,0.31757,0.13454,0.017,0.017,0,97.33333,97.14286,-1,0.22061,High Risk
7.92069,23.8125,0.52587,0.017,100,7.92976,7.93301,-0.00907,23.8125,23.8125,0,0.5513,0.55251,-0.03282,0.017,0.017,0,102.66667,100.28571,-5,0.08163,High Risk
7.93884,23.8125,0.09536,0.017,94,7.94035,7.94014,-0.00454,23.8125,23.80357,0,0.10756,0.1175,-0.01238,0.017,0.017,0,92.66667,95.28571,3,0.05942,Moderate Risk
7.957,23.75,0.37883,0.017,87,7.95549,7.9557,-0.00454,23.75,23.75,0,0.39173,0.39356,-0.06268,0.017,0.017,0,86.66667,86,-2,0.0732,High Risk
7.92976,23.6875,0.41533,0.017,91,7.93581,7.93365,-0.00908,23.64583,23.63393,0.0625,0.45614,0.43196,-0.10459,0.017,0.017,0,87.66667,89.57143,5,0.16992,High Risk
7.94338,23.6875,0.50439,0.017,86,7.8995,7.91809,0.00454,23.72917,23.75,-0.0625,0.46978,0.43969,0.00381,0.017,0.017,0,85.66667,86,0,0.20774,High Risk
7.94338,23.6875,0.44489,0.017,87,7.98424,7.96154,-0.14527,23.72917,23.74107,-0.0625,0.44601,0.45569,-0.05759,0.017,0.017,0,86.66667,87.14286,0,0.20612,High Risk
7.97062,23.75,0.37883,0.017,89,7.94641,7.97062,0.03178,23.75,23.75,0,0.38374,0.42818,-0.01182,0.017,0.017,0,90,91,-7,0.24385,High Risk
7.93884,23.6875,0.52987,0.017,93,7.93733,7.94079,-0.00454,23.6875,23.6875,0,0.51168,0.56517,0.06061,0.017,0.017,0,99,97.85714,-9,0.18257,High Risk
7.9343,23.5625,0.60251,0.017,95,7.92522,7.93106,0.03177,23.58333,23.57143,-0.0625,0.37534,0.45451,0.08061,0.017,0.017,0,92,93.71429,0,0.45013,High Risk
7.94338,23.5,0.48009,0.017,90,7.93279,7.93495,0.01362,23.54167,23.55357,-0.0625,0.45272,0.43962,0.0695,0.017,0.017,0,92,94.14286,-3,0.09998,High Risk
7.94338,23.5,0.11281,0.017,92,7.93581,7.93365,0.00908,23.5,23.48214,0,0.126,0.13916,-0.02252,0.017,0.017,0,89.33333,89.57143,1,0.05934,High Risk
7.93884,23.4375,0.09416,0.017,86,7.94338,7.94338,0.01361,23.4375,23.45536,0,0.1021,0.10736,-0.01724,0.017,0.017,0,91.66667,92.71429,-8,0.06991,Moderate Risk
7.94338,23.4375,0.09416,0.017,95,7.93279,7.93106,0.00454,23.47917,23.47321,-0.0625,0.06731,0.08511,-0.00039,0.017,0.017,0,94,92.42857,2,0.10081,Moderate Risk
7.93884,23.4375,0.21951,0.017,91,7.93279,7.93041,0.01815,23.41667,23.41071,0,0.20434,0.19269,0.03531,0.017,0.017,0,92.33333,92.71429,-3,0.07326,High Risk
7.92523,23.375,0.36454,0.017,97,7.93128,7.93171,-0.00453,23.375,23.375,0,0.37073,0.37155,-0.00282,0.017,0.017,0,96,96,2,0.05223,High Risk
7.91161,23.25,0.23756,0.017,93,7.90858,7.90966,0.00454,23.22917,23.22321,0,0.24299,0.25536,-0.00283,0.017,0.017,0,89.33333,91,0,0.06473,High Risk
7.92069,23.125,0.27042,0.017,93,7.92674,7.92458,0,23.125,23.11607,0,0.27797,0.27751,-0.01188,0.017,0.017,0,89.33333,91.28571,11,0.07038,High Risk
7.89799,23,0.28451,0.017,87,7.90707,7.91031,-0.01362,23.04167,23.04464,-0.0625,0.2876,0.27779,-0.03272,0.017,0.017,0,88,88.57143,-3,0.07296,High Risk
7.90253,22.875,0.31846,0.017,94,7.90404,7.90318,-0.00908,22.875,22.86607,0,0.29995,0.30224,0.03172,0.017,0.017,0,92.66667,92.57143,1,0.06694,High Risk
7.87529,22.9375,0.32094,0.017,87,7.88286,7.88372,-0.02724,22.89583,22.875,0.0625,0.36741,0.41408,-0.07121,0.017,0.017,0,89.33333,89,-3,0.14863,High Risk
7.88891,22.9375,0.54409,0.017,87,7.8874,7.88307,0.01362,22.9375,22.94643,0,0.50533,0.43009,0.12876,0.017,0.017,0,87.33333,89.28571,-2,0.19998,High Risk
7.85713,23.0625,0.43649,0.017,89,7.87226,7.87464,-0.01816,23.04167,23.01786,0,0.36797,0.35511,0.1118,0.017,0.017,0,87.33333,89,-1,0.11869,High Risk
7.85259,23.125,0.23756,0.017,93,7.85713,7.85972,0,23.14583,23.13393,-0.0625,0.25492,0.27146,-0.04254,0.017,0.017,0,91.33333,87.85714,2,0.07847,High Risk
7.83898,23.9375,0.39517,0.017,94,7.84805,7.8915,-0.01815,23.9375,23.92857,0,0.39005,0.39901,0.02922,0.017,0.017,0,92.33333,94,6,0.28723,High Risk
7.83444,24.3125,0.34942,0.017,94,7.86016,7.86167,-0.04993,24.27083,24.26786,0.0625,0.3099,0.30557,0.05476,0.017,0.017,0,95,98.28571,-1,0.11229,High Risk
7.87529,24.4375,0.38175,0.017,93,7.87529,7.87205,0,24.39583,24.40179,0.0625,0.35445,0.36475,0.03635,0.017,0.017,0,91,93,8,0.08442,High Risk
7.86167,24.5,0.31846,0.017,96,7.86924,7.87205,-0.00908,24.5,24.49107,0,0.32774,0.33294,-0.04468,0.017,0.017,0,96,95.14286,-1,0.07683,High Risk
7.85713,24.5,0.35348,0.017,95,7.86016,7.85972,-0.00908,24.5,24.51786,0,0.34767,0.36858,0.00406,0.017,0.017,0,91.33333,93.85714,4,0.10428,High Risk
7.86167,24.5625,0.4266,0.017,96,7.86167,7.86102,0.00454,24.58333,24.58036,-0.0625,0.41891,0.39965,-0.00989,0.017,0.017,0,96.66667,95.85714,-1,0.0818,High Risk
7.87075,24.5625,0.41533,0.017,95,7.87832,7.86945,-0.00454,24.54167,24.57143,0,0.38652,0.36581,0.07391,0.017,0.017,0,96.33333,96.28571,0,0.11502,High Risk
7.86167,24.625,0.30162,0.017,103,7.85108,7.85908,-0.00454,24.60417,24.60714,0,0.28616,0.27686,0.00581,0.017,0.017,0,106,106.71429,-6,0.09629,High Risk
7.86621,24.3125,0.43151,0.017,104,7.86167,7.86167,0,24.3125,24.3125,0,0.4461,0.44984,-0.06152,0.017,0.017,0,105.33333,104.57143,-2,0.11336,High Risk
7.85713,24.0625,0.28562,0.017,98,7.85562,7.85583,0.00454,24.08333,24.08036,0,0.27633,0.26234,0.00332,0.017,0.017,0,95.66667,95.28571,4,0.06984,High Risk
7.85713,23.9375,0.09455,0.017,95,7.84049,7.8487,0.02269,23.95833,23.97321,-0.0625,0.10001,0.10564,-0.01229,0.017,0.017,0,95.66667,96.57143,-2,0.07873,Moderate Risk
7.83898,23.9375,0.34142,0.017,96,7.84805,7.84222,-0.00907,23.91667,23.89286,0,0.31489,0.28918,0.05912,0.017,0.017,0,98.33333,98.85714,-4,0.10302,High Risk
7.82082,25.625,0.05528,0.017,101,7.81174,7.81044,0.00908,25.625,25.63393,0,0.12044,0.21936,0.03154,0.017,0.017,0,99.66667,100,5,0.27397,Moderate Risk
7.79812,25.6875,0.41217,0.017,93,7.81023,7.81239,-0.02724,25.64583,25.65179,0.0625,0.44845,0.45335,-0.05709,0.017,0.017,0,98,98.71429,-7,0.1186,Moderate Risk
7.79812,25.75,0.17065,0.017,98,7.80871,7.80785,-0.02724,25.77083,25.76786,-0.0625,0.16059,0.15518,-0.00347,0.017,0.017,0,98.66667,97.85714,-1,0.06441,Moderate Risk
7.82082,25.75,0.70828,0.017,96,7.81628,7.81628,0.00908,25.77083,25.79464,-0.0625,0.65086,0.61125,0.08027,0.017,0.017,0,97,98.57143,2,0.13245,High Risk
7.82536,25.8125,0.09297,0.017,102,7.82687,7.82341,0.00908,25.8125,25.79464,0,0.11477,0.1875,-0.01797,0.017,0.017,0,100,96.28571,3,0.20808,Moderate Risk
7.82536,25.8125,0.11094,0.017,96,7.7845,7.81693,0.0227,25.8125,25.8125,0,0.09857,0.09844,0.01758,0.017,0.017,0,97.66667,96.85714,-4,0.12523,Moderate Risk
7.81628,25.8125,0.09496,0.017,101,7.81477,7.81628,-0.00908,25.8125,25.8125,0,0.09975,0.0968,-0.01598,0.017,0.017,0,99,96.71429,5,0.12373,Moderate Risk
7.81628,25.8125,0.13149,0.017,98,7.7951,7.80461,0.06355,25.8125,25.8125,0,0.12668,0.1147,-0.01066,0.017,0.017,0,97.66667,98.57143,1,0.08547,Moderate Risk
7.81628,25.875,0.49303,0.017,99,7.81325,7.81628,0.01362,25.85417,25.83929,0.0625,0.50479,0.51972,0.00558,0.017,0.017,0,97.33333,98.14286,2,0.08735,Moderate Risk
7.81628,25.875,0.39974,0.017,99,7.81477,7.81304,0.00454,25.85417,25.84821,0.0625,0.39522,0.43754,0,0.017,0.017,0,96.66667,97.57143,1,0.1138,Moderate Risk
7.81628,25.875,0.38618,0.017,97,7.81023,7.81433,0.00454,25.83333,25.83929,0.0625,0.40146,0.41204,-0.06041,0.017,0.017,0,98.33333,98.71429,-3,0.09124,Moderate Risk
7.81628,25.875,0.3847,0.017,98,7.81477,7.81887,0.00908,25.85417,25.84821,0.0625,0.38196,0.36072,-0.05179,0.017,0.017,0,98.33333,98.28571,0,0.12479,Moderate Risk
7.81628,25.875,0.26623,0.017,93,7.81023,7.80979,0.01362,25.91667,25.91071,-0.0625,0.28789,0.30153,-0.02958,0.017,0.017,0,96,95,-5,0.08412,Moderate Risk
7.82082,25.875,0.40591,0.017,101,7.81779,7.81823,0.00454,25.875,25.88393,0,0.44898,0.46214,-0.08339,0.017,0.017,0,101.66667,101.42857,0,0.08421,High Risk
7.81628,25.875,0.45518,0.017,122,7.81628,7.82017,-0.00454,25.83333,25.83036,0.0625,0.42325,0.41653,0.08213,0.017,0.017,0,123.66667,127.14286,-2,0.10118,High Risk
7.68917,24.375,0.33489,0.017,92,7.72397,7.70798,-0.07263,24.39583,24.39286,0,0.38438,0.37743,-0.06485,0.017,0.017,0,93.66667,93,-1,0.13815,High Risk
7.69371,24.3125,0.43815,0.017,91,7.70128,7.70149,-0.01816,24.3125,24.32143,0,0.45269,0.46595,-0.04194,0.017,0.017,0,89.33333,91.14286,7,0.13023,High Risk
7.69825,24.3125,0.54616,0.017,94,7.73457,7.71576,-0.02724,24.3125,24.3125,0,0.5811,0.58728,-0.07948,0.017,0.017,0,93.66667,94.28571,1,0.15182,High Risk
7.69371,24.0625,0.49303,0.017,97,7.68766,7.68917,0.00908,24.0625,24.07143,0,0.17885,0.2915,0.474,0.017,0.017,0,95.66667,94.28571,2,0.49247,High Risk
7.68463,24,0.08872,0.017,96,7.68766,7.68917,0,24,24.00893,0,0.09334,0.10946,-0.01117,0.017,0.017,0,94,95,0,0.05956,Moderate Risk
7.68463,24,0.11375,0.017,101,7.68614,7.68722,0,24,23.99107,0,0.10514,0.10258,0.00465,0.017,0.017,0,99.66667,98.71429,4,0.04817,High Risk
7.68917,23.9375,0.15931,0.017,93,7.68463,7.68658,0.00908,23.9375,23.92857,0,0.15489,0.15322,0.02118,0.017,0.017,0,90.33333,92.42857,2,0.04341,High Risk
7.68009,23.875,0.29812,0.017,86,7.68766,7.68593,-0.00908,23.875,23.88393,0,0.29967,0.29016,-0.0035,0.017,0.017,0,87.66667,88.57143,0,0.06222,High Risk
7.68917,23.875,0.38618,0.017,83,7.68614,7.68852,0,23.85417,23.84821,0.0625,0.33412,0.33974,0.0972,0.017,0.017,0,84.66667,87.14286,-4,0.10526,High Risk
7.70279,23.8125,0.41217,0.017,88,7.6922,7.68787,0.01362,23.83333,23.84821,0,0.37702,0.36077,0.08242,0.017,0.017,0,84.66667,85.14286,-1,0.12216,High Risk
7.68463,23.875,0.253,0.017,86,7.69674,7.68917,-0.03632,23.875,23.875,0,0.27039,0.29832,-0.04512,0.017,0.017,0,84.33333,84.42857,2,0.09531,High Risk
7.68463,23.875,0.25499,0.017,83,7.68312,7.68139,0,23.85417,23.85714,0,0.25397,0.2618,-0.01438,0.017,0.017,0,84.66667,85.85714,0,0.06382,High Risk
7.68009,23.8125,0.27576,0.017,80,7.69371,7.68722,-0.03178,23.8125,23.8125,0,0.25797,0.25138,0.0306,0.017,0.017,0,86,87,-11,0.04673,High Risk
7.68009,23.75,0.29581,0.017,92,7.68312,7.68787,-0.00454,23.75,23.76786,0,0.3129,0.31156,-0.0443,0.017,0.017,0,87.66667,85.71429,5,0.08664,High Risk
7.68463,23.75,0.25003,0.017,84,7.68463,7.68398,0,23.72917,23.73214,0.0625,0.2571,0.27431,-0.00396,0.017,0.017,0,84.33333,88.28571,-1,0.0705,High Risk
7.68009,23.75,0.26415,0.017,86,7.68009,7.68074,0,23.75,23.75,0,0.28056,0.27612,-0.04819,0.017,0.017,0,86.33333,86.14286,-4,0.04698,High Risk
7.68463,23.75,0.25902,0.017,85,7.68312,7.68009,0,23.72917,23.71429,0.0625,0.26487,0.27334,-0.0093,0.017,0.017,0,86.33333,87.85714,-5,0.06032,High Risk
7.53483,23.6875,0.27901,0.017,88,7.62713,7.65869,-0.14526,23.72917,23.70536,-0.0625,0.27829,0.27902,-0.00109,0.017,0.017,0,86,87.85714,1,0.13134,Moderate Risk
7.68463,23.625,0.26106,0.017,90,7.6816,7.67361,0.00454,23.625,23.61607,0,0.29087,0.28216,-0.04887,0.017,0.017,0,88.33333,85.85714,5,0.09311,High Risk
7.68009,23.625,0.0183,0.017,90,7.68009,7.68009,0,23.625,23.61607,0,0.0183,0.03699,0,0.017,0.017,0,86.66667,86.42857,9,0.04677,Moderate Risk
7.68009,23.5625,0.0194,0.017,91,7.68009,7.68333,0,23.60417,23.58929,-0.0625,0.1254,0.15569,-0.159,0.017,0.017,0,92,89.57143,2,0.15406,Moderate Risk
7.71187,23.5625,0.028,0.017,89,7.69068,7.68463,0.03178,23.58333,23.57143,0,0.02567,0.02209,0.007,0.017,0.017,0,87.66667,87,-2,0.044,High Risk
7.68009,23.5625,0.0168,0.017,86,7.6816,7.68074,0,23.5625,23.58036,0,0.0168,0.01751,0,0.017,0.017,0,84.66667,87.42857,0,0.02112,Moderate Risk
7.68009,23.5,0.0018,0.017,80,7.6816,7.68074,-0.00454,23.52083,23.54464,-0.0625,0.0346,0.0524,-0.0492,0.017,0.017,0,83.33333,84.57143,-4,0.12752,Moderate Risk
7.68009,23.5625,0.051,0.017,81,7.68009,7.65156,0,23.54167,23.52679,0,0.051,0.03431,0,0.017,0.017,0,81,84,0,0.20936,Moderate Risk
7.68009,23.5,0.0173,0.017,89,7.68009,7.68009,0,23.5,23.50893,0,0.0173,0.02526,0,0.017,0.017,0,84.66667,85.42857,7,0.03916,Moderate Risk
7.68463,23.4375,0.0171,0.017,85,7.6816,7.67815,0.00454,23.45833,23.46429,0,0.0171,0.0171,0,0.017,0.017,0,86.66667,85.57143,1,0.03139,Moderate Risk
7.68009,23.5,0.02216,0.017,82,7.6816,7.68139,-0.00454,23.45833,23.44643,0.0625,0.02216,0.02501,0,0.017,0.017,0,83.33333,83.71429,-3,0.03617,Moderate Risk
7.68009,23.4375,0.02216,0.017,91,7.6816,7.68074,0,23.45833,23.44643,-0.0625,0.02216,0.02574,0,0.017,0.017,0,86,84.57143,9,0.03417,Moderate Risk
7.68009,23.5,0.02216,0.017,94,7.68009,7.69241,0,23.47917,23.46429,0,0.02216,0.02413,0,0.017,0.017,0,91.66667,87.71429,4,0.07777,Moderate Risk
7.68009,23.4375,0.0012,0.017,81,7.6816,7.68139,0,23.45833,23.44643,-0.0625,0.007,0.00694,-0.0006,0.017,0.017,0,84,85.71429,-4,0.03436,Moderate Risk
7.68009,23.4375,0.0018,0.017,84,7.68009,7.68074,-0.01362,23.4375,23.45536,0,0.00887,0.00706,-0.0212,0.017,0.017,0,86.66667,85.85714,-5,0.04994,Moderate Risk
7.68009,23.5,0.0182,0.017,90,7.68009,7.68074,0,23.45833,23.44643,0.0625,0.0167,0.00976,0.006,0.017,0.017,0,87.66667,87,7,0.03111,Moderate Risk
7.68009,23.4375,0.0016,0.017,90,7.6816,7.68074,-0.00454,23.4375,23.4375,0,0.0016,0.00466,0,0.017,0.017,0,85.66667,86,6,0.01961,Moderate Risk
7.68009,23.4375,0.0193,0.017,85,7.68009,7.67944,0,23.39583,23.41071,0.0625,0.04387,0.0298,0,0.017,0.017,0,86.33333,87.28571,-6,0.07587,Moderate Risk
7.68009,23.375,0.0193,0.017,87,7.67858,7.67879,0.00454,23.41667,23.41071,-0.0625,0.0193,0.0298,0,0.017,0.017,0,88.66667,88,-7,0.07687,Moderate Risk
7.68009,23.375,0.0143,0.017,85,7.67858,7.67879,0,23.375,23.38393,0,0.0143,0.01454,0,0.017,0.017,0,89.66667,91.14286,-1,0.02173,High Risk
7.67555,23.4375,0.0143,0.017,90,7.67858,7.67815,-0.00454,23.39583,23.39286,0.0625,0.0143,0.01454,0,0.017,0.017,0,87,90.57143,5,0.02539,Moderate Risk
7.68463,23.375,0.0013,0.017,95,7.68009,7.67944,0.00454,23.35417,23.33929,0.0625,0.00159,0.02629,-0.00044,0.017,0.017,0,87.33333,88.28571,15,0.15324,Moderate Risk
7.67555,23.375,0.0472,0.017,86,7.6695,7.67296,0.02269,23.33333,23.34821,0.0625,0.0472,0.02272,0,0.017,0.017,0,92.66667,94.42857,-7,0.08349,High Risk
7.67555,23.375,0.00134,0.017,101,7.67858,7.67426,-0.00454,23.375,23.36607,0,0.00134,0.04686,0,0.017,0.017,0,100.33333,95.85714,0,0.10834,Moderate Risk
7.67555,23.375,0.01813,0.017,92,7.67404,7.67361,0,23.375,23.375,0,0.01813,0.01815,0,0.017,0.017,0,93,93,3,0.00497,Moderate Risk
7.67102,23.375,0.02216,0.017,91,7.66799,7.67426,-0.00453,23.375,23.375,0,0.02216,0.02216,0,0.017,0.017,0,91.33333,91.42857,5,0.02442,Moderate Risk
7.66648,23.375,0.02216,0.017,87,7.67707,7.67037,-0.01815,23.375,23.375,0,0.02216,0.02216,0,0.017,0.017,0,89.66667,88,-4,0.0192,Moderate Risk
7.6574,23.375,0.02216,0.017,93,7.6574,7.66324,0,23.39583,23.41071,-0.0625,0.02216,0.02216,0,0.017,0.017,0,91.33333,91.71429,2,0.02924,Moderate Risk
7.66648,23.4375,0.02216,0.017,93,7.66194,7.66518,0.00454,23.41667,23.42857,0.0625,0.02216,0.02216,0,0.017,0.017,0,90.33333,86.28571,6,0.03259,Moderate Risk
7.67102,23.5,0.02216,0.017,90,7.67707,7.67102,-0.00907,23.5,23.5,0,0.02216,0.02216,0,0.017,0.017,0,86,83.71429,2,0.01889,Moderate Risk
7.65286,23.5,0.02216,0.017,88,7.66042,7.6574,0.00454,23.5,23.5,0,0.02216,0.02216,0,0.017,0.017,0,87,92.57143,2,0.02965,Moderate Risk
7.68009,23.5625,0.02216,0.017,99,7.66648,7.63405,0.03177,23.5625,23.5625,0,0.02216,0.02413,0,0.017,0.017,0,93.33333,90.85714,7,0.16075,Moderate Risk
7.68009,23.5625,0.00124,0.017,89,7.67102,7.66648,0.01361,23.58333,23.58929,-0.0625,0.01233,0.01503,-0.0005,0.017,0.017,0,88.66667,87.71429,4,0.06213,Moderate Risk
7.66648,23.625,0.00174,0.017,82,7.66648,7.66518,0.00908,23.60417,23.61607,0,0.00174,0.0142,0,0.017,0.017,0,83,86.28571,-2,0.04653,Moderate Risk
7.81174,23.625,0.023,0.017,95,7.71339,7.68658,0.15434,23.625,23.60714,0,0.023,0.01468,0,0.017,0.017,0,94.33333,93.42857,0,0.146,Moderate Risk
7.65286,23.625,0.024,0.017,91,7.6574,7.6587,0,23.64583,23.64286,0,0.024,0.024,0,0.017,0.017,0,87,89.28571,6,0.02778,Moderate Risk
7.66648,23.625,0.024,0.017,88,7.65891,7.65935,0.00908,23.625,23.63393,0,0.024,0.024,0,0.017,0.017,0,90.33333,88.71429,-4,0.02336,Moderate Risk
7.65286,23.6875,0.0185,0.017,96,7.6574,7.66064,0,23.66667,23.66964,0.0625,0.0185,0.0185,0,0.017,0.017,0,95.33333,93.57143,3,0.02981,Moderate Risk
7.66648,23.6875,0.0472,0.017,98,7.66799,7.66194,0,23.6875,23.67857,0,0.03763,0.0267,0,0.017,0.017,0,93,93.57143,8,0.05465,Moderate Risk
7.66648,23.6875,0.0143,0.017,89,7.6695,7.65805,-0.00907,23.70833,23.69643,-0.0625,0.01487,0.01454,-0.0017,0.017,0.017,0,89,91.71429,1,0.08071,Moderate Risk
7.65286,23.75,0.018,0.017,96,7.65286,7.6587,-0.00454,23.75,23.71429,0,0.043,0.064,0,0.017,0.017,0,92,90.85714,9,0.10599,Moderate Risk
7.68009,23.8125,0.0127,0.017,85,7.66648,7.65091,0.01815,23.8125,23.77679,0,0.0127,0.0127,0,0.017,0.017,0,83.33333,85.28571,-5,0.06114,Moderate Risk
7.6574,23.75,0.00174,0.017,90,7.65437,7.65675,0,23.75,23.76786,0,0.05916,0.02635,0,0.017,0.017,0,92.33333,89.57143,-6,0.1565,Moderate Risk
7.66648,23.8125,0.018,0.017,87,7.66799,7.66389,0,23.79167,23.77679,0.0625,0.018,0.018,0,0.017,0.017,0,83,84.71429,5,0.02939,Moderate Risk
7.64832,23.8125,0.00134,0.017,89,7.65286,7.66129,-0.00908,23.8125,23.80357,0,0.00128,0.00302,0.00014,0.017,0.017,0,86,87,5,0.0474,Moderate Risk
7.6574,23.875,0.081,0.017,95,7.66194,7.6347,0,23.83333,23.83036,0.0625,0.081,0.06477,0,0.017,0.017,0,91.33333,92.42857,3,0.18692,Moderate Risk
7.65286,23.8125,0.0013,0.017,83,7.6574,7.66194,0,23.83333,23.83929,-0.0625,0.0013,0.03546,0,0.017,0.017,0,88,90.42857,-7,0.12152,Moderate Risk
7.6574,23.875,0.0013,0.017,83,7.65589,7.65416,0.00908,23.85417,23.83929,0,0.0013,0.0013,0,0.017,0.017,0,83.33333,84.71429,-2,0.02681,Moderate Risk
7.64832,23.875,0.0013,0.017,87,7.65437,7.65545,-0.00908,23.875,23.86607,0,0.0013,0.0013,0,0.017,0.017,0,91.66667,87.42857,-6,0.02067,Moderate Risk
7.66648,23.8125,0.011,0.017,113,7.66345,7.66129,0.00908,23.83333,23.85714,0,0.011,0.011,0,0.017,0.017,0,88.66667,90.71429,46,0.02628,Moderate Risk
7.6574,23.8125,0.01813,0.017,90,7.65589,7.6587,0,23.8125,23.82143,0,0.01338,0.01202,0.00713,0.017,0.017,0,91.33333,98.57143,3,0.02858,Moderate Risk
7.66194,23.875,0.081,0.017,85,7.66345,7.66324,0.00454,23.85417,23.83929,0.0625,0.081,0.06271,0,0.017,0.017,0,89,89.57143,-6,0.09169,Moderate Risk
7.68009,23.8125,0.081,0.017,93,7.66496,7.66518,0.02269,23.8125,23.83929,0,0.081,0.081,0,0.017,0.017,0,93,90.28571,2,0.03464,Moderate Risk
7.65286,23.8125,0.00134,0.017,93,7.64983,7.6561,-0.00454,23.8125,23.82143,0,0.00134,0.00134,0,0.017,0.017,0,90.33333,91.14286,-2,0.03259,Moderate Risk
7.65286,23.8125,0.02216,0.017,90,7.65286,7.65416,-0.00454,23.83333,23.82143,-0.0625,0.02216,0.01919,0,0.017,0.017,0,91.33333,93.28571,1,0.03619,Moderate Risk
7.66648,23.875,0.02216,0.017,90,7.66194,7.65935,0.01362,23.85417,23.85714,0.0625,0.02216,0.02158,0,0.017,0.017,0,91.33333,92.42857,-5,0.03475,Moderate Risk
7.64832,23.875,0.02216,0.017,89,7.65286,7.64897,-0.00454,23.85417,23.83036,0.0625,0.02216,0.02216,0,0.017,0.017,0,88.33333,89.14286,6,0.03713,Moderate Risk
7.65286,23.8125,0.00134,0.017,91,7.64983,7.6587,0.01362,23.85417,23.84821,-0.0625,0.00134,0.00134,0,0.017,0.017,0,94,93,-5,0.05821,Moderate Risk
7.6574,23.875,0.02216,0.017,94,7.6574,7.65675,0.00454,23.875,23.88393,0,0.02216,0.02216,0,0.017,0.017,0,87.33333,87.42857,6,0.03378,Moderate Risk
7.6574,23.875,0.02216,0.017,93,7.65589,7.65545,0,23.875,23.875,0,0.02216,0.02216,0,0.017,0.017,0,91.66667,88.57143,-1,0.0269,Moderate Risk
7.65286,23.9375,0.02216,0.017,96,7.64075,7.63924,0.01816,23.95833,23.94643,0,0.02216,0.02216,0,0.017,0.017,0,90.33333,92.28571,7,0.0437,Moderate Risk
7.612,23.9375,0.02216,0.017,91,7.63319,7.62757,-0.03632,23.9375,23.9375,0,0.02216,0.02216,0,0.017,0.017,0,86.33333,88.57143,9,0.04913,Moderate Risk
7.64832,24,0.02216,0.017,96,7.64832,7.65351,0,23.97917,23.96429,0.0625,0.02216,0.02216,0,0.017,0.017,0,93.66667,90.42857,5,0.03729,Moderate Risk
7.6574,23.9375,0.02216,0.017,93,7.65437,7.65027,0.00454,23.9375,23.95536,0,0.02216,0.02216,0,0.017,0.017,0,92.66667,90.57143,-1,0.0268,Moderate Risk
7.63924,23.9375,0.02216,0.017,83,7.63319,7.64183,0,23.95833,23.96429,0,0.02216,0.02216,0,0.017,0.017,0,91.66667,91.71429,-11,0.04582,Moderate Risk
7.65286,24,0.02216,0.017,93,7.65135,7.65286,0.00454,23.97917,23.95536,0,0.02216,0.02216,0,0.017,0.017,0,93.66667,93.57143,-2,0.03748,Moderate Risk
7.64832,23.9375,0.02216,0.017,95,7.64529,7.65415,0,23.95833,23.98214,0,0.02216,0.02216,0,0.017,0.017,0,94,92.42857,1,0.04869,Moderate Risk
7.64832,24,0.02216,0.017,94,7.64983,7.6561,-0.00454,23.97917,23.98214,0,0.02216,0.02216,0,0.017,0.017,0,94,93.28571,1,0.04613,Moderate Risk
7.63016,24.0625,0.02216,0.017,90,7.64832,7.64702,-0.04993,24.0625,24.05357,0,0.02216,0.02216,0,0.017,0.017,0,86,87.42857,6,0.04725,Moderate Risk
7.6347,24.0625,0.02216,0.017,90,7.64983,7.64961,-0.04539,24.08333,24.0625,-0.0625,0.02216,0.02216,0,0.017,0.017,0,90,86,1,0.06365,Moderate Risk
7.65286,24.0625,0.02216,0.017,91,7.64378,7.64248,0.01362,24.08333,24.08929,0,0.02216,0.02216,0,0.017,0.017,0,92.66667,92.14286,-3,0.04006,Moderate Risk
7.68009,24.0625,0.02216,0.017,89,7.65588,7.65156,0.03177,24.08333,24.08929,-0.0625,0.02216,0.02216,0,0.017,0.017,0,91.33333,90.57143,-3,0.04527,Moderate Risk
7.64832,24.125,0.02216,0.017,93,7.66648,7.65545,-0.0227,24.10417,24.09821,0,0.02216,0.02216,0,0.017,0.017,0,91,90.71429,2,0.04675,Moderate Risk
7.65286,24.1875,0.02216,0.017,93,7.6574,7.65221,-0.02723,24.16667,24.15179,0.0625,0.02216,0.02216,0,0.017,0.017,0,92.33333,87.42857,2,0.04877,Moderate Risk
7.6347,24.1875,0.02216,0.017,86,7.64378,7.65091,-0.00908,24.16667,24.16071,0.0625,0.02216,0.02216,0,0.017,0.017,0,89,91.14286,-4,0.04675,Moderate Risk
7.64832,24.1875,0.02216,0.017,93,7.64983,7.65286,0,24.14583,24.14286,0.0625,0.02216,0.02216,0,0.017,0.017,0,86.66667,87.14286,8,0.02912,Moderate Risk
7.65286,24.1875,0.02216,0.017,85,7.64681,7.65286,0.01362,24.14583,24.16964,0.0625,0.02216,0.02216,0,0.017,0.017,0,86,88.57143,-2,0.03008,Moderate Risk
7.64832,24.1875,0.02216,0.017,92,7.65589,7.65156,-0.00454,24.1875,24.16964,0,0.02216,0.02216,0,0.017,0.017,0,87,87.14286,6,0.03159,Moderate Risk
7.65286,24.1875,0.02216,0.017,87,7.65135,7.65221,0.00454,24.1875,24.17857,0,0.02216,0.02216,0,0.017,0.017,0,88.33333,87.28571,-5,0.02791,Moderate Risk
7.66648,24.125,0.02216,0.017,90,7.65589,7.6561,0.01362,24.125,24.13393,0,0.02216,0.02216,0,0.017,0.017,0,90.33333,90.14286,2,0.02637,Moderate Risk
7.64378,24.1875,0.02216,0.017,90,7.65286,7.65545,-0.01816,24.1875,24.19643,0,0.02216,0.02216,0,0.017,0.017,0,89.66667,90.14286,-2,0.02651,Moderate Risk
7.65286,24.1875,0.02216,0.017,98,7.66043,7.66129,-0.00454,24.1875,24.19643,0,0.02216,0.02216,0,0.017,0.017,0,99,98,-3,0.0324,Moderate Risk
7.65286,24.1875,0.02216,0.017,98,7.65589,7.6574,0.00454,24.1875,24.19643,0,0.02216,0.02216,0,0.017,0.017,0,101.66667,99.71429,-11,0.02568,Moderate Risk
7.6574,24.1875,0.02216,0.017,99,7.65286,7.6561,0.00908,24.1875,24.1875,0,0.02216,0.02216,0,0.017,0.017,0,98.33333,98.71429,3,0.01253,Moderate Risk
7.67555,24.25,0.02216,0.017,100,7.65891,7.65805,0.04993,24.20833,24.21429,0.0625,0.02216,0.02216,0,0.017,0.017,0,98,99.42857,0,0.05124,Moderate Risk
7.65286,24.1875,0.02216,0.017,95,7.65437,7.64767,-0.00908,24.1875,24.19643,0,0.02216,0.02216,0,0.017,0.017,0,96.66667,98.14286,-6,0.06139,Moderate Risk
7.66648,24.1875,0.02216,0.017,103,7.65437,7.65675,0.00908,24.1875,24.1875,0,0.02216,0.02216,0,0.017,0.017,0,103.33333,103.42857,-3,0.01848,High Risk
7.6574,24.125,0.02216,0.017,95,7.65437,7.65805,0,24.16667,24.17857,-0.0625,0.02216,0.02216,0,0.017,0.017,0,96,96.42857,0,0.03663,Moderate Risk
7.66648,24.125,0.02216,0.017,96,7.66194,7.6587,0.00908,24.125,24.13393,0,0.02216,0.02216,0,0.017,0.017,0,94.66667,93.71429,-1,0.02815,Moderate Risk
7.6574,24.125,0.02216,0.017,93,7.66345,7.66323,0.00454,24.125,24.10714,0,0.02216,0.02216,0,0.017,0.017,0,94.66667,95.85714,-6,0.04022,Moderate Risk
7.69825,24.125,0.02216,0.017,97,7.67556,7.67037,0.03631,24.125,24.13393,0,0.02216,0.02216,0,0.017,0.017,0,99,96,-2,0.03875,Moderate Risk
7.67102,24.125,0.02216,0.017,92,7.66497,7.66324,0.01816,24.125,24.125,0,0.02216,0.02216,0,0.017,0.017,0,91.33333,92.57143,1,0.01716,Moderate Risk
7.64378,24.125,0.02216,0.017,92,7.6574,7.66324,-0.0227,24.125,24.125,0,0.02216,0.02216,0,0.017,0.017,0,93.33333,94.28571,-5,0.02206,Moderate Risk
7.6574,24.125,0.02216,0.017,96,7.66799,7.66518,-0.02269,24.10417,24.08929,0.0625,0.02216,0.02216,0,0.017,0.017,0,96.66667,95.57143,0,0.0368,Moderate Risk
7.66648,24.0625,0.02216,0.017,97,7.66497,7.66518,0.00908,24.08333,24.08929,-0.0625,0.02216,0.02216,0,0.017,0.017,0,96.33333,96.42857,1,0.03386,Moderate Risk
7.66648,24.0625,0.02216,0.017,98,7.66345,7.66259,0,24.0625,24.07143,0,0.02216,0.02216,0,0.017,0.017,0,95.33333,96.14286,0,0.0251,Moderate Risk
7.6574,24.0625,0.02216,0.017,97,7.6574,7.65935,0.00454,24.08333,24.07143,0,0.02216,0.02216,0,0.017,0.017,0,94.66667,93.42857,1,0.02067,Moderate Risk
7.66648,24.0625,0.02216,0.017,95,7.66497,7.66518,-0.00454,24.0625,24.07143,0,0.02216,0.02216,0,0.017,0.017,0,95,94.14286,-1,0.02045,Moderate Risk
7.68009,24.0625,0.02216,0.017,96,7.67101,7.66648,0,24.04167,24.02679,0.0625,0.02216,0.02216,0,0.017,0.017,0,96,94.42857,0,0.04238,Moderate Risk
7.68009,24,0.02216,0.017,93,7.67707,7.66583,0,24,23.99107,0,0.02216,0.02216,0,0.017,0.017,0,90.66667,89.28571,0,0.0355,Moderate Risk
7.6574,24,0.02216,0.017,92,7.67253,7.66583,-0.02269,24,23.99107,0,0.02216,0.02216,0,0.017,0.017,0,92.66667,90.57143,-1,0.0355,Moderate Risk
7.65286,23.9375,0.02216,0.017,93,7.66496,7.66194,-0.01362,23.91667,23.91964,0.0625,0.02216,0.02216,0,0.017,0.017,0,93.33333,92,-1,0.03097,Moderate Risk
7.6574,23.9375,0.02216,0.017,94,7.65437,7.65935,0.00908,23.91667,23.91964,0.0625,0.02216,0.02216,0,0.017,0.017,0,90,91.71429,1,0.02994,Moderate Risk
7.68009,23.875,0.02216,0.017,91,7.66345,7.65999,0.01815,23.91667,23.91964,-0.0625,0.02216,0.02216,0,0.017,0.017,0,91.33333,90.85714,1,0.0374,Moderate Risk
7.6574,23.875,0.02216,0.017,91,7.65891,7.65805,-0.00908,23.875,23.90179,0,0.02216,0.02216,0,0.017,0.017,0,90.66667,89,0,0.06897,Moderate Risk
7.6574,23.875,0.02216,0.017,92,7.66194,7.66583,0.00908,23.89583,23.90179,-0.0625,0.02216,0.02216,0,0.017,0.017,0,92,91.57143,1,0.04096,Moderate Risk
7.60746,23.875,0.02216,0.017,83,7.63924,7.65027,-0.04994,23.875,23.875,0,0.02216,0.02216,0,0.017,0.017,0,75.66667,82.85714,19,0.03883,Moderate Risk
7.66648,23.875,0.02216,0.017,90,7.66345,7.65351,0,23.875,23.875,0,0.02216,0.02216,0,0.017,0.017,0,89.66667,83.14286,1,0.04208,Moderate Risk
7.66648,23.8125,0.02216,0.017,90,7.65891,7.65805,0.01362,23.79167,23.80357,0,0.02216,0.02216,0,0.017,0.017,0,86,87.57143,9,0.02953,Moderate Risk
7.6574,23.625,0.75489,0.017,89,7.65891,7.65935,-0.00908,23.66667,23.67857,-0.0625,0.76154,0.76939,-0.0114,0.017,0.017,0,88.33333,89,2,0.07559,High Risk
7.64832,23.6875,0.82584,0.017,86,7.65588,7.6548,0.00908,23.625,23.625,0.0625,0.84053,0.61722,-0.0062,0.017,0.017,0,87,87.71429,-3,0.87772,High Risk
7.6574,23.5625,0.70828,0.017,88,7.65437,7.65481,0.00908,23.52083,23.53571,0.0625,0.69432,0.67041,0.01578,0.017,0.017,0,89,88.71429,-2,0.08394,High Risk
7.64832,23.4375,0.38766,0.017,85,7.64832,7.65027,0.00908,23.45833,23.47321,0,0.38825,0.37621,0.02591,0.017,0.017,0,87.66667,88,-3,0.09214,High Risk
7.66648,23.5,0.56293,0.017,81,7.6574,7.65351,0.01816,23.45833,23.45536,0.0625,0.55107,0.4953,0.02089,0.017,0.017,0,84.66667,84.14286,-10,0.16947,High Risk
7.64832,23.1875,0.76057,0.017,93,7.64983,7.64767,-0.00454,23.14583,23.14286,0.0625,0.74291,0.70641,0.01411,0.017,0.017,0,93.33333,90.42857,-1,0.12939,High Risk
7.6347,23.125,0.64477,0.017,94,7.65588,7.64962,-0.04539,23.125,23.13393,0,0.63266,0.67929,-0.0172,0.017,0.017,0,94.33333,92.85714,0,0.1738,High Risk
7.64832,23.125,0.5802,0.017,95,7.64529,7.64443,0,23.125,23.11607,0,0.60266,0.62031,-0.08677,0.017,0.017,0,95.33333,94.14286,-1,0.12413,High Risk
7.64832,23.0625,0.75207,0.017,92,7.64832,7.64508,0,23.08333,23.08036,-0.0625,0.75791,0.74761,0.01119,0.017,0.017,0,95,96.57143,-5,0.12833,High Risk
7.63016,23,0.67453,0.017,90,7.63167,7.63989,-0.00454,23,23.00893,0,0.58911,0.60438,0.1116,0.017,0.017,0,93.33333,91.85714,-9,0.13146,High Risk
7.62108,23.0625,0.7985,0.017,92,7.61805,7.62692,0.00908,23.04167,23.03571,0.0625,0.73011,0.65181,0.02065,0.017,0.017,0,93,94.28571,-2,0.22415,High Risk
7.63016,23.125,0.56293,0.017,89,7.63016,7.62432,0.00454,23.08333,23.08036,0.0625,0.60162,0.52509,-0.05336,0.017,0.017,0,90,89.71429,-2,0.29689,High Risk
7.60746,23.3125,0.84773,0.017,96,7.60443,7.61005,0,23.27083,23.26786,0.0625,0.78477,0.71405,0.1732,0.017,0.017,0,95,93.14286,1,0.23006,High Risk
7.59384,23.4375,0.19716,0.017,93,7.60443,7.60681,-0.01816,23.41667,23.39286,0.0625,0.19557,0.19471,0.01444,0.017,0.017,0,88.33333,90.71429,2,0.05701,Moderate Risk
7.60746,23.8125,0.64235,0.017,90,7.60746,7.60292,0,23.8125,23.77679,0,0.62409,0.66747,0.09205,0.017,0.017,0,89.66667,89.71429,-3,0.17801,High Risk
7.60746,23.9375,0.53592,0.017,92,7.61805,7.61524,-0.03178,23.91667,23.92857,0.0625,0.5504,0.55351,-0.02066,0.017,0.017,0,91.66667,91.85714,1,0.06906,High Risk
7.53483,23.9375,0.49116,0.017,89,7.5893,7.60422,-0.08171,23.95833,23.97321,-0.0625,0.49619,0.4734,-0.01323,0.017,0.017,0,89,88,-2,0.12867,Moderate Risk
7.58023,24.0625,0.42497,0.017,92,7.60141,7.60681,-0.03177,24.0625,24.05357,0,0.4202,0.39922,-0.00163,0.017,0.017,0,92.33333,92.14286,0,0.09917,Moderate Risk
7.60746,24.0625,0.34142,0.017,90,7.60595,7.60357,0.00454,24.08333,24.07143,0,0.38395,0.40465,-0.07233,0.017,0.017,0,90,91.42857,0,0.09312,High Risk
7.60746,24.6875,1.22585,0.017,106,7.612,7.61395,0,24.66667,24.65179,0,1.10915,1.12123,0.20048,0.017,0.017,0,100,100.71429,9,0.26008,High Risk
7.63924,24.5625,0.46393,0.017,106,7.62562,7.61913,0.03178,24.54167,24.55357,0.0625,0.48499,0.49574,-0.08223,0.017,0.017,0,105.33333,103.28571,-1,0.1633,High Risk
7.62108,24.5,0.89993,0.017,101,7.61805,7.61524,0,24.5,24.48214,0,0.75568,0.73463,0.20482,0.017,0.017,0,105.33333,100.28571,-8,0.20613,High Risk
7.612,24.5,0.43151,0.017,107,7.61049,7.6133,0,24.45833,24.45536,0.0625,0.40085,0.4383,0.05413,0.017,0.017,0,110.66667,111.28571,-5,0.11313,High Risk
7.612,24.4375,0.46041,0.017,107,7.61351,7.61589,-0.00454,24.39583,24.39286,0.0625,0.4513,0.45628,0.00175,0.017,0.017,0,107.33333,104.85714,1,0.11149,High Risk
7.60746,24.375,0.51405,0.017,94,7.61654,7.61913,-0.0227,24.375,24.375,0,0.51475,0.51492,-0.00983,0.017,0.017,0,98.66667,101,-7,0.06776,High Risk
7.61654,24.375,0.52587,0.017,94,7.61503,7.61589,0.00454,24.39583,24.38393,0,0.60199,0.57394,-0.10214,0.017,0.017,0,98,99.85714,-7,0.15267,High Risk
7.61654,24.25,0.89993,0.017,98,7.62411,7.62108,-0.01816,24.27083,24.27679,-0.0625,0.79553,0.73965,0.08025,0.017,0.017,0,96.66667,94,1,0.24391,High Risk
7.62562,24.25,0.54616,0.017,89,7.62259,7.62173,0.00908,24.22917,24.23214,0,0.70544,0.79605,-0.19195,0.017,0.017,0,87.66667,88,6,0.26505,High Risk
7.62108,24.25,0.75207,0.017,85,7.62108,7.62173,0,24.20833,24.1875,0.0625,0.81296,0.76367,-0.11812,0.017,0.017,0,85.33333,83.85714,3,0.20036,High Risk
7.62108,24.0625,0.64477,0.017,93,7.59838,7.60746,0.06809,24.10417,24.11607,-0.0625,0.69403,0.65825,0,0.017,0.017,0,93,90.28571,0,0.25645,High Risk
7.62108,23.9375,0.82584,0.017,90,7.612,7.61395,0.01362,23.97917,23.98214,-0.0625,0.76714,0.72274,0.14877,0.017,0.017,0,91,93.57143,-3,0.21514,High Risk
7.61654,23.875,0.48375,0.017,95,7.61351,7.61135,0.00908,23.875,23.875,0,0.42447,0.35017,0.01627,0.017,0.017,0,91.33333,90.28571,9,0.18421,High Risk
7.60746,23.875,0.45692,0.017,85,7.61049,7.60616,0,23.875,23.85714,0,0.50255,0.51415,-0.00701,0.017,0.017,0,87.33333,88,2,0.16071,High Risk
7.60746,23.8125,0.59125,0.017,91,7.60746,7.60941,-0.00908,23.83333,23.83929,0,0.58643,0.5859,0.03256,0.017,0.017,0,89,89.28571,7,0.15322,High Risk
7.60746,23.875,0.72712,0.017,93,7.60897,7.61848,-0.00454,23.875,23.85714,0,0.70619,0.66361,0.09911,0.017,0.017,0,85.66667,87,8,0.18512,High Risk
7.612,23.75,0.48192,0.017,92,7.60897,7.60487,0.00908,23.72917,23.74107,0,0.5027,0.51397,-0.07677,0.017,0.017,0,89,92,4,0.14499,High Risk
7.60746,23.6875,0.672,0.017,98,7.60746,7.60811,-0.00454,23.6875,23.69643,0,0.72537,0.7073,-0.1265,0.017,0.017,0,94,91.71429,7,0.14731,High Risk
7.60746,23.75,0.62095,0.017,92,7.60443,7.60162,0.00454,23.72917,23.71429,0.0625,0.67319,0.61974,-0.09804,0.017,0.017,0,93.66667,88,-2,0.17223,High Risk
7.59384,23.75,0.78664,0.017,88,7.59838,7.59903,-0.00454,23.75,23.74107,0,0.6881,0.64272,0.137,0.017,0.017,0,88.33333,89.14286,1,0.15666,High Risk
7.59384,23.75,0.75207,0.017,93,7.59384,7.59514,0,23.75,23.75,0,0.68956,0.68515,0.10243,0.017,0.017,0,94,90.28571,-6,0.10355,High Risk
7.59838,23.75,0.672,0.017,87,7.59687,7.59579,0.00454,23.75,23.74107,0,0.73952,0.72622,-0.03628,0.017,0.017,0,87,86.71429,-3,0.16636,High Risk
7.58477,23.75,0.75773,0.017,86,7.59536,7.59125,-0.01815,23.77083,23.78571,0,0.69961,0.64461,0.14376,0.017,0.017,0,83.33333,88.14286,4,0.19835,High Risk
7.59384,23.875,0.51405,0.017,80,7.59233,7.59255,0.01815,23.91667,23.90179,-0.0625,0.50639,0.54962,0.00195,0.017,0.017,0,85.33333,86.85714,-7,0.18383,High Risk
7.58023,23.9375,0.49491,0.017,81,7.58325,7.58282,-0.00907,23.9375,23.9375,0,0.46217,0.45018,0.04146,0.017,0.017,0,83.66667,85.42857,-4,0.06671,Moderate Risk
7.59384,24.375,0.45173,0.017,118,7.60595,7.59838,-0.0227,24.375,24.35714,0,0.46554,0.44495,-0.06819,0.017,0.017,0,114,111.42857,3,0.10423,High Risk
7.58023,24.375,0.45345,0.017,113,7.59687,7.59644,-0.01361,24.375,24.36607,0,0.47503,0.44994,0.00172,0.017,0.017,0,115.33333,112.57143,-5,0.10116,High Risk
7.58477,24.4375,0.45173,0.017,93,7.58779,7.60033,-0.00907,24.47917,24.49107,-0.0625,0.46164,0.4728,-0.0122,0.017,0.017,0,97.66667,96,-8,0.17313,Moderate Risk
7.55299,24.5,0.49303,0.017,98,7.57569,7.57958,-0.02724,24.52083,24.51786,0,0.5051,0.52291,-0.06355,0.017,0.017,0,94.33333,95.14286,7,0.13024,Moderate Risk
7.59384,24.5,0.3702,0.017,94,7.58779,7.58995,0.01815,24.54167,24.51786,-0.0625,0.35396,0.33959,-0.01155,0.017,0.017,0,95,95.85714,-2,0.10821,Moderate Risk
7.58023,24.5,0.29812,0.017,77,7.58325,7.58995,-0.00907,24.52083,24.51786,0,0.32082,0.33018,-0.06224,0.017,0.017,0,88,90.42857,-12,0.11074,Moderate Risk
7.58477,24.5625,0.29466,0.017,88,7.58628,7.58671,-0.00907,24.5625,24.55357,0,0.27839,0.26372,0.01015,0.017,0.017,0,88.66667,89.57143,3,0.07767,Moderate Risk
7.58477,24.625,0.44659,0.017,94,7.58326,7.58542,0,24.60417,24.61607,0,0.50431,0.5612,-0.02625,0.017,0.017,0,94,92.42857,1,0.20087,Moderate Risk
7.58477,24.6875,0.62801,0.017,93,7.58174,7.58153,0.00454,24.70833,24.72321,-0.0625,0.61415,0.73704,0.03452,0.017,0.017,0,95.33333,93.57143,-5,0.2571,High Risk
7.5893,24.875,0.89324,0.017,89,7.58628,7.58671,0.00453,24.83333,24.83929,0.0625,0.79731,0.78836,0.13267,0.017,0.017,0,90,89.28571,4,0.12982,High Risk
7.58023,24.8125,0.77205,0.017,95,7.58326,7.58866,-0.00454,24.85417,24.84821,-0.0625,0.75961,0.78115,0.06377,0.017,0.017,0,94,88.57143,2,0.10983,High Risk
7.58477,24.8125,0.34942,0.017,97,7.58477,7.5906,0,24.83333,24.82143,0,0.34497,0.25247,0.008,0.017,0.017,0,101.33333,101,-5,0.20171,Moderate Risk
7.58477,24.8125,0.35622,0.017,99,7.5893,7.59125,-0.00907,24.83333,24.82143,-0.0625,0.39352,0.33858,-0.08193,0.017,0.017,0,102.66667,99.85714,-4,0.23347,Moderate Risk
7.5893,24.8125,0.62801,0.017,112,7.59082,7.59125,-0.00908,24.83333,24.82143,-0.0625,0.67815,0.8322,-0.09368,0.017,0.017,0,119,121.85714,-10,0.33742,High Risk
7.60746,24.8125,0.32469,0.017,94,7.60141,7.59968,0.00908,24.8125,24.8125,0,0.3153,0.28184,0.02072,0.017,0.017,0,97.33333,95.28571,-9,0.12951,High Risk
7.59384,24.8125,0.59573,0.017,105,7.59989,7.59773,-0.00908,24.8125,24.8125,0,0.67359,0.68931,-0.06874,0.017,0.017,0,99.66667,98.28571,8,0.13848,High Risk
7.59384,24.75,0.57584,0.017,101,7.59687,7.59903,-0.00454,24.75,24.75,0,0.54277,0.48417,0.02968,0.017,0.017,0,96.66667,99.14286,11,0.1392,High Risk
7.5893,24.6875,0.42174,0.017,102,7.59384,7.59708,-0.00454,24.6875,24.67857,0,0.48523,0.4421,-0.09426,0.017,0.017,0,103.33333,102.14286,2,0.13235,High Risk
7.60292,24.6875,0.45345,0.017,110,7.58779,7.59773,0.03631,24.6875,24.6875,0,0.42383,0.43341,0.04599,0.017,0.017,0,109.33333,106,1,0.09262,High Risk
7.59838,24.5625,0.4657,0.017,84,7.59838,7.59903,0.00454,24.60417,24.59821,-0.0625,0.4754,0.55903,-0.02733,0.017,0.017,0,90,90.57143,-9,0.19475,Moderate Risk
7.59838,24.5,0.72169,0.017,91,7.59989,7.59968,-0.00454,24.5,24.5,0,0.67367,0.70482,0.06714,0.017,0.017,0,92.33333,90.85714,-2,0.12615,High Risk
7.60292,24.5,0.70035,0.017,84,7.59687,7.60033,0.01362,24.52083,24.51786,-0.0625,0.69779,0.64964,-0.00793,0.017,0.017,0,85.66667,88.71429,-9,0.21145,High Risk
7.60292,24.3125,0.59573,0.017,97,7.60292,7.60551,0,24.35417,24.36607,-0.0625,0.54845,0.5574,0.1027,0.017,0.017,0,91.33333,92,11,0.12173,High Risk
7.60292,24.1875,0.34407,0.017,85,7.59384,7.60033,0.01815,24.22917,24.21429,-0.0625,0.36826,0.41832,-0.04359,0.017,0.017,0,87.33333,85.71429,-5,0.13718,High Risk
7.59384,24.0625,0.5802,0.017,81,7.59536,7.59838,-0.01816,24.0625,24.08929,0,0.64743,0.70923,-0.08677,0.017,0.017,0,84,85,-7,0.20635,High Risk
7.59838,24.0625,0.63514,0.017,81,7.59384,7.60033,0,24.0625,24.0625,0,0.6296,0.64222,0.0095,0.017,0.017,0,82,83.14286,-1,0.07954,High Risk
7.58477,24,0.53592,0.017,90,7.59233,7.59514,-0.01361,24,24.02679,0,0.5504,0.55351,-0.02066,0.017,0.017,0,86.66667,84,6,0.07057,High Risk
7.60292,24,0.49491,0.017,91,7.59384,7.58282,0.00908,24.02083,24.00893,-0.0625,0.45674,0.46595,0.07478,0.017,0.017,0,87.66667,84.71429,4,0.12903,High Risk
7.59838,24,0.43983,0.017,91,7.5893,7.59255,0.02269,24,24,0,0.41483,0.41882,0.07669,0.017,0.017,0,88,87.14286,0,0.0959,Moderate Risk
7.59838,24,0.40746,0.017,84,7.59233,7.59449,0,24,24,0,0.39794,0.38956,0.05261,0.017,0.017,0,84.33333,84.28571,1,0.08738,Moderate Risk
7.58477,23.9375,0.32721,0.017,85,7.58628,7.58801,-0.00907,23.9375,23.92857,0,0.30547,0.30305,-0.05601,0.017,0.017,0,84.33333,87.14286,-1,0.18063,High Risk
7.58477,23.9375,0.36736,0.017,95,7.58931,7.59514,-0.01361,23.9375,23.91071,0,0.36819,0.36289,0.01929,0.017,0.017,0,87.33333,86.57143,13,0.10056,Moderate Risk
7.58477,23.875,0.5802,0.017,95,7.58931,7.58801,-0.01361,23.875,23.85714,0,0.65182,0.65277,-0.12808,0.017,0.017,0,90.33333,90.42857,9,0.1502,High Risk
7.58023,23.75,0.22837,0.017,93,7.58779,7.58607,-0.00454,23.77083,23.78571,-0.0625,0.22558,0.27466,-0.02363,0.017,0.017,0,88.66667,87.57143,7,0.14303,Moderate Risk
7.58023,23.75,0.8509,0.017,86,7.58023,7.58153,0,23.75,23.75,0,0.7559,0.72907,0.12921,0.017,0.017,0,86,87.71429,1,0.19383,High Risk
7.58023,23.8125,0.70828,0.017,86,7.58628,7.58606,0,23.77083,23.75893,0.0625,0.40025,0.45933,0.31913,0.017,0.017,0,89.33333,88,-10,0.50125,High Risk
7.55753,23.6875,0.41217,0.017,98,7.57266,7.58023,-0.0227,23.70833,23.72321,-0.0625,0.43549,0.43935,-0.08086,0.017,0.017,0,92.66667,92.71429,1,0.15467,Moderate Risk
7.58477,23.6875,0.51796,0.017,109,7.58477,7.58671,-0.00453,23.70833,23.72321,0,0.5266,0.5068,-0.01999,0.017,0.017,0,100.66667,95.85714,12,0.09643,High Risk
7.58477,23.6875,0.37883,0.017,97,7.56964,7.57569,0.04086,23.6875,23.6875,0,0.43265,0.42848,-0.0851,0.017,0.017,0,96,93.14286,-1,0.10463,Moderate Risk
7.58477,23.6875,0.47284,0.017,99,7.57115,7.57699,0,23.6875,23.6875,0,0.43853,0.43344,0.09401,0.017,0.017,0,98,94.28571,2,0.11261,High Risk
7.56661,23.6875,0.47465,0.017,93,7.57872,7.57569,-0.01816,23.6875,23.6875,0,0.44211,0.43889,0.00181,0.017,0.017,0,96.33333,94.85714,-6,0.11941,High Risk
7.57569,23.625,0.47105,0.017,99,7.57872,7.57374,-0.00454,23.66667,23.67857,-0.0625,0.45563,0.45102,0.06824,0.017,0.017,0,96.33333,96.57143,4,0.12619,Moderate Risk
7.59384,23.625,0.45866,0.017,92,7.57266,7.5718,0.02723,23.64583,23.66071,-0.0625,0.51868,0.5318,-0.06721,0.017,0.017,0,93,93,3,0.15241,Moderate Risk
7.58477,23.6875,0.45866,0.017,97,7.58931,7.57763,-0.02269,23.64583,23.66964,0.0625,0.49723,0.50462,-0.09792,0.017,0.017,0,95.66667,94.85714,-1,0.16852,Moderate Risk
7.58477,23.6875,0.49868,0.017,89,7.57872,7.57699,0.01816,23.6875,23.67857,0,0.55674,0.58883,-0.02322,0.017,0.017,0,93.33333,93.42857,-2,0.16305,Moderate Risk
7.58023,23.6875,0.43983,0.017,98,7.56661,7.5692,0.0227,23.6875,23.6875,0,0.43678,0.39497,0.0245,0.017,0.017,0,92.66667,91.71429,13,0.11745,Moderate Risk
7.58023,23.6875,0.46217,0.017,90,7.57115,7.57569,0.01362,23.6875,23.6875,0,0.43352,0.43908,0.00699,0.017,0.017,0,94,91.71429,-6,0.07803,Moderate Risk
7.56207,23.6875,0.46393,0.017,82,7.56661,7.56337,-0.01362,23.6875,23.6875,0,0.4619,0.45893,0.03896,0.017,0.017,0,88.66667,93.71429,-9,0.08969,Moderate Risk
7.55299,23.75,0.36036,0.017,96,7.56358,7.56077,-0.00454,23.75,23.72321,0,0.35255,0.38496,0.0419,0.017,0.017,0,96,94.42857,-1,0.11523,Moderate Risk
7.54845,23.75,0.30993,0.017,90,7.56509,7.56012,-0.05447,23.75,23.75,0,0.30761,0.32863,-0.03149,0.017,0.017,0,89,89.42857,3,0.11585,High Risk
7.57115,23.8125,0.40746,0.017,82,7.55904,7.55818,0.01362,23.8125,23.8125,0,0.38894,0.40104,0.01831,0.017,0.017,0,88.33333,89.14286,-11,0.06393,Moderate Risk
7.57569,23.8125,0.44489,0.017,87,7.55904,7.55494,0.01816,23.8125,23.82143,0,0.39508,0.41045,0.11514,0.017,0.017,0,88,86.57143,0,0.12554,Moderate Risk
7.53483,23.875,0.49491,0.017,94,7.5424,7.54845,-0.00908,23.875,23.85714,0,0.43601,0.43586,0.12329,0.017,0.017,0,95,92.85714,1,0.12091,Moderate Risk
7.55753,23.875,0.39517,0.017,91,7.54694,7.54521,0.01362,23.875,23.875,0,0.43251,0.43862,-0.09974,0.017,0.017,0,92.66667,93,-6,0.11415,Moderate Risk
7.54391,23.9375,0.40127,0.017,87,7.54542,7.54067,-0.00908,23.9375,23.95536,0,0.4006,0.44173,-0.0319,0.017,0.017,0,90,89.42857,-2,0.13874,Moderate Risk
7.53937,24,0.37883,0.017,85,7.54391,7.5478,-0.00454,24,24.00893,0,0.4315,0.41623,-0.0851,0.017,0.017,0,90.33333,89.71429,-8,0.12623,Moderate Risk
7.58023,24,0.49679,0.017,99,7.55602,7.5478,0.03178,24,24.01786,0,0.5096,0.49551,-0.02313,0.017,0.017,0,98.33333,94,2,0.13207,Moderate Risk
7.55299,24,0.39517,0.017,93,7.54996,7.55234,0.00454,24,24,0,0.43996,0.48265,-0.12673,0.017,0.017,0,91.66667,95.42857,1,0.14211,Moderate Risk
7.59838,24.0625,0.42174,0.017,92,7.56207,7.56077,0.04993,24.0625,24.0625,0,0.50607,0.47981,-0.13065,0.017,0.017,0,94.66667,93.57143,-7,0.19873,Moderate Risk
7.53483,24.125,0.01842,0.017,106,7.53937,7.53742,-0.01362,24.125,24.125,0,0.01526,0.26987,0.01044,0.017,0.017,0,102.66667,99.57143,10,0.4915,Moderate Risk
7.54845,24.0625,0.01768,0.017,106,7.54391,7.53872,0.01362,24.10417,24.11607,-0.0625,0.01469,0.19699,-0.00074,0.017,0.017,0,102.66667,101.42857,0,0.47765,Moderate Risk
7.54391,24.125,0.12618,0.017,94,7.5424,7.54196,0.00908,24.125,24.11607,0,0.11089,0.06382,0.01148,0.017,0.017,0,95.33333,96.71429,1,0.12422,Moderate Risk
7.54391,24.125,0.39517,0.017,98,7.53937,7.5465,0.00908,24.125,24.13393,0,0.33646,0.27917,0.05243,0.017,0.017,0,93.33333,92,12,0.21568,Moderate Risk
7.53937,24.625,0.46393,0.017,86,7.5424,7.53937,-0.00908,24.625,24.61607,0,0.51982,0.57,-0.0291,0.017,0.017,0,87,86.57143,-9,0.1627,Moderate Risk
7.55753,24.625,2.04702,0.017,91,7.5424,7.54002,0.0227,24.625,24.625,0,1.77021,1.73917,0.41521,0.017,0.017,0,93.33333,94.42857,-7,0.42754,High Risk
7.53483,24.75,0.38766,0.017,84,7.54088,7.53937,-0.01362,24.75,24.72321,0,0.42872,0.4461,-0.071,0.017,0.017,0,85,88.28571,-2,0.10095,Moderate Risk
7.53937,25.0625,0.3454,0.017,93,7.53634,7.54261,0.00454,25.02083,25.02679,0.0625,0.37012,0.37739,-0.03635,0.017,0.017,0,98,101.85714,-8,0.0784,Moderate Risk
7.55753,25,0.43649,0.017,94,7.55299,7.5504,0.00908,25.04167,25.03571,-0.0625,0.40436,0.37826,0,0.017,0.017,0,97,98.71429,-7,0.11592,Moderate Risk
7.55753,25,0.46041,0.017,89,7.55299,7.56985,0.01816,25.04167,25.05357,-0.0625,0.4638,0.46965,-0.04398,0.017,0.017,0,95.66667,93,-10,0.13937,Moderate Risk
7.53937,25.1875,0.39065,0.017,95,7.54088,7.54715,-0.00908,25.1875,25.19643,0,0.37413,0.37278,0.00299,0.017,0.017,0,93.66667,94.42857,5,0.08862,Moderate Risk
7.54845,25.1875,0.49303,0.017,98,7.54694,7.54586,0,25.22917,25.20536,-0.0625,0.50064,0.49593,-0.00376,0.017,0.017,0,90.66667,92.42857,11,0.07352,Moderate Risk
7.55299,25.4375,0.34011,0.017,94,7.52878,7.54002,0.00454,25.41667,25.41964,0,0.36219,0.38026,-0.02164,0.017,0.017,0,95.66667,96.14286,-2,0.13889,Moderate Risk
7.54391,25.5,0.42823,0.017,80,7.54694,7.54715,0,25.45833,25.4375,0.0625,0.39499,0.37245,0.0129,0.017,0.017,0,86.33333,88,-16,0.11153,Moderate Risk
7.54391,25.5,0.35622,0.017,87,7.54391,7.5504,-0.00454,25.47917,25.48214,0.0625,0.35487,0.38116,-0.00275,0.017,0.017,0,87.33333,89.42857,7,0.11036,Moderate Risk
7.57569,25.5625,0.26832,0.017,112,7.58779,7.57893,-0.04539,25.52083,25.52679,0.0625,0.2737,0.28648,-0.00105,0.017,0.017,0,103,105.14286,16,0.09464,Moderate Risk
7.57115,25.5,0.36595,0.017,110,7.56964,7.57374,0.00908,25.47917,25.49107,0.0625,0.3073,0.32085,0.08255,0.017,0.017,0,110,108.71429,1,0.11355,Moderate Risk
7.56661,25.5,0.35897,0.017,112,7.56358,7.56661,0,25.47917,25.48214,0,0.355,0.32899,0.03176,0.017,0.017,0,111,110.42857,2,0.10937,Moderate Risk
7.56661,25.5,0.32343,0.017,109,7.58325,7.57374,-0.01362,25.5,25.49107,0,0.32216,0.32281,0.02181,0.017,0.017,0,110.66667,111.42857,-2,0.12357,Moderate Risk
7.54845,25.4375,0.37449,0.017,99,7.56358,7.56856,-0.02724,25.47917,25.49107,-0.0625,0.37922,0.36268,-0.02832,0.017,0.017,0,99.66667,100.28571,4,0.09239,Moderate Risk
7.57569,25.5,0.5339,0.017,112,7.56964,7.56856,0.00908,25.47917,25.46429,0.0625,0.56936,0.53665,-0.09411,0.017,0.017,0,111,112.71429,3,0.17457,High Risk
7.55753,25.4375,0.43482,0.017,130,7.5651,7.56207,-0.01816,25.4375,25.44643,0,0.47488,0.4767,-0.05821,0.017,0.017,0,130.33333,130,-1,0.0943,High Risk
7.58023,25.375,0.59349,0.017,126,7.57872,7.57115,0,25.41667,25.42857,-0.0625,0.54456,0.54246,0.01548,0.017,0.017,0,134.33333,134.14286,-7,0.12774,High Risk
7.55753,25.3125,0.37883,0.017,123,7.5545,7.55948,0,25.33333,25.32143,-0.0625,0.39689,0.42233,-0.02398,0.017,0.017,0,121.66667,122.57143,0,0.10213,High Risk
7.55753,25.25,0.09336,0.017,125,7.56661,7.56596,0,25.25,25.25,0,0.09416,0.10142,-0.0016,0.017,0.017,0,125.33333,121.14286,2,0.03781,Moderate Risk
7.55753,25.1875,0.20193,0.017,112,7.5651,7.56985,-0.00454,25.20833,25.19643,-0.0625,0.20188,0.19326,-0.01758,0.017,0.017,0,115.33333,119.57143,-3,0.07897,High Risk
7.57569,25.1875,0.23384,0.017,116,7.56812,7.57309,0.00908,25.1875,25.19643,0,0.23953,0.24036,-0.04408,0.017,0.017,0,115.66667,116.57143,3,0.09551,High Risk
7.55753,25.0625,0.2471,0.017,100,7.57115,7.56985,-0.03631,25.0625,25.05357,0,0.24358,0.23644,0.00766,0.017,0.017,0,102,101.71429,-1,0.06534,Moderate Risk
7.55753,25.0625,0.25499,0.017,102,7.56963,7.57115,0,25.0625,25.0625,0,0.24718,0.23973,0.00789,0.017,0.017,0,101,101.42857,2,0.0534,High Risk
7.55299,25,0.34011,0.017,97,7.56358,7.56337,-0.00908,25.02083,25.01786,0,0.31445,0.30979,0.03732,0.017,0.017,0,96.33333,97.71429,-4,0.09416,Moderate Risk
7.58023,25,0.27042,0.017,102,7.57418,7.57245,0.01362,25,25,0,0.27797,0.27751,-0.01188,0.017,0.017,0,102,102,-1,0.02294,High Risk
7.56661,25,0.26623,0.017,97,7.5651,7.56466,-0.00908,24.95833,24.96429,0.0625,0.28414,0.28035,-0.01717,0.017,0.017,0,102.66667,101.71429,0,0.06766,Moderate Risk
7.56207,24.9375,0.28674,0.017,94,7.56056,7.56077,0.00454,24.9375,24.91964,0,0.29828,0.3018,0.00334,0.017,0.017,0,97,96.71429,-8,0.06505,Moderate Risk
7.56207,24.9375,0.26727,0.017,93,7.56207,7.5718,0,24.89583,24.90179,0.0625,0.29054,0.28945,-0.05367,0.017,0.017,0,97.33333,101,-3,0.10055,Moderate Risk
7.56661,24.875,0.26937,0.017,95,7.56358,7.56402,0.00454,24.89583,24.90179,0,0.28638,0.28956,-0.04786,0.017,0.017,0,97,97.28571,-7,0.0753,Moderate Risk
7.55753,24.875,0.26106,0.017,94,7.56207,7.56337,-0.00908,24.875,24.90179,0,0.28255,0.28715,-0.00831,0.017,0.017,0,97,95.42857,-1,0.08058,Moderate Risk
7.54845,24.875,0.33489,0.017,95,7.55602,7.55948,-0.00908,24.875,24.88393,0,0.30504,0.28776,0.04365,0.017,0.017,0,94.33333,96.14286,0,0.06942,Moderate Risk
7.53483,24.875,0.28786,0.017,95,7.55904,7.55948,-0.04086,24.875,24.875,0,0.29242,0.29329,-0.01142,0.017,0.017,0,98.33333,98.42857,2,0.06073,Moderate Risk
7.55753,24.875,0.28562,0.017,95,7.57871,7.56791,-0.05901,24.89583,24.88393,0,0.28268,0.29358,0.0077,0.017,0.017,0,99.66667,98.42857,-6,0.09587,Moderate Risk
7.56661,24.875,0.30279,0.017,94,7.57871,7.5705,-0.04085,24.875,24.875,0,0.30797,0.30233,-0.00355,0.017,0.017,0,96.66667,98.28571,-7,0.08583,Moderate Risk
7.56661,24.8125,0.25902,0.017,94,7.56661,7.5705,0.00908,24.8125,24.79464,0,0.27667,0.27591,-0.00204,0.017,0.017,0,91.33333,93.14286,5,0.07108,Moderate Risk
7.55753,24.75,0.28898,0.017,91,7.56056,7.55948,0,24.77083,24.78571,0,0.29013,0.29256,-0.00568,0.017,0.017,0,93.66667,96.28571,1,0.03708,Moderate Risk
7.57569,24.75,0.26937,0.017,95,7.57266,7.56142,-0.00454,24.72917,24.73214,0.0625,0.27298,0.27079,0.0021,0.017,0.017,0,94,94.85714,2,0.05485,High Risk
7.54391,24.6875,0.23944,0.017,95,7.56207,7.56661,-0.03178,24.70833,24.73214,0,0.26435,0.26778,-0.01256,0.017,0.017,0,94.66667,95.57143,0,0.0999,Moderate Risk
7.56661,24.6875,0.24905,0.017,96,7.56358,7.56402,0.00454,24.72917,24.72321,-0.0625,0.24423,0.25137,0.00961,0.017,0.017,0,95,96.14286,1,0.06506,Moderate Risk
7.56661,24.8125,0.22657,0.017,93,7.56661,7.56531,0.00908,24.77083,24.75,0.0625,0.22455,0.23444,0.01893,0.017,0.017,0,97,95.71429,-2,0.05698,Moderate Risk
7.56661,24.6875,0.26106,0.017,95,7.55904,7.56077,-0.00908,24.70833,24.71429,-0.0625,0.27307,0.27405,0.00102,0.017,0.017,0,99.66667,98,-6,0.07782,Moderate Risk
7.55753,24.6875,0.27792,0.017,103,7.55602,7.55623,0.00454,24.66667,24.66964,0.0625,0.29751,0.28882,-0.00438,0.017,0.017,0,99.66667,100.57143,4,0.06661,High Risk
7.56661,24.625,0.21951,0.017,94,7.57266,7.56337,-0.00908,24.64583,24.64286,0,0.2355,0.24809,-0.01249,0.017,0.017,0,98,98.71429,-3,0.075,Moderate Risk
7.59838,24.625,0.24039,0.017,92,7.57266,7.56596,0.04085,24.625,24.625,0,0.24392,0.24644,-0.00964,0.017,0.017,0,93,93.28571,-1,0.03893,Moderate Risk
7.55753,24.5625,0.23756,0.017,96,7.56056,7.56401,-0.00454,24.60417,24.58036,-0.0625,0.24426,0.24507,-0.00664,0.017,0.017,0,95,93.71429,3,0.06927,Moderate Risk
7.54845,24.5,0.2471,0.017,97,7.56207,7.56531,-0.02724,24.52083,24.51786,0,0.24517,0.23929,0.01873,0.017,0.017,0,94,95.57143,17,0.0651,Moderate Risk
7.56207,24.5,0.20682,0.017,94,7.54088,7.55753,0.04086,24.5,24.50893,0,0.21441,0.22622,-0.01009,0.017,0.017,0,92,95.28571,-7,0.08907,Moderate Risk
7.57569,24.5,0.23292,0.017,93,7.57871,7.56791,0.01362,24.5,24.49107,0,0.2311,0.24045,0.00455,0.017,0.017,0,96.66667,96.85714,-10,0.08395,Moderate Risk
7.55753,24.5,0.23477,0.017,96,7.55904,7.55818,0,24.5,24.5,0,0.23324,0.24115,0,0.017,0.017,0,98,96.28571,1,0.04986,Moderate Risk
7.54845,24.5,0.19953,0.017,90,7.54845,7.55623,0.01362,24.47917,24.47321,0.0625,0.199,0.20139,0,0.017,0.017,0,94.33333,94.28571,-10,0.05066,Moderate Risk
7.56207,24.5,0.19716,0.017,91,7.55602,7.55883,0.01362,24.5,24.49107,0,0.20037,0.21532,-0.00079,0.017,0.017,0,96.33333,93.14286,-6,0.06852,Moderate Risk
7.54845,24.5,0.19172,0.017,99,7.55753,7.55688,-0.01816,24.45833,24.48214,0.0625,0.20338,0.20751,0.009,0.017,0.017,0,98.66667,96.57143,1,0.07328,Moderate Risk
7.56207,24.4375,0.16859,0.017,95,7.5651,7.56207,-0.00454,24.4375,24.45536,0,0.16198,0.16872,0.01056,0.017,0.017,0,96,96.42857,-6,0.05283,Moderate Risk
7.56661,24.4375,0.17065,0.017,80,7.56964,7.56272,-0.01362,24.41667,24.41964,0.0625,0.17813,0.18055,-0.02107,0.017,0.017,0,88.66667,93,-13,0.04663,Moderate Risk
7.56207,24.4375,0.13041,0.017,95,7.56358,7.56142,0,24.4375,24.40179,0,0.1297,0.13237,0,0.017,0.017,0,93.66667,93,2,0.0394,Moderate Risk
7.56661,24.375,0.14627,0.017,97,7.55904,7.55883,0.01816,24.39583,24.38393,0,0.15105,0.14483,0.00528,0.017,0.017,0,97,98.57143,-4,0.05076,Moderate Risk
7.56207,24.4375,0.11566,0.017,92,7.57266,7.56531,0,24.41667,24.42857,0,0.11734,0.13026,-0.01475,0.017,0.017,0,95.66667,95.57143,-10,0.08734,Moderate Risk
7.56661,24.375,0.23569,0.017,94,7.56964,7.56402,0.00454,24.375,24.36607,0,0.22623,0.21269,0.03214,0.017,0.017,0,96.66667,96,3,0.07137,Moderate Risk
7.57569,24.3125,0.1387,0.017,99,7.56964,7.5705,-0.00454,24.33333,24.33036,-0.0625,0.14619,0.15168,-0.00057,0.017,0.017,0,91.66667,95.14286,13,0.07614,Moderate Risk
7.55753,24.3125,0.20682,0.017,98,7.55299,7.55688,0.00908,24.3125,24.32143,0,0.23442,0.22687,-0.03262,0.017,0.017,0,91.66667,92.14286,14,0.06234,Moderate Risk
7.55753,24.25,0.14747,0.017,91,7.55602,7.55494,0,24.27083,24.28571,0,0.1607,0.18114,-0.01444,0.017,0.017,0,86,90.71429,4,0.08772,Moderate Risk
7.54845,24.3125,0.12258,0.017,100,7.5545,7.55429,-0.00908,24.3125,24.29464,0,0.12681,0.14922,-0.00051,0.017,0.017,0,97.33333,91.14286,7,0.07144,Moderate Risk
7.56207,24.25,0.16061,0.017,90,7.56207,7.56012,0.00454,24.29167,24.30357,-0.0625,0.15732,0.13829,-0.02507,0.017,0.017,0,91,89.28571,3,0.0699,Moderate Risk
7.55753,24.3125,0.20682,0.017,90,7.55299,7.55948,0.00908,24.29167,24.30357,0.0625,0.21641,0.21227,-0.00082,0.017,0.017,0,92.66667,93.14286,-1,0.05201,Moderate Risk
7.54391,24.25,0.26004,0.017,90,7.55299,7.55558,-0.01362,24.22917,24.22321,0.0625,0.28904,0.30379,-0.05352,0.017,0.017,0,89.33333,90,2,0.07723,Moderate Risk
7.55299,24.25,0.26415,0.017,91,7.55753,7.55364,-0.00454,24.20833,24.20536,0.0625,0.27578,0.27056,-0.03281,0.017,0.017,0,94.33333,93.14286,-1,0.06675,Moderate Risk
7.55753,24.125,0.2385,0.017,92,7.57115,7.56012,-0.03631,24.125,24.125,0,0.20787,0.20351,0.04055,0.017,0.017,0,95.33333,93.28571,-9,0.06947,Moderate Risk
7.54845,24.125,0.31234,0.017,96,7.54542,7.55688,0.00454,24.10417,24.10714,0.0625,0.28021,0.27807,0.04819,0.017,0.017,0,90.33333,92.85714,10,0.09261,Moderate Risk
7.56661,24.0625,0.28898,0.017,89,7.55753,7.55429,0.00454,24.0625,24.0625,0,0.28416,0.28469,0.00888,0.017,0.017,0,94.33333,91.85714,-10,0.02353,Moderate Risk
7.55753,24.0625,0.15548,0.017,91,7.55904,7.55169,-0.00454,24.0625,24.0625,0,0.1654,0.18169,0.00801,0.017,0.017,0,97,96.57143,-11,0.0812,Moderate Risk
7.55753,24.0625,0.25499,0.017,90,7.5545,7.55558,0.00908,24.0625,24.0625,0,0.19957,0.17064,0.06931,0.017,0.017,0,95.33333,95,-9,0.09343,Moderate Risk
7.54845,24.0625,0.232,0.017,91,7.5545,7.55429,-0.01362,24.04167,24.03571,0,0.24989,0.23959,-0.00556,0.017,0.017,0,93.66667,94.14286,-7,0.09256,Moderate Risk
7.56661,24.0625,0.26937,0.017,95,7.55753,7.55234,0.00454,24.04167,24.05357,0,0.26025,0.24706,0.00314,0.017,0.017,0,91.66667,93.71429,5,0.06252,Moderate Risk
7.55753,24,0.20274,0.017,83,7.5545,7.56272,0.00908,24,23.99107,0,0.2092,0.20855,0.00715,0.017,0.017,0,91,86.28571,-13,0.07725,Moderate Risk
7.55753,23.9375,0.32469,0.017,80,7.55753,7.55818,0,23.9375,23.9375,0,0.31525,0.29519,0.01596,0.017,0.017,0,80,80.42857,0,0.06068,High Risk
7.55753,23.75,0.35897,0.017,80,7.55602,7.55623,0.00908,23.79167,23.80357,-0.0625,0.4068,0.405,-0.06763,0.017,0.017,0,82.66667,83.57143,-9,0.08456,Moderate Risk
7.54845,23.625,0.38915,0.017,78,7.54391,7.55688,0.01362,23.625,22.22321,0,0.4099,0.43511,-0.04236,0.017,0.017,0,79,78.14286,-1,0.90025,Moderate Risk
7.53483,23.625,0.39668,0.017,81,7.53332,7.51019,0,23.64583,23.63393,-0.0625,0.40375,0.37314,-0.04483,0.017,0.017,0,79.66667,80,3,0.19377,High Risk
7.53483,23.625,0.43649,0.017,80,7.5318,7.53288,0,23.625,23.65179,0,0.43812,0.41934,-0.02921,0.017,0.017,0,79.66667,80,1,0.07346,Moderate Risk
7.52575,23.6875,0.43482,0.017,79,7.52726,7.53029,0,23.64583,23.64286,0.0625,0.41534,0.42158,-0.00333,0.017,0.017,0,79,79.57143,-3,0.08767,Moderate Risk
7.53483,23.625,0.38175,0.017,81,7.53332,7.51797,0,23.625,23.625,0,0.37932,0.39034,0.00292,0.017,0.017,0,78.33333,78.85714,1,0.09393,Moderate Risk
7.52575,23.5625,0.2834,0.017,80,7.5318,7.53224,-0.00908,23.5625,23.5625,0,0.28048,0.28698,0.0022,0.017,0.017,0,79,78.71429,0,0.03741,Moderate Risk
7.52121,23.625,0.28562,0.017,79,7.50457,7.52186,-0.01362,23.58333,23.57143,0.0625,0.29616,0.2965,-0.03161,0.017,0.017,0,79.33333,79.71429,0,0.11452,High Risk
7.53483,23.5625,0.30873,0.017,81,7.5318,7.52381,0.00908,23.5625,23.57143,0,0.30239,0.29126,-0.0085,0.017,0.017,0,82.66667,80.42857,1,0.09044,Moderate Risk
7.54391,23.5625,0.35077,0.017,80,7.53786,7.53353,0.00908,23.5625,23.54464,0,0.37709,0.3736,-0.00959,0.017,0.017,0,80.33333,79.42857,-1,0.09786,Moderate Risk
7.53937,23.5,0.46393,0.017,79,7.53634,7.53418,0.00454,23.52083,23.51786,0,0.46752,0.488,0.00176,0.017,0.017,0,78.33333,77.85714,1,0.09475,High Risk
7.53483,23.5,0.14041,0.017,80,7.53483,7.53807,0,23.5,23.5,0,0.14637,0.188,-0.00408,0.017,0.017,0,80.33333,80.57143,-1,0.12203,Moderate Risk
7.53937,23.4375,0.11614,0.017,78,7.54542,7.55234,0,23.4375,23.4375,0,0.12442,0.12612,-0.01427,0.017,0.017,0,79.33333,80.14286,-3,0.07724,High Risk
7.53483,23.375,0.11094,0.017,81,7.53937,7.54326,-0.01362,23.35417,23.34821,0,0.12285,0.10768,-0.01893,0.017,0.017,0,78.66667,79.42857,10,0.07036,Moderate Risk
7.53937,23.3125,0.09496,0.017,80,7.53634,7.53613,0.00454,23.33333,23.33036,0,0.0939,0.09083,0.0008,0.017,0.017,0,81.66667,79.42857,-5,0.0259,Moderate Risk
7.53483,23.3125,0.06642,0.017,82,7.53483,7.53548,0,23.33333,23.32143,0,0.05965,0.05953,0.01003,0.017,0.017,0,82,81.14286,1,0.02399,Moderate Risk
7.54391,23.3125,0.07869,0.017,87,7.54088,7.53807,0.00454,23.29167,23.30357,0.0625,0.08121,0.08112,0.00398,0.017,0.017,0,82.33333,81,7,0.0308,Moderate Risk
7.53483,23.25,0.07092,0.017,80,7.53634,7.53872,0,23.29167,23.28571,-0.0625,0.07235,0.06868,0.00214,0.017,0.017,0,80,82.85714,0,0.03667,Moderate Risk
7.53483,23.25,0.04562,0.017,79,7.53483,7.53483,0,23.25,23.27679,0,0.04752,0.04902,0.00164,0.017,0.017,0,81.66667,80.85714,-7,0.02455,Moderate Risk
7.53483,23.25,0.05564,0.017,81,7.53332,7.53353,0.00908,23.25,23.25,0,0.05656,0.06014,-0.00151,0.017,0.017,0,83.66667,83.57143,-4,0.0178,Moderate Risk
7.53937,23.25,0.13312,0.017,87,7.53634,7.54067,0.00454,23.27083,23.27679,0,0.14192,0.1361,-0.02363,0.017,0.017,0,83,83.71429,7,0.06471,Moderate Risk
7.53483,23.25,0.29812,0.017,78,7.53483,7.53678,0,23.25,23.25,0,0.30045,0.30247,-0.0035,0.017,0.017,0,80.66667,81.71429,-2,0.01633,Moderate Risk
7.53483,23.25,0.28786,0.017,86,7.53786,7.53742,0,23.25,23.25,0,0.29355,0.29951,-0.01142,0.017,0.017,0,83.33333,81.85714,5,0.02044,Moderate Risk
7.53483,23.25,0.32094,0.017,83,7.53483,7.53678,0,23.22917,23.23214,0,0.2941,0.29031,0.03643,0.017,0.017,0,81.66667,80.57143,3,0.05843,Moderate Risk
7.53483,23.25,0.38618,0.017,88,7.53634,7.53548,0,23.27083,23.28571,0,0.47553,0.38095,-0.08487,0.017,0.017,0,82.66667,81.71429,8,0.29848,Moderate Risk
7.53483,23.3125,0.47284,0.017,82,7.53634,7.53548,0,23.27083,23.28571,0.0625,0.47957,0.55154,0,0.017,0.017,0,80.33333,80,3,0.17723,Moderate Risk
7.54391,23.25,0.49116,0.017,83,7.53937,7.5478,0.01362,23.27083,23.25893,0,0.44817,0.43434,0.1035,0.017,0.017,0,81,80.71429,3,0.15375,Moderate Risk
7.53483,23.25,0.22657,0.017,80,7.55753,7.54715,-0.06355,23.27083,23.27679,-0.0625,0.34013,0.36672,-0.15665,0.017,0.017,0,77.66667,78.85714,9,0.26111,Moderate Risk
7.53483,23.25,0.2801,0.017,79,7.53483,7.54521,0,23.25,23.26786,0,0.29762,0.33087,-0.10608,0.017,0.017,0,80.33333,79,-3,0.21801,Moderate Risk
7.53937,23.3125,0.40746,0.017,81,7.54391,7.54586,0.00454,23.25,23.25893,0.0625,0.36975,0.41046,0.06604,0.017,0.017,0,80.66667,79.57143,1,0.13405,Moderate Risk
7.54845,23.25,0.36878,0.017,78,7.54088,7.53872,0.01362,23.25,23.25,0,0.35658,0.37113,0.054,0.017,0.017,0,79,80.28571,-1,0.08912,Moderate Risk
7.53483,23.3125,0.41533,0.017,82,7.53786,7.53872,0,23.29167,23.27679,0,0.38807,0.36595,0.07391,0.017,0.017,0,80.66667,80.14286,2,0.10249,Moderate Risk
7.53483,23.25,0.29928,0.017,82,7.53937,7.54002,-0.00454,23.27083,23.25893,-0.0625,0.31494,0.33266,-0.00351,0.017,0.017,0,82,80.71429,1,0.08248,Moderate Risk
7.53937,23.3125,0.18126,0.017,80,7.53937,7.54521,-0.00454,23.29167,23.28571,0,0.16151,0.16844,0.04256,0.017,0.017,0,80.33333,81.14286,0,0.09605,Moderate Risk
7.53483,23.3125,0.06109,0.017,81,7.51365,7.52835,0.06355,23.27083,23.24107,0.0625,0.06323,0.05992,-0.00109,0.017,0.017,0,80.33333,80.28571,1,0.08123,Moderate Risk
7.53937,23.1875,0.0804,0.017,83,7.54088,7.54715,0.00454,23.20833,23.22321,-0.0625,0.08133,0.07838,-0.00104,0.017,0.017,0,84,82.85714,1,0.06288,Moderate Risk
7.54845,23.25,0.08005,0.017,81,7.53937,7.54002,0.01362,23.20833,23.22321,0.0625,0.08294,0.08676,0,0.017,0.017,0,80.33333,83.71429,1,0.03827,Moderate Risk
7.54845,23.1875,0.11957,0.017,80,7.54391,7.54326,0.00908,23.1875,23.1875,0,0.11063,0.08055,0.00343,0.017,0.017,0,81.33333,82.42857,-4,0.07022,Moderate Risk
7.59384,23.25,0.13927,0.017,82,7.55601,7.5491,0.05901,23.25,23.23214,0,0.13366,0.12555,-0.00288,0.017,0.017,0,87.33333,85.42857,-7,0.08731,Moderate Risk
7.55753,23.25,0.19481,0.017,99,7.54542,7.55753,0.0227,23.25,23.24107,0,0.21066,0.22751,-0.01037,0.017,0.017,0,98.66667,99.42857,-1,0.10242,Moderate Risk
7.54391,23.1875,0.15867,0.017,89,7.54391,7.54067,-0.00454,23.1875,23.19643,0,0.16732,0.16529,0.00256,0.017,0.017,0,91,90.57143,0,0.04791,Moderate Risk
7.41681,23.125,0.20682,0.017,87,7.497,7.52835,-0.12256,23.125,23.16071,0,0.17797,0.1877,0.05385,0.017,0.017,0,84,89,7,0.16268,Moderate Risk
7.53937,23.1875,0.18126,0.017,90,7.54088,7.54456,-0.00908,23.1875,23.17857,0,0.2056,0.21346,-0.03738,0.017,0.017,0,87.66667,86.85714,-1,0.06472,Moderate Risk
7.53937,23.125,0.22837,0.017,90,7.53786,7.54067,0,23.16667,23.17857,-0.0625,0.2345,0.24095,-0.00919,0.017,0.017,0,84.33333,82.28571,10,0.04143,Moderate Risk
7.53937,23.125,0.20599,0.017,89,7.54542,7.54521,0,23.125,23.13393,0,0.20518,0.18952,0.00325,0.017,0.017,0,86.33333,86.42857,6,0.06195,Moderate Risk
7.54845,23.125,0.1387,0.017,82,7.54694,7.54326,-0.00454,23.125,23.14286,0,0.16563,0.16459,-0.04039,0.017,0.017,0,83,84.14286,-1,0.06446,Moderate Risk
7.54391,23.125,0.15297,0.017,91,7.54391,7.54521,0,23.08333,23.08036,0.0625,0.14492,0.15173,0.02416,0.017,0.017,0,93,91.42857,-2,0.05222,Moderate Risk
7.53937,23.0625,0.47827,0.017,93,7.54088,7.54196,0,23.0625,23.0625,0,0.46685,0.45537,-0.00918,0.017,0.017,0,90.33333,90.71429,0,0.0687,Moderate Risk
7.57569,23.0625,0.46393,0.017,93,7.54996,7.54391,0.04086,23.0625,23.0625,0,0.42838,0.44036,0.05176,0.017,0.017,0,92.33333,91.28571,0,0.08698,Moderate Risk
7.53483,23.0625,0.38175,0.017,86,7.53634,7.53742,0,23.0625,23.05357,0,0.38575,0.39625,0.02,0.017,0.017,0,86.33333,87.85714,0,0.06961,Moderate Risk
7.53483,23.0625,0.43815,0.017,96,7.53786,7.53807,0,23.0625,23.0625,0,0.42027,0.39977,0.05197,0.017,0.017,0,89.33333,88.14286,10,0.06837,Moderate Risk
7.53937,23.0625,0.4266,0.017,85,7.53634,7.54002,0.00454,23.08333,23.0625,-0.0625,0.42554,0.42605,-0.00491,0.017,0.017,0,88.66667,89.71429,-7,0.07402,Moderate Risk
7.53937,23.0625,0.38322,0.017,86,7.53634,7.53872,0.00454,23.0625,23.0625,0,0.25919,0.31261,0.18369,0.017,0.017,0,87.66667,87.85714,-1,0.18888,Moderate Risk
7.53483,23.0625,0.39517,0.017,83,7.53786,7.54002,-0.00454,23.04167,23.03571,0,0.38428,0.38396,0.04032,0.017,0.017,0,87.66667,88.14286,-10,0.0782,Moderate Risk
7.53937,23.0625,0.49303,0.017,93,7.53937,7.53742,0,23.0625,23.0625,0,0.42947,0.3909,0.12425,0.017,0.017,0,92,90.14286,0,0.11527,Moderate Risk
7.53483,23.0625,0.34407,0.017,92,7.53634,7.53483,-0.00454,23.04167,23.04464,0.0625,0.36289,0.40428,-0.0511,0.017,0.017,0,87.66667,88.71429,8,0.13021,Moderate Risk
7.53483,23,0.40903,0.017,85,7.53483,7.53483,0,23,23.00893,0,0.41403,0.39756,-0.05667,0.017,0.017,0,89.66667,89.14286,-8,0.11696,Moderate Risk
7.53483,23,0.35897,0.017,89,7.53634,7.53678,0,23.02083,23.02679,0,0.38453,0.28197,-0.06116,0.017,0.017,0,90.66667,91.14286,-6,0.26993,Moderate Risk
7.54391,23,0.34407,0.017,86,7.54088,7.54261,0.00454,23.02083,23.02679,0,0.3051,0.29505,0.0768,0.017,0.017,0,88.66667,89.14286,-4,0.13298,Moderate Risk
7.53937,23,0.23569,0.017,101,7.53937,7.54391,-0.00454,22.95833,22.97321,0.0625,0.24215,0.22858,-0.0203,0.017,0.017,0,97,96.85714,9,0.13155,High Risk
7.54845,23,0.32218,0.017,100,7.54542,7.5491,0.00908,23,22.98214,0,0.28894,0.24273,0.06316,0.017,0.017,0,97.66667,97.28571,1,0.13481,Moderate Risk
7.55753,22.875,0.40281,0.017,112,7.54996,7.5491,0.00908,22.91667,22.91964,-0.0625,0.43494,0.42129,-0.05936,0.017,0.017,0,111.33333,111.28571,2,0.10423,High Risk
7.53483,22.9375,0.36036,0.017,95,7.53786,7.54002,-0.00908,22.9375,22.92857,0,0.31908,0.3018,0.08567,0.017,0.017,0,97,96.71429,-6,0.08857,Moderate Risk
7.54391,22.9375,0.34807,0.017,97,7.53937,7.53742,0.00908,22.9375,22.92857,0,0.37797,0.36281,-0.04861,0.017,0.017,0,97,99,-2,0.10986,Moderate Risk
7.53937,22.875,0.47284,0.017,87,7.53786,7.53807,0,22.875,22.875,0,0.44177,0.43615,0.00358,0.017,0.017,0,88,88.42857,-4,0.10451,Moderate Risk
7.53483,22.875,0.38915,0.017,86,7.53786,7.53807,-0.00454,22.85417,22.85714,0.0625,0.41984,0.4468,-0.02778,0.017,0.017,0,85.33333,87.71429,1,0.13718,Moderate Risk
7.54391,22.8125,0.5503,0.017,86,7.53634,7.5465,0.01816,22.85417,22.83929,-0.0625,0.5125,0.47942,-0.00209,0.017,0.017,0,87,87.42857,-1,0.16919,High Risk
7.53937,22.8125,0.56506,0.017,83,7.54088,7.54196,0,22.79167,22.80357,0.0625,0.51071,0.49823,0.04118,0.017,0.017,0,83.33333,84,-2,0.10996,High Risk
7.53483,22.8125,0.46748,0.017,80,7.55148,7.5465,-0.01816,22.8125,22.83929,0,0.5016,0.51371,-0.07868,0.017,0.017,0,82,82,0,0.1275,Moderate Risk
7.53483,22.8125,0.44489,0.017,88,7.53937,7.53742,-0.00908,22.79167,22.80357,0,0.48174,0.50206,-0.07899,0.017,0.017,0,85.33333,84.42857,0,0.09518,High Risk
7.53937,22.8125,0.35897,0.017,80,7.54088,7.54002,0,22.8125,22.79464,0,0.35768,0.35438,-0.02278,0.017,0.017,0,80.33333,81.71429,0,0.07141,Moderate Risk
7.56207,22.75,0.35622,0.017,83,7.54996,7.54391,0.0227,22.75,22.75,0,0.37621,0.36317,-0.03443,0.017,0.017,0,82.66667,82,3,0.07741,Moderate Risk
7.60292,22.75,0.30162,0.017,87,7.56055,7.54845,0.05901,22.75,22.78571,0,0.32684,0.32171,-0.03587,0.017,0.017,0,86.66667,88,-4,0.10898,High Risk
7.53937,22.75,0.46393,0.017,81,7.54088,7.54002,0.00454,22.75,22.75893,0,0.47543,0.49755,-0.06194,0.017,0.017,0,84,85.14286,-1,0.0931,Moderate Risk
7.53937,22.75,0.56506,0.017,81,7.5424,7.54132,0,22.72917,22.72321,0,0.50418,0.52127,0.09041,0.017,0.017,0,84,82.57143,0,0.10783,High Risk
7.54391,22.75,0.46393,0.017,80,7.54542,7.53159,0,22.75,22.75,0,0.48407,0.50204,-0.06393,0.017,0.017,0,80.66667,81.57143,0,0.13459,Moderate Risk
7.53937,22.75,0.45866,0.017,86,7.53786,7.53937,0,22.72917,22.74107,0,0.46454,0.47773,-0.00882,0.017,0.017,0,82,81.85714,6,0.09087,Moderate Risk
7.54391,22.75,0.51992,0.017,87,7.54391,7.54002,0.00454,22.72917,22.74107,0,0.51494,0.53166,-0.01196,0.017,0.017,0,85.33333,83.71429,5,0.0916,High Risk
7.53483,22.75,0.49303,0.017,85,7.53786,7.54067,-0.00454,22.75,22.73214,0,0.51337,0.52204,-0.05727,0.017,0.017,0,82,84.14286,4,0.08421,Moderate Risk
7.53937,22.75,0.46926,0.017,89,7.53786,7.53807,0,22.75,22.73214,0,0.47588,0.43492,-0.00719,0.017,0.017,0,83.33333,83.42857,8,0.11518,Moderate Risk
7.57569,22.6875,0.32848,0.017,89,7.54845,7.54326,0.03632,22.66667,22.67857,0,0.31649,0.35906,0.03724,0.017,0.017,0,85.33333,82.42857,9,0.13432,Moderate Risk
7.54391,22.6875,0.26727,0.017,87,7.53937,7.54002,0.00454,22.66667,22.67857,0,0.22735,0.24537,0.0389,0.017,0.017,0,88,88,1,0.08823,Moderate Risk
7.55299,22.6875,0.30162,0.017,93,7.54542,7.54132,0.00908,22.6875,22.67857,0,0.26575,0.25203,0.03435,0.017,0.017,0,88.66667,88.42857,6,0.10511,Moderate Risk
7.54391,22.6875,0.31478,0.017,81,7.54088,7.54002,0.00908,22.66667,22.66964,0,0.26175,0.26009,0.07909,0.017,0.017,0,79,80.14286,6,0.09947,Moderate Risk
7.53483,22.625,0.27042,0.017,82,7.53786,7.53613,0,22.64583,22.66071,0,0.27295,0.27619,-0.00968,0.017,0.017,0,85.66667,82.85714,-8,0.08796,Moderate Risk
7.54391,22.625,0.29581,0.017,87,7.54088,7.53937,0.00908,22.625,22.61607,0,0.28367,0.21316,0.00683,0.017,0.017,0,82.33333,81,7,0.15461,Moderate Risk
7.54391,22.5625,0.40746,0.017,79,7.54088,7.54002,0,22.58333,22.57143,-0.0625,0.39426,0.37251,-0.00471,0.017,0.017,0,79.66667,81,-1,0.09601,Moderate Risk
7.53483,22.5625,0.38618,0.017,80,7.53786,7.53807,0,22.5625,22.57143,0,0.39327,0.38182,0,0.017,0.017,0,80.66667,81,-3,0.08827,Moderate Risk
7.54391,22.5625,0.49868,0.017,83,7.54996,7.54845,-0.01816,22.5625,22.58036,0,0.45442,0.44151,0.09277,0.017,0.017,0,81,80.28571,3,0.10803,Moderate Risk
7.54391,22.5625,0.26727,0.017,80,7.53937,7.53872,0.00908,22.58333,22.59821,0,0.26253,0.30656,-0.02739,0.017,0.017,0,80.33333,81,-1,0.13318,Moderate Risk
7.54845,22.625,0.40591,0.017,80,7.54542,7.54261,0.00908,22.58333,22.57143,0.0625,0.39374,0.37052,-0.00626,0.017,0.017,0,81.66667,80.71429,0,0.12102,Moderate Risk
7.54845,22.5625,0.253,0.017,80,7.53937,7.53937,0.01362,22.54167,22.55357,0.0625,0.25708,0.29212,0.001,0.017,0.017,0,81.66667,81.85714,-5,0.10743,High Risk
7.56207,22.5,0.14157,0.017,82,7.54694,7.54586,0.0227,22.54167,22.54464,-0.0625,0.16947,0.1856,-0.03046,0.017,0.017,0,83.66667,82.85714,-2,0.08415,Moderate Risk
7.54845,22.5,0.16859,0.017,79,7.54542,7.54067,0.00454,22.5,22.50893,0,0.16991,0.17397,0.00798,0.017,0.017,0,81,80.85714,0,0.04693,Moderate Risk
7.53937,22.5,0.13312,0.017,80,7.54088,7.55104,0.00454,22.47917,22.49107,0,0.14568,0.15102,-0.02749,0.017,0.017,0,82,81.14286,-6,0.08849,Moderate Risk
7.53937,22.4375,0.04562,0.017,80,7.54088,7.54196,0.00454,22.4375,22.4375,0,0.05154,0.05289,-0.01204,0.017,0.017,0,80.33333,80.42857,0,0.02388,Moderate Risk
7.53483,22.4375,0.05087,0.017,80,7.53786,7.54456,-0.00454,22.4375,22.4375,0,0.04375,0.03437,0.01021,0.017,0.017,0,80,81,0,0.04741,Moderate Risk
7.54845,22.4375,0.05345,0.017,80,7.54088,7.54067,0.00908,22.4375,22.4375,0,0.052,0.05141,0.00483,0.017,0.017,0,81,80.57143,0,0.01679,Moderate Risk
7.54391,22.4375,0.05539,0.017,85,7.54088,7.54002,0.00454,22.4375,22.4375,0,0.05725,0.05657,-0.00679,0.017,0.017,0,81.66667,81.71429,5,0.01514,Moderate Risk
7.54391,22.4375,0.06028,0.017,82,7.5424,7.54067,0,22.4375,22.4375,0,0.05928,0.05823,0.00489,0.017,0.017,0,82.33333,81.71429,-3,0.0126,Moderate Risk
7.53483,22.4375,0.05844,0.017,75,7.53634,7.53872,-0.00454,22.4375,22.4375,0,0.05767,0.05996,0.00052,0.017,0.017,0,78.33333,80.28571,-5,0.01748,Moderate Risk
7.53937,22.4375,0.06584,0.017,80,7.53786,7.53678,0.00454,22.4375,22.4375,0,0.06183,0.06021,0.0092,0.017,0.017,0,81,79.71429,-3,0.01221,Moderate Risk
7.54391,22.4375,0.05564,0.017,80,7.5424,7.54067,0,22.4375,22.4375,0,0.06046,0.05451,-0.0082,0.017,0.017,0,81.66667,80.57143,0,0.02416,Moderate Risk
7.53937,22.4375,0.48375,0.017,80,7.53634,7.53807,0.01362,22.41667,22.41964,0,0.44926,0.38977,0.07316,0.017,0.017,0,81,81.42857,0,0.18132,Moderate Risk
7.57569,22.375,0.5846,0.017,81,7.55904,7.54845,0.03632,22.33333,22.34821,0.0625,0.60343,0.56642,-0.03402,0.017,0.017,0,80.33333,80.42857,1,0.13885,High Risk
7.53483,22.3125,0.61166,0.017,95,7.5424,7.53548,-0.01362,22.3125,22.32143,0,0.56163,0.52642,0.11863,0.017,0.017,0,89.66667,87,4,0.16765,High Risk
7.53483,22.3125,0.55658,0.017,87,7.53786,7.53742,-0.00454,22.3125,22.3125,0,0.59229,0.60256,-0.10291,0.017,0.017,0,89,89.85714,-2,0.10276,High Risk
7.53937,22.3125,0.63514,0.017,91,7.53786,7.53678,0,22.33333,22.32143,0,0.597,0.57168,0.10728,0.017,0.017,0,93,94.28571,1,0.12211,High Risk
7.54391,22.3125,0.63514,0.017,99,7.53786,7.53807,0.00908,22.3125,22.32143,0,0.5724,0.5486,0.14211,0.017,0.017,0,96,93.42857,7,0.14685,High Risk
7.53937,22.3125,0.56935,0.017,89,7.53937,7.54067,0,22.33333,22.32143,-0.0625,0.55003,0.51344,0.00854,0.017,0.017,0,91.33333,90.42857,-6,0.13063,High Risk
7.53029,22.3125,0.44659,0.017,85,7.53937,7.53742,-0.01362,22.3125,22.3125,0,0.49944,0.49804,-0.1121,0.017,0.017,0,90,89.28571,-9,0.08843,Moderate Risk
7.53483,22.3125,0.46926,0.017,94,7.53483,7.53418,0,22.33333,22.33036,0,0.47785,0.5153,0.02096,0.017,0.017,0,90.33333,89.42857,3,0.15174,High Risk
7.53483,22.3125,0.41375,0.017,85,7.53483,7.53548,0,22.33333,22.33929,0,0.38838,0.39864,0.05753,0.017,0.017,0,84.33333,85.85714,4,0.07888,Moderate Risk
7.53483,22.4375,0.23477,0.017,74,7.5424,7.53483,0,22.4375,22.42857,0,0.2538,0.24924,-0.03885,0.017,0.017,0,80,81.71429,-6,0.08242,Moderate Risk
7.53483,22.4375,0.36736,0.017,82,7.53483,7.53353,0,22.4375,22.4375,0,0.3899,0.36482,-0.01002,0.017,0.017,0,85.66667,83.57143,1,0.11007,Moderate Risk
7.53483,22.4375,0.32594,0.017,80,7.5318,7.53224,0.00454,22.4375,22.4375,0,0.35889,0.36516,-0.06024,0.017,0.017,0,80.33333,81.42857,-1,0.05794,Moderate Risk
7.53483,22.4375,0.41852,0.017,84,7.54845,7.53937,-0.04086,22.4375,22.4375,0,0.38758,0.39481,0.0771,0.017,0.017,0,80.33333,82.57143,7,0.12882,Moderate Risk
7.53483,22.4375,0.43649,0.017,85,7.53483,7.53937,0,22.4375,22.4375,0,0.40058,0.40347,0.08976,0.017,0.017,0,83.33333,82.85714,4,0.1245,Moderate Risk
7.53029,22.4375,0.34142,0.017,82,7.52878,7.52964,0.00908,22.4375,22.4375,0,0.3745,0.39569,-0.06761,0.017,0.017,0,83.33333,83,-5,0.09007,Moderate Risk
7.53483,22.4375,0.43983,0.017,81,7.5318,7.53353,0.00454,22.4375,22.4375,0,0.41797,0.39866,0.0639,0.017,0.017,0,82.66667,84,-1,0.0995,Moderate Risk
7.53029,22.5,0.44489,0.017,80,7.52726,7.5264,-0.00454,22.5,22.48214,0,0.43049,0.44074,0.05871,0.017,0.017,0,80.66667,84.28571,-1,0.11255,Moderate Risk
7.53483,22.5,0.39668,0.017,80,7.52575,7.54002,0.0227,22.52083,22.52679,-0.0625,0.45056,0.4454,-0.09262,0.017,0.017,0,80.66667,81.42857,-1,0.17315,Moderate Risk
7.49398,22.5,0.37883,0.017,85,7.5197,7.52835,-0.04085,22.5,22.52679,0,0.41133,0.43087,-0.061,0.017,0.017,0,85,84.14286,-5,0.13988,High Risk
7.52575,22.5625,0.55658,0.017,88,7.52121,7.52445,0.00454,22.60417,22.61607,-0.0625,0.57319,0.62632,-0.07856,0.017,0.017,0,83.33333,83.28571,6,0.16192,High Risk
7.53483,22.6875,0.33489,0.017,80,7.52726,7.5251,0.00908,22.66667,22.63393,0,0.41547,0.47815,-0.07414,0.017,0.017,0,81.66667,81.14286,-2,0.19822,Moderate Risk
7.52575,22.75,0.34142,0.017,80,7.52272,7.5251,0.00908,22.72917,22.70536,0,0.31808,0.34728,0.0558,0.017,0.017,0,83.33333,82.28571,-6,0.10545,Moderate Risk
7.51213,22.75,0.28562,0.017,85,7.5197,7.52056,-0.00908,22.75,22.72321,0,0.32021,0.32541,-0.04798,0.017,0.017,0,81.66667,82.14286,5,0.09303,Moderate Risk
7.51213,22.75,0.12309,0.017,80,7.51516,7.52121,0,22.75,22.73214,0,0.1281,0.14253,0,0.017,0.017,0,82.33333,84.14286,-6,0.06696,Moderate Risk
7.51667,22.75,0.20599,0.017,80,7.52121,7.51926,-0.00908,22.77083,22.77679,0,0.20709,0.19755,-0.00083,0.017,0.017,0,84,82.28571,-2,0.05975,Moderate Risk
7.53483,22.8125,0.14041,0.017,79,7.5197,7.51926,0.0227,22.77083,22.79464,0.0625,0.12869,0.13473,0.01783,0.017,0.017,0,82.66667,82.42857,-3,0.05081,Moderate Risk
7.53029,22.875,0.0914,0.017,76,7.52272,7.5238,0,22.875,22.83929,0,0.09777,0.11378,-0.00934,0.017,0.017,0,78.66667,80.85714,-4,0.07616,Moderate Risk
7.53029,22.875,0.14449,0.017,81,7.51818,7.52056,0.01362,22.91667,22.92857,-0.0625,0.14691,0.15416,0.00692,0.017,0.017,0,82.33333,82.28571,-4,0.05309,Moderate Risk
7.51213,22.9375,0.09297,0.017,82,7.51818,7.51602,-0.0227,22.9375,22.94643,0,0.09908,0.10755,-0.01432,0.017,0.017,0,85.66667,85.85714,-10,0.05545,Moderate Risk
7.50759,23,0.10595,0.017,83,7.50608,7.51408,-0.00454,23,22.97321,0,0.09664,0.0936,0,0.017,0.017,0,82.33333,82.28571,1,0.05606,Moderate Risk
7.51213,23,0.15297,0.017,85,7.5197,7.51862,-0.0227,23.02083,23.04464,0,0.14659,0.13767,-0.00125,0.017,0.017,0,86.66667,82.85714,-4,0.07885,Moderate Risk
7.51213,23,0.15803,0.017,80,7.51516,7.51797,-0.00908,23,23.02679,0,0.14952,0.14518,0.02046,0.017,0.017,0,81.66667,82.85714,0,0.07272,Moderate Risk
7.52575,23.1875,0.7985,0.017,81,7.5197,7.52186,0.01362,23.1875,23.17857,0,0.69012,0.50714,0.227,0.017,0.017,0,82.33333,82.57143,1,0.39891,High Risk
7.52575,23.4375,0.70035,0.017,80,7.53029,7.5277,0,23.41667,23.40179,0.0625,0.74739,0.75314,-0.0922,0.017,0.017,0,81.66667,83.57143,-5,0.13128,High Risk
7.54391,23.5,0.62801,0.017,96,7.53029,7.5277,0.0227,23.47917,23.45536,0.0625,0.59294,0.58202,0.09814,0.017,0.017,0,91.66667,89.85714,6,0.1232,High Risk
7.53029,23.625,0.57271,0.017,85,7.53786,7.53159,-0.01816,23.58333,23.58929,0.0625,0.78013,0.74304,-0.42765,0.017,0.017,0,86.33333,85.85714,-1,0.31325,High Risk
7.52575,23.625,0.66722,0.017,82,7.52878,7.52899,-0.00908,23.64583,23.64286,-0.0625,0.73771,0.72922,-0.04011,0.017,0.017,0,80.66667,81.71429,2,0.18116,High Risk
7.53483,23.8125,0.22088,0.017,87,7.52726,7.52964,0.00908,23.79167,23.79464,0.0625,0.21841,0.21744,0.00186,0.017,0.017,0,84.66667,84,0,0.03168,Moderate Risk
7.53029,23.8125,0.2538,0.017,93,7.5318,7.5264,-0.00454,23.85417,23.83036,-0.0625,0.25523,0.27064,-0.00536,0.017,0.017,0,92,90.57143,1,0.09019,Moderate Risk
7.52121,23.875,0.43549,0.017,80,7.52424,7.52705,-0.00454,23.875,23.83929,0,0.42746,0.39426,0.01035,0.017,0.017,0,81.33333,84.28571,-2,0.12512,Moderate Risk
7.53029,23.875,0.36469,0.017,87,7.53029,7.52899,0,23.875,23.86607,0,0.36423,0.39834,0.00734,0.017,0.017,0,83.66667,82.28571,4,0.08877,Moderate Risk
7.53483,23.875,0.32801,0.017,90,7.53029,7.53288,0.00908,23.91667,23.92857,-0.0625,0.39366,0.48372,-0.04566,0.017,0.017,0,87,86.71429,5,0.25868,Moderate Risk
7.53483,23.9375,0.46985,0.017,87,7.53029,7.52381,0.01362,23.9375,23.9375,0,0.46308,0.41362,0.00373,0.017,0.017,0,86.66667,85.42857,-3,0.15505,Moderate Risk
7.53029,24,0.42514,0.017,84,7.5318,7.53678,0,24.02083,24.00893,0,0.45549,0.4416,-0.00343,0.017,0.017,0,85.66667,87.42857,-6,0.09412,Moderate Risk
7.53937,24.1875,0.73533,0.017,87,7.53332,7.53159,0.01362,24.125,24.14286,0.125,0.85586,0.83201,-0.17026,0.017,0.017,0,88,87.71429,0,0.19274,High Risk
7.53483,24.3125,0.47739,0.017,97,7.53483,7.53483,0,24.3125,24.3125,0,0.46618,0.48523,0.01865,0.017,0.017,0,96.66667,95.71429,2,0.10289,Moderate Risk
7.53483,24.3125,0.38753,0.017,85,7.53483,7.53483,0,24.29167,24.29464,0.0625,0.39123,0.41205,0,0.017,0.017,0,87.33333,92.85714,2,0.08933,Moderate Risk
7.53483,24.25,0.35302,0.017,99,7.47884,7.51084,0.16796,24.27083,24.26786,0,0.35447,0.39307,0.00144,0.017,0.017,0,96,99.71429,9,0.23066,Moderate Risk
7.53483,24.125,0.10902,0.017,95,7.53786,7.53483,-0.00908,24.14583,24.13393,0,0.12146,0.11046,-0.01923,0.017,0.017,0,93.33333,91.71429,1,0.04714,Moderate Risk
7.53483,24.125,0.17757,0.017,94,7.53483,7.53418,0,24.125,24.125,0,0.17533,0.17386,-0.00155,0.017,0.017,0,91.66667,92.71429,1,0.02242,Moderate Risk
7.53483,24,0.10754,0.017,98,7.53483,7.53224,0,24,24,0,0.11435,0.11751,-0.01844,0.017,0.017,0,96,95.85714,2,0.02471,Moderate Risk
7.53483,23.9375,0.06893,0.017,94,7.53332,7.53288,0.00454,23.97917,23.97321,-0.0625,0.07391,0.08355,-0.00837,0.017,0.017,0,93.66667,92.28571,0,0.04667,Moderate Risk
7.53483,23.9375,0.11408,0.017,89,7.5318,7.53353,0,23.9375,23.9375,0,0.09851,0.09239,0.02083,0.017,0.017,0,93.33333,92.57143,-6,0.02849,Moderate Risk
7.50759,23.9375,0.25916,0.017,86,7.52424,7.52899,-0.02724,23.9375,23.91964,0,0.28699,0.27153,-0.04174,0.017,0.017,0,89.66667,90.71429,-7,0.10042,Moderate Risk
7.53483,23.875,0.55934,0.017,94,7.53483,7.53483,0,23.875,23.85714,0,0.3704,0.30397,0.27653,0.017,0.017,0,92.66667,91.28571,1,0.24183,High Risk
7.53483,23.8125,0.66982,0.017,98,7.5318,7.53418,0.00908,23.8125,23.80357,0,0.6519,0.66909,0.02311,0.017,0.017,0,99.66667,93.28571,-12,0.1234,High Risk
7.47582,23.375,0.64671,0.017,109,7.48944,7.50176,0.00454,23.35417,23.47321,0.0625,0.6442,0.69262,0.00754,0.017,0.017,0,109,105.85714,-1,0.30099,High Risk
7.4622,23.4375,0.66982,0.017,102,7.46523,7.46609,-0.00454,23.4375,23.42857,0,0.74988,0.70789,-0.12162,0.017,0.017,0,100.66667,100.42857,-5,0.12761,High Risk
7.46674,23.5,0.47361,0.017,106,7.46825,7.47063,-0.00908,23.5,23.5,0,0.47615,0.50097,0.00189,0.017,0.017,0,100,97.85714,3,0.10186,High Risk
7.46674,23.5625,0.41335,0.017,98,7.46371,7.46998,0.00454,23.54167,23.51786,0.0625,0.42907,0.45444,0.0131,0.017,0.017,0,96.66667,97.57143,1,0.10955,High Risk
7.45766,23.5625,0.42685,0.017,103,7.45766,7.45961,0,23.5625,23.59821,0,0.44971,0.44427,-0.0582,0.017,0.017,0,100.66667,94.85714,7,0.15234,High Risk
7.46674,23.8125,0.08023,0.017,95,7.46371,7.46479,0,23.79167,23.78571,0.0625,0.37474,0.44593,-0.81301,0.017,0.017,0,103.33333,103.28571,-15,0.89806,Moderate Risk
7.45312,23.9375,0.8045,0.017,105,7.45917,7.45961,-0.00908,23.91667,23.92857,0,0.92675,0.84849,-0.18337,0.017,0.017,0,109.66667,109.28571,-7,0.21508,High Risk
7.45312,23.9375,0.7985,0.017,96,7.45009,7.45442,0.00454,23.95833,23.98214,-0.0625,0.86063,0.85806,0.00298,0.017,0.017,0,102.66667,104.57143,-10,0.1866,High Risk
7.45766,24.25,0.98419,0.017,111,7.46069,7.46544,-0.00454,24.25,24.25893,0,1.04728,1.13914,0.02534,0.017,0.017,0,108.66667,108.85714,-1,0.35817,High Risk
7.53029,24.25,0.99156,0.017,99,7.49398,7.48036,0.06355,24.25,24.25,0,1.07724,1.04201,-0.21172,0.017,0.017,0,102,107.14286,1,0.20466,High Risk
7.47128,24.25,0.94818,0.017,106,7.4622,7.46674,-0.00454,24.25,24.26786,0,0.98688,1.11323,0,0.017,0.017,0,104.66667,106.85714,9,0.36892,High Risk
7.45312,24.5,1.03303,0.017,121,7.46371,7.46804,-0.01816,24.5,24.5,0,1.10172,1.13499,0.01906,0.017,0.017,0,115.33333,114.28571,9,0.25831,High Risk
7.4622,24.8125,0.93414,0.017,98,7.46674,7.4635,0,24.8125,24.78571,0,1.00146,0.98246,-0.21235,0.017,0.017,0,97,98.57143,-10,0.26787,High Risk
7.46674,24.8125,0.96963,0.017,97,7.46825,7.46804,0.00454,24.85417,24.84821,-0.0625,1.0533,1.10108,0.01435,0.017,0.017,0,96.66667,98,7,0.29779,High Risk
7.47128,25,0.62801,0.017,106,7.47431,7.47582,-0.01362,25.04167,25.04464,-0.0625,0.56394,0.57528,0.10214,0.017,0.017,0,99.66667,104.28571,9,0.15565,High Risk
7.47582,25.1875,0.38175,0.017,99,7.47885,7.48555,0,25.16667,25.15179,0.0625,0.38129,0.45769,0.00582,0.017,0.017,0,99.66667,98.71429,-2,0.22079,High Risk
7.51213,25.25,0.67962,0.017,119,7.49398,7.4836,0.02723,25.22917,25.20536,0,0.77618,0.7127,-0.1618,0.017,0.017,0,118,116.57143,1,0.20377,High Risk
7.4849,25.3125,0.50248,0.017,119,7.47733,7.47906,0.00908,25.27083,25.29464,0.0625,0.49997,0.50332,-0.00191,0.017,0.017,0,118.33333,118.14286,0,0.04492,High Risk
7.50759,25.3125,0.65209,0.017,127,7.48944,7.48684,0.03177,25.29167,25.30357,0,0.7517,0.72554,-0.14641,0.017,0.017,0,128.66667,121.71429,-1,0.17628,High Risk
7.47128,25.1875,0.51075,0.017,105,7.47885,7.48425,0,25.22917,25.23214,-0.0625,0.47921,0.47469,0.03714,0.017,0.017,0,109.66667,109,-7,0.129,High Risk
7.47582,25.25,0.84832,0.017,115,7.47733,7.48231,-0.00908,25.25,25.21429,0,0.86591,0.87247,0.05075,0.017,0.017,0,112,107.14286,9,0.15763,High Risk
7.48036,25.1875,0.83857,0.017,113,7.48339,7.4862,-0.00454,25.1875,25.17857,0,0.78127,0.75065,0.13398,0.017,0.017,0,111.33333,110.14286,-1,0.14536,High Risk
7.48036,25.0625,1.07554,0.017,114,7.48944,7.48036,-0.01362,25.10417,25.10714,-0.0625,1.09591,1.10231,-0.18114,0.017,0.017,0,113,115,1,0.28069,High Risk
7.47582,25,1.16052,0.017,112,7.47885,7.48231,0,25.02083,25.00893,0,1.0917,1.01766,0.00878,0.017,0.017,0,116.33333,116.85714,-13,0.28776,High Risk
7.50306,24.9375,1.47813,0.017,101,7.48641,7.4648,0.03178,24.89583,24.88393,0.0625,1.50274,1.55016,-0.00558,0.017,0.017,0,101.66667,105.71429,-2,0.41065,High Risk
7.47582,24.75,1.38641,0.017,112,7.48036,7.47906,-0.00908,24.79167,24.79464,-0.0625,1.42918,1.20115,-0.06415,0.017,0.017,0,108.33333,106,11,0.55498,High Risk
7.47582,24.75,1.17381,0.017,110,7.47733,7.47906,0,24.75,24.76786,0,1.17089,1.11326,0.01769,0.017,0.017,0,107.33333,106.42857,8,0.19215,High Risk
7.47128,24.625,1.19175,0.017,102,7.47582,7.47841,0,24.64583,24.65179,0,1.13652,1.28129,0.09971,0.017,0.017,0,108.33333,110,-10,0.36895,High Risk
7.47128,24.4375,0.99275,0.017,111,7.46977,7.47323,0,24.41667,24.42857,0.0625,1.09006,1.00403,-0.13732,0.017,0.017,0,108,108.71429,-1,0.29006,High Risk
7.46674,24.0625,0.38131,0.017,113,7.46674,7.46739,0.00454,24.08333,24.07143,0,0.36256,0.34102,0.01662,0.017,0.017,0,110.66667,110.85714,1,0.07543,High Risk
7.46674,24.0625,0.35158,0.017,118,7.46523,7.46804,0,24.04167,24.04464,0,0.34547,0.44487,0.01405,0.017,0.017,0,119.33333,118.71429,-3,0.53869,High Risk
7.46674,24,0.37367,0.017,138,7.46825,7.47323,-0.00908,24,24.01786,0,0.61764,0.57948,-0.65771,0.017,0.017,0,139.33333,133.14286,-4,0.64529,High Risk
7.45766,24.0625,0.78231,0.017,118,7.45463,7.4622,0.00908,24.0625,24.05357,0,0.67708,0.78769,0.14563,0.017,0.017,0,119,123.28571,-2,0.54007,High Risk
7.4395,24.4375,0.90212,0.017,127,7.43647,7.43561,0,24.4375,24.4375,0,0.96267,1.56429,-0.18164,0.017,0.017,0,117,114.57143,15,1.91765,High Risk
7.42134,24.6875,0.97768,0.017,112,7.42891,7.43237,-0.01362,24.72917,24.71429,-0.0625,0.99409,1.09576,-0.03035,0.017,0.017,0,114,120.28571,0,0.53209,High Risk
7.4395,25.125,0.95916,0.017,142,7.43647,7.43885,0.00454,25.14583,25.14286,-0.0625,1.0486,1.01293,-0.00368,0.017,0.017,0,136,128.14286,7,0.21316,High Risk
7.43496,25.25,0.99275,0.017,128,7.43345,7.4408,0.00454,25.25,25.25,0,1.05031,1.08075,-0.21722,0.017,0.017,0,121.33333,120,5,0.30888,High Risk
7.48036,25.875,0.71009,0.017,91,7.45615,7.45312,0.04086,25.875,25.875,0,0.76929,0.83637,0.01096,0.017,0.017,0,98.33333,104.71429,-16,0.20675,Moderate Risk
7.45766,26,0.7793,0.017,123,7.45615,7.45766,0,26,26,0,0.84525,0.81675,-0.10567,0.017,0.017,0,120.33333,116.42857,4,0.17077,High Risk
7.47128,25.625,1.15612,0.017,140,7.47431,7.48684,-0.01362,25.60417,25.625,0,1.02121,1.03221,0.18959,0.017,0.017,0,137.66667,135,-9,0.29039,High Risk
7.47582,25.5,1.05928,0.017,122,7.46069,7.46285,0.02724,25.47917,25.49107,0.0625,1.13029,1.1007,0.0279,0.017,0.017,0,125.33333,125.14286,-6,0.22326,High Risk
7.47128,25.4375,1.04723,0.017,142,7.46825,7.46869,0,25.45833,25.46429,0,1.13041,1.13024,-0.01609,0.017,0.017,0,134.66667,127.42857,5,0.2603,High Risk
7.46674,25.1875,1.37598,0.017,188,7.46371,7.4635,0,25.1875,25.21429,0,1.20209,1.20265,0.26719,0.017,0.017,0,165.33333,153,60,0.30245,High Risk
7.46674,25.125,1.37598,0.017,190,7.48792,7.49398,-0.05447,25.08333,25.09821,0.0625,1.19225,1.20194,0.27559,0.017,0.017,0,180.66667,175.57143,47,0.35011,High Risk
7.45766,24.8125,1.08376,0.017,119,7.45917,7.4609,-0.00454,24.83333,24.82143,0,1.1689,1.1488,-0.00414,0.017,0.017,0,118.33333,117.57143,4,0.26676,High Risk
7.43042,24.375,1.10039,0.017,124,7.45312,7.45442,-0.03632,24.35417,24.36607,0.0625,1.15493,1.21943,0.04111,0.017,0.017,0,123.66667,125.42857,0,0.48355,High Risk
7.50306,24.25,1.50621,0.017,135,7.47128,7.46415,0.04994,24.25,24.25893,0,1.31178,1.25448,0.28704,0.017,0.017,0,137.66667,137,-4,0.27499,High Risk
7.46674,24.0625,0.65433,0.017,127,7.46523,7.4609,-0.0227,24.0625,24.05357,0,0.36842,0.52117,0.44172,0.017,0.017,0,121.33333,120.14286,2,0.4821,High Risk
7.4849,24.0625,0.51277,0.017,125,7.46825,7.46479,0.0227,24.0625,24.0625,0,0.62235,0.4953,-0.19732,0.017,0.017,0,126.66667,123.71429,-2,0.43499,High Risk
7.45766,24,1.22845,0.017,115,7.45463,7.45117,0.00454,23.97917,23.95536,0.0625,1.25205,1.3977,-0.02823,0.017,0.017,0,113.66667,113.85714,2,0.44144,High Risk
7.45312,24.5625,0.80375,0.017,121,7.42891,7.45247,0.05901,24.54167,24.51786,0,0.73912,0.72301,0.1939,0.017,0.017,0,122.33333,123.57143,0,0.29985,High Risk
7.44858,24.5625,0.60985,0.017,112,7.45161,7.44923,-0.00908,24.5625,24.55357,0,0.6797,0.65003,-0.20956,0.017,0.017,0,119.66667,121.28571,-13,0.19572,High Risk
7.4395,24.5,0.85159,0.017,112,7.43345,7.4382,0.00908,24.54167,24.53571,-0.0625,0.77027,0.74396,0.20235,0.017,0.017,0,116.33333,117.42857,-7,0.23134,High Risk
7.57569,24.5625,0.61706,0.017,113,7.49095,7.46868,0.09987,24.5625,24.5625,0,0.67951,0.68752,-0.16525,0.017,0.017,0,116,116.14286,-4,0.27422,High Risk
7.4395,24.4375,0.21717,0.017,121,7.45009,7.45053,-0.0227,24.47917,24.48214,-0.0625,0.22439,0.24975,-0.00939,0.017,0.017,0,120,125,10,0.08456,High Risk
7.44404,24.4375,0.30464,0.017,113,7.45009,7.44793,-0.00908,24.4375,24.4375,0,0.36061,0.3281,0.00867,0.017,0.017,0,111,109.71429,6,0.18105,High Risk
7.4395,24.4375,0.41004,0.017,110,7.44404,7.44663,0,24.4375,24.4375,0,0.3818,0.39351,0.08471,0.017,0.017,0,113.33333,111.57143,-6,0.13048,High Risk
7.44404,24.375,0.35302,0.017,105,7.43799,7.44858,0.00454,24.39583,24.39286,0,0.35448,0.373,0.00287,0.017,0.017,0,107,105,-2,0.19704,High Risk
7.44404,24.375,0.32533,0.017,94,7.44404,7.44339,0.00454,24.375,24.38393,0,0.32269,0.32786,0.0066,0.017,0.017,0,99.66667,99.71429,-14,0.0352,Moderate Risk
7.4395,24.375,0.19774,0.017,109,7.44253,7.44339,0,24.375,24.38393,0,0.16981,0.17469,0.03985,0.017,0.017,0,108.66667,108.57143,0,0.07537,High Risk
7.44404,24.375,0.25168,0.017,112,7.44707,7.44793,-0.01362,24.35417,24.35714,0.0625,0.27246,0.25241,0.0021,0.017,0.017,0,111,111.14286,2,0.11345,High Risk
7.4395,24.1875,0.23533,0.017,123,7.44858,7.44793,-0.01816,24.1875,24.19643,0,0.201,0.21788,0.05466,0.017,0.017,0,130,126.14286,-9,0.08848,High Risk
7.44404,24.0625,0.79144,0.017,118,7.44101,7.44209,0.01362,24.0625,24.0625,0,0.78234,0.73258,0.01214,0.017,0.017,0,111,113.28571,6,0.17184,High Risk
7.45312,24,0.62926,0.017,112,7.44555,7.44404,0.01816,23.97917,23.98214,0.0625,0.6268,0.64187,0.00491,0.017,0.017,0,112.66667,109.71429,-1,0.06505,High Risk
7.4395,23.875,0.57046,0.017,106,7.44555,7.4408,-0.00908,23.875,23.875,0,0.57196,0.54659,-0.00225,0.017,0.017,0,108.66667,106,0,0.06948,High Risk
7.43042,23.875,0.60509,0.017,103,7.44101,7.44209,-0.0227,23.875,23.89286,0,0.6147,0.62376,-0.00956,0.017,0.017,0,96,101.57143,5,0.05622,High Risk
7.45766,23.875,0.58869,0.017,112,7.42891,7.43691,0.04085,23.875,23.86607,0,0.59104,0.61702,0.00461,0.017,0.017,0,106.66667,108,9,0.12608,High Risk
7.44858,23.875,0.70459,0.017,109,7.45161,7.45053,-0.01362,23.875,23.85714,0,0.6552,0.68818,0.17322,0.017,0.017,0,100.66667,101.42857,5,0.17805,High Risk
7.44858,23.75,0.43549,0.017,114,7.44404,7.44274,0.00908,23.79167,23.79464,-0.0625,0.59704,0.63841,-0.22913,0.017,0.017,0,114,113,-1,0.21229,High Risk
7.47128,23.6875,0.66982,0.017,114,7.45161,7.44599,0.02724,23.72917,23.72321,-0.0625,0.66463,0.64242,0.00779,0.017,0.017,0,110.66667,110,8,0.08863,High Risk
7.44858,23.6875,0.63917,0.017,116,7.4395,7.44599,0.00908,23.6875,23.71429,0,0.62129,0.56679,0.01482,0.017,0.017,0,111.66667,111.14286,6,0.18057,High Risk
7.45312,23.625,0.6268,0.017,107,7.45312,7.44858,-0.00454,23.625,23.60714,0,0.63091,0.61286,-0.00988,0.017,0.017,0,108.33333,109.42857,-5,0.0719,High Risk
7.43496,23.625,0.67506,0.017,112,7.44707,7.44793,-0.01816,23.58333,23.60714,0.0625,0.60674,0.63582,0.01303,0.017,0.017,0,110.66667,110,6,0.16705,High Risk
7.44858,23.5625,0.55059,0.017,112,7.45009,7.44923,0,23.58333,23.58929,0,0.57445,0.57833,-0.03349,0.017,0.017,0,110.33333,110.42857,7,0.05121,High Risk
7.44404,23.5,0.42005,0.017,105,7.45009,7.45312,-0.00908,23.5,23.50893,0,0.42919,0.41762,-0.01197,0.017,0.017,0,109.66667,108.28571,-7,0.09542,High Risk
7.38957,23.5625,0.46985,0.017,115,7.43194,7.43691,-0.06809,23.54167,23.54464,0.0625,0.49578,0.49039,-0.03486,0.017,0.017,0,110.33333,109.85714,6,0.11476,High Risk
7.45766,23.5,0.57046,0.017,106,7.44707,7.45182,0.00908,23.47917,23.48214,0,0.55794,0.53662,0.01769,0.017,0.017,0,106.66667,108.42857,-3,0.0799,High Risk
7.43042,23.4375,0.43724,0.017,105,7.44555,7.44858,-0.01816,23.4375,23.44643,0,0.42917,0.41618,0.0121,0.017,0.017,0,110.33333,110.71429,-2,0.06216,High Risk
7.45766,23.5,0.76733,0.017,114,7.45615,7.45442,0,23.45833,23.45536,0.0625,0.80313,0.82256,-0.04578,0.017,0.017,0,107.33333,108.71429,12,0.08145,High Risk
7.49398,23.4375,0.7945,0.017,114,7.46674,7.45831,0.0454,23.39583,23.41071,0.0625,0.71576,0.71293,0.01219,0.017,0.017,0,111.33333,111.85714,5,0.20397,High Risk
7.45312,23.4375,0.88157,0.017,115,7.45463,7.45831,-0.00908,23.375,23.38393,0.125,0.86268,0.8432,0.03325,0.017,0.017,0,113,111.42857,-3,0.2548,High Risk
7.45766,23.375,0.83214,0.017,103,7.45312,7.45442,0.00908,23.35417,23.33036,0.0625,0.8258,0.81994,0,0.017,0.017,0,109.66667,108,-9,0.05484,High Risk
7.45312,23.25,0.92667,0.017,100,7.45009,7.45766,0.00454,23.29167,23.28571,-0.0625,0.84966,0.92999,0.26721,0.017,0.017,0,107.33333,105.71429,-10,0.28727,High Risk
7.44858,23.25,0.84506,0.017,115,7.44555,7.44663,0.00454,23.25,23.25,0,0.87173,0.88283,-0.02641,0.017,0.017,0,116.33333,115,-2,0.0639,High Risk
7.44404,23.25,0.90212,0.017,109,7.44707,7.44728,-0.00454,23.25,23.24107,0,0.88175,0.84751,0.01715,0.017,0.017,0,111.33333,112.71429,-6,0.08949,High Risk
7.4395,23.25,1.08376,0.017,109,7.44707,7.44923,-0.01816,23.22917,23.23214,0,0.96935,0.96839,0.26751,0.017,0.017,0,110.66667,111.14286,-5,0.19033,High Risk
7.45312,23.25,1.01964,0.017,106,7.45009,7.45377,0.00454,23.22917,23.23214,0.0625,1.04482,1.03448,-0.01964,0.017,0.017,0,109,109.71429,1,0.23044,High Risk
7.44858,23.3125,0.80375,0.017,107,7.42891,7.43366,0.0227,23.3125,23.30357,0,0.81419,0.80364,-0.01566,0.017,0.017,0,106.66667,105.42857,6,0.08584,High Risk
7.43496,23.5625,0.69371,0.017,110,7.42286,7.422,0.01815,23.54167,23.53571,0,0.68304,0.70237,0.01337,0.017,0.017,0,107.66667,113.85714,4,0.11009,High Risk
7.40773,23.625,0.70733,0.017,126,7.42286,7.41357,-0.04085,23.60417,23.59821,0,0.72033,0.6897,-0.02232,0.017,0.017,0,120.33333,119.85714,3,0.11389,High Risk
7.40319,23.625,0.66722,0.017,112,7.41076,7.41357,-0.01362,23.58333,23.58036,0.0625,0.54904,0.63101,0.18409,0.017,0.017,0,114.33333,114.28571,-7,0.23105,High Risk
7.41681,23.625,0.68566,0.017,121,7.41681,7.4181,-0.01361,23.60417,23.58929,0.0625,0.67598,0.63139,0.0106,0.017,0.017,0,115,114.28571,9,0.23167,High Risk
7.39865,23.75,0.7793,0.017,112,7.40622,7.40643,-0.01362,23.75,23.72321,0,0.76548,0.76662,0.00899,0.017,0.017,0,110.66667,114.71429,1,0.09281,High Risk
7.41681,23.875,0.88837,0.017,120,7.41378,7.40968,0,23.85417,23.84821,0,0.88951,0.87751,0,0.017,0.017,0,120,117.28571,1,0.10938,High Risk
7.40773,23.875,0.83857,0.017,122,7.41832,7.41357,-0.03177,23.875,23.85714,0,0.84184,0.81966,-0.01302,0.017,0.017,0,117,119,12,0.08818,High Risk
7.43496,24.125,0.38131,0.017,107,7.43194,7.4194,0.02269,24.125,24.13393,0,0.4,0.44436,-0.01733,0.017,0.017,0,116.33333,115.57143,-4,0.15757,High Risk
7.43042,24.25,0.19438,0.017,166,7.42739,7.42718,0,24.25,24.24107,0,0.20297,0.19852,-0.01023,0.017,0.017,0,153.66667,155.42857,15,0.06156,High Risk
7.41227,24.375,0.11357,0.017,161,7.41378,7.43107,0,24.33333,24.35714,0.0625,0.1141,0.1189,0.00154,0.017,0.017,0,149.66667,147.28571,17,0.07951,High Risk
7.41227,24.375,0.0886,0.017,125,7.40622,7.41032,0.00908,24.375,24.39286,0,0.09098,0.09169,-0.00336,0.017,0.017,0,118.33333,117.14286,7,0.0312,Moderate Risk
7.40319,24.4375,0.06411,0.017,103,7.4047,7.40578,0.00908,24.41667,24.40179,0,0.06634,0.07012,-0.00285,0.017,0.017,0,110.33333,113.57143,-12,0.0396,Moderate Risk
7.41227,24.4375,0.06047,0.017,109,7.43497,7.41875,-0.06809,24.41667,24.42857,0,0.06047,0.06077,-0.00089,0.017,0.017,0,123.66667,124.14286,-34,0.07036,Moderate Risk
7.40319,24.4375,0.04483,0.017,144,7.40168,7.40449,0.00454,24.45833,24.45536,0,0.05556,0.05778,-0.01476,0.017,0.017,0,144,137.28571,0,0.04233,Moderate Risk
7.39865,24.5,0.04415,0.017,125,7.40773,7.40643,-0.01362,24.5,24.47321,0,0.05483,0.05583,-0.01632,0.017,0.017,0,127,135.85714,-19,0.04687,Moderate Risk
7.42134,24.5,0.06166,0.017,124,7.41075,7.40903,0.02269,24.5,24.47321,0,0.05543,0.05574,0.01751,0.017,0.017,0,131,133,-1,0.05008,Moderate Risk
7.4395,24.625,0.13896,0.017,190,7.44101,7.43431,0,24.625,24.625,0,0.1587,0.16614,-0.00628,0.017,0.017,0,167,168.71429,33,0.07478,High Risk
7.44858,24.6875,0.18862,0.017,159,7.45009,7.44534,-0.00454,24.64583,24.65179,0.0625,0.15843,0.16338,0.04338,0.017,0.017,0,158.33333,155.85714,5,0.07547,High Risk
7.42134,24.6875,0.20115,0.017,192,7.42588,7.43301,0,24.64583,24.63393,0.0625,0.18574,0.17435,0.01734,0.017,0.017,0,166.33333,172.42857,37,0.05939,High Risk
7.40319,24.75,0.73533,0.017,132,7.41227,7.41292,-0.01815,24.75,24.73214,0,0.6336,0.61677,0.11827,0.017,0.017,0,119,112.71429,21,0.20134,High Risk
7.39865,24.75,0.51277,0.017,118,7.41076,7.41162,-0.01816,24.75,24.75893,0,0.54195,0.47275,-0.14156,0.017,0.017,0,123.66667,120.57143,-1,0.20484,High Risk
7.42134,24.875,0.38131,0.017,115,7.41983,7.41875,0,24.85417,24.83036,0,0.37825,0.38027,0.00764,0.017,0.017,0,122.33333,127.14286,-4,0.05081,High Risk
7.42134,24.8125,0.87147,0.017,150,7.42286,7.42977,-0.00908,24.8125,24.8125,0,0.86481,0.87687,0.01331,0.017,0.017,0,157.66667,163.42857,0,0.07437,High Risk
7.43496,24.8125,0.6342,0.017,175,7.42286,7.43172,0.02269,24.8125,24.82143,0,0.79238,0.80298,-0.23392,0.017,0.017,0,161,158.42857,29,0.2822,High Risk
7.41227,24.8125,0.71285,0.017,154,7.4395,7.43042,-0.01815,24.8125,24.82143,0,0.8603,0.86339,-0.24265,0.017,0.017,0,166.33333,166.28571,-15,0.20606,High Risk
7.42134,24.75,1.45056,0.017,161,7.42134,7.42329,0.00907,24.75,24.75,0,1.52617,1.56905,-0.10166,0.017,0.017,0,171.66667,180.14286,-4,0.14047,High Risk
7.44404,24.6875,1.46704,0.017,176,7.44707,7.43496,-0.00454,24.66667,24.65179,0.0625,1.45608,1.3924,0.00551,0.017,0.017,0,183.33333,184.28571,-6,0.32511,High Risk
7.4395,24.5625,1.37598,0.017,195,7.43194,7.43237,0,24.60417,24.58929,-0.0625,1.34714,1.33455,0.02061,0.017,0.017,0,195,187.57143,-3,0.08953,High Risk
7.43042,24.5,1.20997,0.017,170,7.43496,7.42783,-0.00454,24.52083,24.51786,-0.0625,1.17408,1.15821,0.05823,0.017,0.017,0,170.33333,167.28571,-6,0.08303,High Risk
7.43042,24.5,1.4128,0.017,175,7.43042,7.42912,0,24.5,24.5,0,1.38308,1.36584,0.042,0.017,0.017,0,156,159,28,0.05904,High Risk
7.43042,24.5,1.22845,0.017,166,7.41983,7.4181,0.01361,24.5,24.49107,0,1.13971,1.21777,-0.01403,0.017,0.017,0,155.33333,156,21,0.27231,High Risk
7.56207,24.375,1.46704,0.017,145,7.47128,7.44145,0.13165,24.375,24.375,0,1.47637,1.48619,0.00551,0.017,0.017,0,146.66667,154.42857,-5,0.14345,High Risk
7.43042,24.3125,0.92312,0.017,159,7.42588,7.42458,0.01361,24.3125,24.3125,0,0.94594,0.95879,-0.03972,0.017,0.017,0,162.33333,162.42857,-6,0.04889,High Risk
7.39411,24.1875,1.03138,0.017,128,7.41681,7.42329,-0.0227,24.1875,24.1875,0,1.04331,1.01342,-0.0079,0.017,0.017,0,132,142.57143,14,0.22516,High Risk
7.44404,23.9375,0.74972,0.017,147,7.43799,7.43302,0.01362,23.9375,23.92857,0,0.832,0.86957,0,0.017,0.017,0,134.33333,143.42857,19,0.27377,High Risk
7.41681,23.875,1.3708,0.017,123,7.4153,7.43367,0,23.91667,23.91071,-0.0625,1.43496,1.42446,-0.09624,0.017,0.017,0,125.33333,136.42857,-1,0.19797,High Risk
7.39411,24.5,1.25193,0.017,144,7.39108,7.39216,0.00454,24.5,24.45536,0,1.19544,1.19797,0.07366,0.017,0.017,0,142,137,1,0.09782,High Risk
7.38957,24.8125,1.45056,0.017,131,7.38957,7.39022,0,24.79167,24.76786,0,1.41129,1.38254,0.06415,0.017,0.017,0,134.33333,132.71429,-3,0.11698,High Risk
7.38957,25,1.00036,0.017,138,7.39108,7.38892,0,25.02083,25.00893,-0.0625,1.01713,1.02023,-0.01928,0.017,0.017,0,137.66667,135.14286,0,0.03727,High Risk
7.38957,25.125,0.62926,0.017,123,7.40016,7.39994,-0.03177,25.10417,25.08036,0,0.63093,0.63247,-0.00991,0.017,0.017,0,126,131.42857,-17,0.06137,High Risk
7.41227,25.1875,0.38441,0.017,115,7.39865,7.39541,0.0227,25.1875,25.20536,0,0.38133,0.37118,0.0077,0.017,0.017,0,124.33333,128.28571,-13,0.09947,High Risk
7.40319,25.3125,0.1347,0.017,131,7.40773,7.40254,-0.00454,25.3125,25.29464,0,0.13632,0.13766,-0.00121,0.017,0.017,0,129.33333,129.57143,2,0.03233,High Risk
7.4395,25.3125,0.12318,0.017,133,7.41227,7.40384,0.04539,25.3125,25.30357,0,0.12284,0.13231,0.00382,0.017,0.017,0,130.66667,128.57143,2,0.0782,High Risk
7.39411,25.3125,0.11722,0.017,129,7.40016,7.40254,0,25.3125,25.3125,0,0.1004,0.09267,0.0231,0.017,0.017,0,128,125.85714,1,0.04307,High Risk
7.41227,25.1875,0.24134,0.017,115,7.41076,7.40708,0.00454,25.16667,25.16071,0.0625,0.27594,0.29227,-0.01034,0.017,0.017,0,114.66667,117.14286,-1,0.10777,High Risk
7.39411,24.9375,0.53983,0.017,129,7.40016,7.39865,-0.00908,24.97917,24.98214,-0.0625,0.44152,0.4041,0.13797,0.017,0.017,0,128.66667,127,1,0.14456,High Risk
7.39865,24.4375,0.28786,0.017,117,7.42135,7.40838,-0.06809,24.4375,24.4375,0,0.79084,0.95338,-1.50893,0.017,0.017,0,116,115.42857,3,1.36725,High Risk
7.43042,24.3125,1.46704,0.017,123,7.41529,7.41681,0.01815,24.3125,24.30357,0,1.39275,1.34268,0.13703,0.017,0.017,0,122.66667,123.14286,0,1.01923,High Risk
7.41227,24.1875,0.028,0.017,121,7.40319,7.40189,0.00908,24.1875,24.1875,0,0.02567,0.02331,0,0.017,0.017,0,119.33333,117.42857,3,0.02431,Moderate Risk
7.40319,24.1875,0.0168,0.017,123,7.40622,7.40319,-0.01362,24.1875,24.19643,0,0.01847,0.02019,-0.0025,0.017,0.017,0,122.33333,124,2,0.03179,Moderate Risk
7.39865,24.125,0.011,0.017,125,7.41681,7.40838,-0.04993,24.125,24.13393,0,0.011,0.02397,0,0.017,0.017,0,125,124.85714,0,0.09171,Moderate Risk
7.40319,24.0625,0.0113,0.017,123,7.39865,7.39995,0.00454,24.08333,24.08036,-0.0625,0.0113,0.0113,0,0.017,0.017,0,123.66667,124.85714,0,0.02883,High Risk
7.39865,24,0.0142,0.017,123,7.3926,7.39606,0,24.02083,24.04464,-0.0625,0.0142,0.0142,0,0.017,0.017,0,122.66667,125.85714,3,0.02994,Moderate Risk
7.40319,24.0625,0.0172,0.017,126,7.40168,7.41097,0.00454,24.0625,24.02679,0,0.0372,0.02913,-0.03,0.017,0.017,0,125,123.28571,1,0.08251,Moderate Risk
7.38957,24,0.0013,0.017,126,7.39562,7.398,-0.01362,24.02083,24.02679,0,0.01233,0.01944,-0.0171,0.017,0.017,0,121.33333,120.57143,0,0.05505,Moderate Risk
7.39411,24,0.032,0.017,125,7.39411,7.39865,0,23.97917,23.99107,0.0625,0.032,0.032,0,0.017,0.017,0,120,121.14286,1,0.02568,Moderate Risk
7.40319,24,0.061,0.017,125,7.4047,7.40189,0.00908,23.97917,23.99107,0.0625,0.061,0.02926,0,0.017,0.017,0,127,126.57143,-3,0.09162,High Risk
7.39865,24,0.0174,0.017,126,7.40016,7.40449,0,23.97917,23.96429,0.0625,0.02483,0.02584,-0.0057,0.017,0.017,0,124.33333,122.42857,3,0.06771,Moderate Risk
7.39865,23.9375,0.02216,0.017,118,7.39865,7.41227,0,23.95833,23.94643,-0.0625,0.01915,0.02413,0.00486,0.017,0.017,0,114,115.28571,3,0.08043,Moderate Risk
7.40319,23.9375,0.0197,0.017,127,7.40319,7.40903,-0.00454,23.91667,23.90179,0,0.00755,0.00877,0.0185,0.017,0.017,0,130.66667,119.57143,-6,0.07133,Moderate Risk
7.41681,23.875,0.0129,0.017,121,7.42135,7.41227,0.01362,23.875,23.875,0,0.00546,0.00333,0.01116,0.017,0.017,0,122,120.85714,-3,0.03854,Moderate Risk
7.41227,23.8125,0.0127,0.017,118,7.41076,7.40578,0,23.79167,23.78571,0,0.0127,0.02749,0,0.017,0.017,0,119.33333,115.71429,-3,0.06828,Moderate Risk
7.41227,23.8125,0.016,0.017,106,7.41378,7.41486,0,23.8125,23.80357,0,0.0138,0.01317,0.0033,0.017,0.017,0,110.66667,115,-12,0.02899,Moderate Risk
7.40319,23.8125,0.02216,0.017,123,7.40622,7.40643,-0.01362,23.77083,23.75893,0.0625,0.02216,0.03177,0,0.017,0.017,0,122.66667,120.85714,1,0.05915,High Risk
7.41227,23.6875,0.0143,0.017,114,7.41076,7.40578,-0.00454,23.72917,23.73214,-0.0625,0.0143,0.05241,0,0.017,0.017,0,111.33333,112.71429,-1,0.09924,Moderate Risk
7.39865,23.6875,0.0143,0.017,113,7.4047,7.40449,-0.00454,23.72917,23.73214,-0.0625,0.0143,0.01454,0,0.017,0.017,0,114.33333,115.14286,-2,0.03012,Moderate Risk
7.38957,23.6875,0.018,0.017,121,7.39714,7.39735,-0.00908,23.6875,23.6875,0,0.018,0.02871,0,0.017,0.017,0,117.33333,114.85714,9,0.06923,Moderate Risk
7.38957,23.6875,0.0143,0.017,121,7.39411,7.39476,-0.00454,23.6875,23.69643,0,0.0143,0.01589,0,0.017,0.017,0,121.66667,117,-2,0.02203,Moderate Risk
7.4395,23.6875,0.018,0.017,126,7.41075,7.40384,0.04085,23.66667,23.66964,0.0625,0.018,0.01829,-0.0005,0.017,0.017,0,120.33333,121.14286,8,0.04853,High Risk
7.39411,23.6875,0.0013,0.017,128,7.39714,7.39606,0,23.64583,23.65179,0.0625,0.00145,0.02622,0,0.017,0.017,0,118.33333,119.85714,9,0.15733,Moderate Risk
7.38957,23.625,0.018,0.017,125,7.39562,7.39541,-0.00454,23.625,23.63393,0,0.018,0.00846,0,0.017,0.017,0,120.33333,119.85714,1,0.0383,Moderate Risk
7.40773,23.625,0.011,0.017,141,7.40168,7.4006,0.00454,23.60417,23.59821,0.0625,0.011,0.011,0,0.017,0.017,0,142,138.28571,-3,0.03316,Moderate Risk
7.39411,23.5625,0.081,0.017,126,7.40319,7.40124,-0.02723,23.5625,23.57143,0,0.03833,0.02614,0.064,0.017,0.017,0,138,134.85714,-18,0.08355,Moderate Risk
7.39865,23.625,0.02216,0.017,126,7.39562,7.39606,0.00454,23.58333,23.58929,0.0625,0.02216,0.02216,0,0.017,0.017,0,127.33333,128.57143,-2,0.02557,Moderate Risk
7.40773,23.5625,0.01813,0.017,144,7.41529,7.40773,-0.02723,23.58333,23.58929,0,0.01813,0.01813,0,0.017,0.017,0,137.33333,132.85714,16,0.04184,Moderate Risk
7.39411,23.5625,0.02216,0.017,137,7.39411,7.39606,0,23.5625,23.5625,0,0.02216,0.02216,0,0.017,0.017,0,138.66667,139.85714,-3,0.01373,Moderate Risk
7.40319,23.5625,0.02216,0.017,138,7.39714,7.40319,0.00908,23.5625,23.5625,0,0.02216,0.02216,0,0.017,0.017,0,138.33333,136.14286,0,0.02513,Moderate Risk
7.38957,23.5625,0.02216,0.017,126,7.38957,7.39087,0,23.5625,23.5625,0,0.02216,0.02216,0,0.017,0.017,0,124.66667,126,0,0.00443,Moderate Risk
7.39411,23.5625,0.02216,0.017,128,7.39108,7.39087,0.00454,23.58333,23.57143,0,0.02216,0.02216,0,0.017,0.017,0,119.33333,122.57143,15,0.01624,High Risk
7.38957,23.625,0.02216,0.017,138,7.40319,7.39865,-0.03177,23.58333,23.57143,0.0625,0.02216,0.02216,0,0.017,0.017,0,130,128.71429,1,0.03405,Moderate Risk
7.38957,23.625,0.02216,0.017,113,7.38957,7.39087,0,23.625,23.625,0,0.02216,0.02216,0,0.017,0.017,0,120,121.71429,-11,0.01358,Moderate Risk
7.38957,23.6875,0.02216,0.017,121,7.38957,7.38892,0,23.66667,23.65179,0.0625,0.02216,0.02216,0,0.017,0.017,0,119.33333,119.71429,-4,0.02014,Moderate Risk
7.39865,23.6875,0.02216,0.017,114,7.3926,7.39281,0.00908,23.6875,23.69643,0,0.02216,0.02216,0,0.017,0.017,0,113.33333,115.85714,2,0.02729,Moderate Risk
7.38957,23.75,0.02216,0.017,134,7.38957,7.39281,0,23.75,23.75,0,0.02216,0.02216,0,0.017,0.017,0,136,125.57143,4,0.01138,Moderate Risk
7.38957,23.8125,0.02216,0.017,139,7.39108,7.39411,-0.00454,23.8125,23.79464,0,0.02216,0.02216,0,0.017,0.017,0,134.33333,135.71429,-2,0.03555,Moderate Risk
7.44858,23.75,0.02216,0.017,141,7.40924,7.39476,0.05901,23.79167,23.78571,-0.0625,0.02216,0.02216,0,0.017,0.017,0,139.33333,133.71429,2,0.0671,Moderate Risk
7.38049,24,0.02216,0.017,112,7.38049,7.37854,-0.00454,24,23.98214,0,0.02216,0.02216,0,0.017,0.017,0,124,126.14286,-17,0.02411,Moderate Risk
7.38957,24.0625,0.02216,0.017,125,7.38957,7.39411,0,24.0625,24.0625,0,0.02216,0.02216,0,0.017,0.017,0,139.66667,140,-22,0.0203,Moderate Risk
7.38957,24.0625,0.02216,0.017,144,7.38806,7.39216,0,24.0625,24.05357,0,0.02216,0.02216,0,0.017,0.017,0,145,149,0,0.02986,Moderate Risk
7.38957,24.0625,0.02216,0.017,117,7.40319,7.39476,-0.04085,24.0625,24.04464,0,0.02216,0.02216,0,0.017,0.017,0,123,129.57143,-20,0.04688,Moderate Risk
7.40773,24,0.02216,0.017,123,7.40168,7.39865,0.01362,24.04167,24.04464,-0.0625,0.02216,0.02216,0,0.017,0.017,0,124.66667,120.42857,-5,0.03341,Moderate Risk
7.40773,23.9375,0.02216,0.017,97,7.40622,7.41227,-0.00454,23.9375,23.95536,0,0.02216,0.02216,0,0.017,0.017,0,103.66667,109.28571,-9,0.05002,Moderate Risk
7.39865,23.9375,0.02216,0.017,109,7.41075,7.40903,-0.01362,23.9375,23.92857,0,0.02216,0.02216,0,0.017,0.017,0,110,105.42857,0,0.02815,Moderate Risk
7.41227,23.9375,0.02216,0.017,112,7.41076,7.41681,0.00908,23.91667,23.92857,0.0625,0.02216,0.02216,0,0.017,0.017,0,103.66667,105.42857,0,0.04736,Moderate Risk
7.41227,23.875,0.02216,0.017,114,7.41076,7.41357,-0.00454,23.875,23.88393,0,0.02216,0.02216,0,0.017,0.017,0,113.66667,113.14286,2,0.04038,Moderate Risk
7.39411,23.75,0.02216,0.017,114,7.4047,7.41032,-0.01362,23.75,23.75893,0,0.02216,0.02216,0,0.017,0.017,0,121.66667,120,-9,0.03457,Moderate Risk
7.39865,23.75,0.02216,0.017,118,7.40773,7.398,-0.01362,23.72917,23.70536,0,0.02216,0.02216,0,0.017,0.017,0,119.66667,118.42857,-1,0.07954,Moderate Risk
7.39411,23.6875,0.02216,0.017,119,7.39865,7.40449,-0.00908,23.6875,23.67857,0,0.02216,0.02216,0,0.017,0.017,0,120.33333,120.28571,0,0.04357,Moderate Risk
7.39865,23.6875,0.02216,0.017,128,7.40016,7.40124,0,23.66667,23.66964,0.0625,0.02216,0.02216,0,0.017,0.017,0,125,123.71429,5,0.02554,Moderate Risk
7.40773,23.625,0.02216,0.017,115,7.4047,7.40514,0,23.625,23.625,0,0.02216,0.02216,0,0.017,0.017,0,114.66667,117.42857,0,0.01469,Moderate Risk
7.39411,23.625,0.02216,0.017,97,7.40621,7.40513,-0.03631,23.60417,23.59821,0.0625,0.02216,0.02216,0,0.017,0.017,0,107.33333,110,-15,0.0423,Moderate Risk
7.39411,23.5625,0.02216,0.017,113,7.39562,7.40319,-0.00908,23.60417,23.60714,-0.0625,0.02216,0.02216,0,0.017,0.017,0,113.66667,114.71429,-2,0.06442,Moderate Risk
7.38957,23.5625,0.02216,0.017,120,7.40319,7.40903,-0.02724,23.60417,23.60714,-0.0625,0.02216,0.02216,0,0.017,0.017,0,112.66667,112,17,0.07721,Moderate Risk
7.40319,23.625,0.02216,0.017,117,7.40319,7.3993,0.00908,23.60417,23.59821,0.0625,0.02216,0.02216,0,0.017,0.017,0,118.33333,115.57143,-2,0.03192,Moderate Risk
7.39865,23.5625,0.02216,0.017,131,7.39714,7.4006,0,23.5625,23.5625,0,0.02216,0.02216,0,0.017,0.017,0,129.66667,124.85714,3,0.0156,Moderate Risk
7.39865,23.5,0.02216,0.017,142,7.39865,7.3967,0,23.5,23.51786,0,0.02216,0.02216,0,0.017,0.017,0,136.33333,133.28571,9,0.0201,Moderate Risk
7.40319,23.5625,0.02216,0.017,145,7.39865,7.39411,0.00908,23.54167,23.52679,0,0.02216,0.02216,0,0.017,0.017,0,143.33333,144,6,0.02719,Moderate Risk
7.39865,23.5,0.02216,0.017,135,7.40168,7.3993,0.00454,23.52083,23.5,-0.0625,0.02216,0.02216,0,0.017,0.017,0,136,136.28571,0,0.03233,High Risk
7.39865,23.5,0.02216,0.017,141,7.39714,7.39865,0,23.5,23.5,0,0.02216,0.02216,0,0.017,0.017,0,141.33333,137.85714,1,0.00741,Moderate Risk
7.39865,23.5,0.02216,0.017,144,7.39714,7.39865,0,23.5,23.49107,0,0.02216,0.02216,0,0.017,0.017,0,132,133.85714,22,0.02568,Moderate Risk
7.39411,23.5,0.02216,0.017,131,7.3926,7.39541,0,23.45833,23.47321,0.0625,0.02216,0.02216,0,0.017,0.017,0,135,138,-6,0.03304,Moderate Risk
7.38957,23.3125,0.02216,0.017,142,7.39865,7.40513,-0.01362,23.33333,23.35714,0,0.02216,0.02216,0,0.017,0.017,0,141,141.71429,-1,0.05746,Moderate Risk
7.39411,23.3125,0.02216,0.017,155,7.41378,7.40319,-0.00454,23.35417,23.34821,-0.0625,0.02216,0.02216,0,0.017,0.017,0,153.66667,154.42857,-1,0.0573,Moderate Risk
7.41227,23.3125,0.02216,0.017,144,7.40924,7.41551,0.00908,23.3125,23.3125,0,0.02216,0.02216,0,0.017,0.017,0,144,142.57143,0,0.05101,High Risk
7.40319,23.3125,0.02216,0.017,132,7.42589,7.41681,-0.00908,23.29167,23.29464,0.0625,0.02216,0.02216,0,0.017,0.017,0,140,141.42857,-12,0.05619,Moderate Risk
7.40319,23.25,0.02216,0.017,147,7.40319,7.40773,-0.00908,23.25,23.25,0,0.02216,0.02216,0,0.017,0.017,0,137.33333,139,3,0.02402,Moderate Risk
7.41681,23.1875,0.02216,0.017,128,7.40622,7.40514,0.01362,23.1875,23.21429,0,0.02216,0.02216,0,0.017,0.017,0,135,137.85714,-10,0.02826,High Risk
7.39865,23.1875,0.02216,0.017,133,7.40319,7.4006,0,23.1875,23.1875,0,0.02216,0.02216,0,0.017,0.017,0,148.33333,140.85714,-8,0.02021,Moderate Risk
7.40319,23.1875,0.02216,0.017,123,7.40016,7.40254,0.00454,23.1875,23.19643,0,0.02216,0.02216,0,0.017,0.017,0,140.33333,137,-25,0.02791,Moderate Risk
7.40319,23.1875,0.02216,0.017,149,7.40168,7.40254,0,23.1875,23.19643,0,0.02216,0.02216,0,0.017,0.017,0,140,138.57143,26,0.02791,Moderate Risk
7.40773,23.125,0.02216,0.017,143,7.39865,7.4181,0.01362,23.14583,23.16071,-0.0625,0.02216,0.02216,0,0.017,0.017,0,143.66667,141.28571,-2,0.08397,Moderate Risk
7.40773,23,0.02216,0.017,133,7.40773,7.40708,-0.00454,23.08333,23.07143,-0.125,0.02216,0.02216,0,0.017,0.017,0,128.33333,124.85714,20,0.0326,High Risk
7.41227,23.0625,0.0173,0.017,135,7.4047,7.40319,0.01362,23.10417,23.08929,-0.0625,0.0173,0.0173,0,0.017,0.017,0,130,130.57143,-3,0.02719,Moderate Risk
7.41227,23,0.0173,0.017,157,7.41227,7.42718,0,23.04167,23.02679,-0.0625,0.0173,0.0173,0,0.017,0.017,0,141,151.28571,4,0.09133,Moderate Risk
7.43496,23,0.0173,0.017,131,7.41378,7.40449,0.01815,23,22.99107,0,0.0173,0.0173,0,0.017,0.017,0,125,127.71429,16,0.044,Moderate Risk
7.38957,22.9375,0.0603,0.017,140,7.40924,7.40124,0,22.95833,22.94643,0,0.03163,0.02344,0.043,0.017,0.017,0,137.33333,135.28571,6,0.08717,Moderate Risk
7.39865,22.9375,0.0603,0.017,135,7.39562,7.39476,0.00454,22.9375,22.9375,0,0.0603,0.0603,0,0.017,0.017,0,123.66667,124.57143,11,0.00627,Moderate Risk
7.38957,22.875,0.0603,0.017,112,7.3926,7.38957,-0.00908,22.875,22.875,0,0.0603,0.0603,0,0.017,0.017,0,114,115.85714,-5,0.01739,Moderate Risk
7.38957,22.875,0.0603,0.017,128,7.40621,7.39865,-0.04993,22.91667,22.90179,-0.0625,0.0603,0.0603,0,0.017,0.017,0,122.33333,120.28571,7,0.05339,Moderate Risk
7.38957,22.9375,0.0603,0.017,128,7.38957,7.39152,0,22.89583,22.89286,0.0625,0.0603,0.0603,0,0.017,0.017,0,126,121.85714,3,0.0201,Moderate Risk
7.38957,22.875,0.0603,0.017,121,7.38957,7.39216,0,22.875,22.875,0,0.0603,0.0603,0,0.017,0.017,0,116,119.14286,9,0.00886,Moderate Risk
7.39411,22.875,0.0603,0.017,139,7.3926,7.39346,0,22.875,22.875,0,0.0603,0.0603,0,0.017,0.017,0,139.33333,136.57143,-3,0.00817,Moderate Risk
7.38957,22.875,0.0603,0.017,134,7.3926,7.39411,-0.00454,22.875,22.875,0,0.0603,0.0603,0,0.017,0.017,0,135.33333,133,-4,0.01048,High Risk
7.39411,22.8125,0.00225,0.017,144,7.40016,7.3967,0.00454,22.8125,22.80357,0,0.03749,0.0165,0.00112,0.017,0.017,0,128,136.57143,25,0.11228,Moderate Risk
7.39411,22.75,0.024,0.017,145,7.39411,7.39476,0,22.79167,22.76786,-0.0625,0.02067,0.01686,0,0.017,0.017,0,147.33333,146,-1,0.02844,Moderate Risk
7.38957,22.75,0.024,0.017,144,7.39562,7.39022,-0.01362,22.72917,22.74107,0,0.024,0.02257,0,0.017,0.017,0,151,151.28571,-3,0.04581,Moderate Risk
7.40319,22.75,0.014,0.017,122,7.39562,7.39346,0.00908,22.75,22.75,0,0.01733,0.02114,0,0.017,0.017,0,122,132,-9,0.01947,Moderate Risk
7.40319,22.75,0.014,0.017,141,7.39562,7.39411,0.01362,22.70833,22.73214,0.0625,0.014,0.014,0,0.017,0.017,0,137.33333,130.14286,-2,0.02433,Moderate Risk
7.38957,22.6875,0.014,0.017,112,7.3926,7.39216,0,22.6875,22.71429,0,0.014,0.014,0,0.017,0.017,0,120,121.14286,-10,0.02385,Moderate Risk
7.38957,22.75,0.014,0.017,95,7.3926,7.39281,0,22.70833,22.69643,0.0625,0.014,0.014,0,0.017,0.017,0,102,111,4,0.01868,Moderate Risk
7.39411,22.6875,0.014,0.017,99,7.40168,7.39606,-0.01816,22.6875,22.69643,0,0.014,0.014,0,0.017,0.017,0,107.33333,107.28571,-12,0.02827,Moderate Risk
7.39865,22.6875,0.014,0.017,109,7.40168,7.39735,0.00454,22.6875,22.69643,0,0.014,0.014,0,0.017,0.017,0,106.33333,108.14286,10,0.02729,Moderate Risk
7.38957,22.625,0.0274,0.017,99,7.39108,7.39735,-0.00454,22.625,22.63393,0,0.0274,0.0274,0,0.017,0.017,0,106.33333,107.28571,-8,0.03123,Moderate Risk
7.39865,22.625,0.0102,0.017,116,7.3926,7.39216,0.00908,22.625,22.61607,0,0.0102,0.0102,0,0.017,0.017,0,116.66667,114.42857,1,0.01896,Moderate Risk
7.38957,22.625,0.0149,0.017,111,7.38957,7.39411,0,22.625,22.60714,0,0.0149,0.01956,0,0.017,0.017,0,114.33333,114.71429,-5,0.05146,Moderate Risk
7.39411,22.5625,0.0312,0.017,139,7.40773,7.39865,-0.04085,22.5625,22.57143,0,0.0312,0.0312,0,0.017,0.017,0,132.33333,136.57143,0,0.04412,High Risk
7.38957,22.5625,0.0161,0.017,113,7.39108,7.39087,0,22.5625,22.57143,0,0.0161,0.04854,0,0.017,0.017,0,111,114.71429,7,0.09717,Moderate Risk
7.38957,22.5,0.0192,0.017,133,7.38957,7.39022,0,22.5,22.51786,0,0.0192,0.02297,0,0.017,0.017,0,129.66667,126.28571,5,0.02809,Moderate Risk
7.38957,22.5,0.0192,0.017,115,7.39108,7.39087,-0.00454,22.5,22.5,0,0.0192,0.0192,0,0.017,0.017,0,122.33333,127.57143,-12,0.00443,Moderate Risk
7.38957,22.5,0.2128,0.017,133,7.38957,7.39735,0,22.45833,22.45536,0.0625,0.2128,0.2128,0,0.017,0.017,0,129,134.42857,1,0.04523,High Risk
7.38957,22.4375,0.2128,0.017,123,7.38957,7.38308,0,22.4375,22.44643,0,0.2128,0.2128,0,0.017,0.017,0,124,116.28571,-3,0.04231,High Risk
7.38957,22.4375,0.2128,0.017,115,7.38957,7.38892,0,22.4375,22.4375,0,0.2128,0.2128,0,0.017,0.017,0,117.66667,119.57143,-4,0.00343,High Risk
7.38049,22.6875,0.2128,0.017,80,7.37746,7.37595,0.00908,22.6875,22.67857,0,0.2128,0.2128,0,0.017,0.017,0,84.33333,95.14286,9,0.02839,Moderate Risk
7.36233,22.75,0.2128,0.017,112,7.37292,7.37465,-0.01816,22.75,22.74107,0,0.2128,0.2128,0,0.017,0.017,0,106.66667,102.85714,12,0.02637,High Risk
7.36233,23.125,0.2128,0.017,129,7.37141,7.36882,-0.01362,23.10417,23.08929,0,0.2128,0.2128,0,0.017,0.017,0,129,124,10,0.03758,High Risk
7.37141,23.5625,0.2128,0.017,110,7.382,7.37919,-0.01362,23.52083,23.50893,0.0625,0.2128,0.2128,0,0.017,0.017,0,107,106.71429,-5,0.0254,High Risk
7.38503,23.5625,0.2128,0.017,113,7.382,7.38244,0,23.5625,23.55357,0,0.2128,0.2128,0,0.017,0.017,0,116.66667,115.14286,-9,0.0245,High Risk
7.38503,23.5,0.2128,0.017,119,7.382,7.38308,0.00908,23.52083,23.54464,0,0.2128,0.2128,0,0.017,0.017,0,120.33333,116.42857,-10,0.02554,High Risk
7.38503,23.875,0.2128,0.017,125,7.37746,7.37919,0.01362,23.875,23.875,0,0.2128,0.2128,0,0.017,0.017,0,122,122.42857,6,0.02011,High Risk
7.37141,24.5,0.2128,0.017,107,7.38049,7.38244,-0.00908,24.47917,24.47321,0.0625,0.2128,0.2128,0,0.017,0.017,0,118,120.57143,-18,0.02826,High Risk
7.37141,24.625,0.2128,0.017,123,7.37746,7.38308,-0.01362,24.58333,24.59821,0.0625,0.2128,0.2128,0,0.017,0.017,0,126.33333,125.28571,-5,0.03043,High Risk
7.38503,24.625,0.2128,0.017,135,7.37444,7.38373,0.03632,24.625,24.63393,0,0.2128,0.2128,0,0.017,0.017,0,130.66667,128.57143,6,0.04401,High Risk
7.38049,24.625,0.2128,0.017,146,7.382,7.38633,0,24.625,24.625,0,0.2128,0.2128,0,0.017,0.017,0,145.66667,145.28571,0,0.00864,High Risk
7.43042,24.625,0.2128,0.017,144,7.40319,7.39865,0.04085,24.60417,24.58036,0,0.2128,0.2128,0,0.017,0.017,0,144,146.85714,0,0.0484,High Risk
7.38957,24.375,0.2128,0.017,183,7.38654,7.38373,0,24.375,24.39286,0,0.2128,0.2128,0,0.017,0.017,0,193.66667,201.14286,-16,0.02883,High Risk
7.38503,24.25,0.0128,0.017,195,7.38352,7.38308,0,24.25,24.25,0,0.0128,0.0128,0,0.017,0.017,0,188,188,-4,0.00485,Moderate Risk
7.38049,24.3125,0.0128,0.017,194,7.38806,7.38698,0.00454,24.29167,24.27679,0.0625,0.0128,0.0128,0,0.017,0.017,0,199,204.14286,-8,0.03758,Moderate Risk
7.4395,24.25,0.0128,0.017,234,7.41832,7.40838,0.03631,24.27083,24.26786,-0.0625,0.0128,0.0128,0,0.017,0.017,0,236.66667,222.28571,-8,0.05955,Moderate Risk
7.38503,24.1875,0.0128,0.017,158,7.382,7.38438,0.00908,24.1875,24.1875,0,0.0128,0.0128,0,0.017,0.017,0,152.33333,153.28571,14,0.00971,Moderate Risk
7.38503,24.0625,0.0128,0.017,123,7.38352,7.38827,0.00454,24.0625,24.09821,0,0.0128,0.0128,0,0.017,0.017,0,130.33333,130.14286,-14,0.03597,Moderate Risk
7.38957,24.0625,0.0128,0.017,128,7.38503,7.38438,0.00908,24.0625,24.05357,0,0.0128,0.0128,0,0.017,0.017,0,132.33333,129.71429,-3,0.01998,Moderate Risk
7.38957,24.0625,0.0128,0.017,131,7.38503,7.38633,0.00454,24.0625,24.08036,0,0.0128,0.0128,0,0.017,0.017,0,127,127.42857,11,0.02211,Moderate Risk
7.38049,24.0625,0.0128,0.017,138,7.38049,7.38114,0.00454,24.04167,24.04464,0.0625,0.0128,0.0128,0,0.017,0.017,0,135.66667,133.14286,4,0.02628,Moderate Risk
7.38503,24.0625,0.0196,0.017,128,7.38503,7.38373,0.00454,24.04167,24.02679,0,0.01507,0.01377,0.0068,0.017,0.017,0,128,127.28571,0,0.03048,Moderate Risk
7.41227,24,0.0173,0.017,128,7.39411,7.38892,0.02724,24,24,0,0.0173,0.0173,0,0.017,0.017,0,125.33333,125.57143,9,0.02125,Moderate Risk
7.39411,24,0.0631,0.017,127,7.38654,7.38373,0.00454,23.95833,23.97321,0.0625,0.0631,0.05656,0,0.017,0.017,0,127,124.57143,-1,0.07339,Moderate Risk
7.38957,23.9375,0.0631,0.017,131,7.38352,7.38179,0.01362,23.91667,23.92857,0.0625,0.0631,0.0631,0,0.017,0.017,0,129.66667,132.57143,1,0.02191,Moderate Risk
7.38503,23.875,0.0631,0.017,141,7.38806,7.38633,-0.00908,23.91667,23.91964,-0.0625,0.0631,0.0631,0,0.017,0.017,0,134.33333,132.57143,8,0.02389,Moderate Risk
7.38957,23.875,0.0631,0.017,134,7.3926,7.38568,0,23.875,23.91071,0,0.0631,0.0631,0,0.017,0.017,0,132.33333,131.57143,3,0.03519,Moderate Risk
7.38503,23.875,0.0631,0.017,127,7.37898,7.38373,0.02724,23.875,23.85714,0,0.0631,0.0631,0,0.017,0.017,0,127.66667,123.85714,-1,0.04131,High Risk
7.44404,23.8125,0.0631,0.017,118,7.40319,7.39151,0.05901,23.8125,23.80357,0,0.0631,0.0631,0,0.017,0.017,0,119.66667,124,-8,0.06811,Moderate Risk
7.39411,23.8125,0.0631,0.017,126,7.39411,7.37984,0.00908,23.79167,23.77679,0,0.0631,0.0631,0,0.017,0.017,0,122.66667,125.42857,-3,0.06342,High Risk
7.38957,23.75,0.0631,0.017,128,7.38806,7.38373,0.00454,23.75,23.76786,0,0.0631,0.0631,0,0.017,0.017,0,123.66667,123.85714,13,0.02663,Moderate Risk
7.38503,23.75,0.0631,0.017,129,7.38806,7.38568,-0.00454,23.72917,23.74107,0.0625,0.0631,0.0631,0,0.017,0.017,0,128.66667,128.42857,0,0.02152,Moderate Risk
7.38957,23.6875,0.01792,0.017,130,7.38654,7.38892,0.00908,23.6875,23.6875,0,0.01792,0.01792,0,0.017,0.017,0,128.66667,128,2,0.01103,Moderate Risk
7.37595,23.625,0.0183,0.017,127,7.38503,7.38114,-0.01362,23.66667,23.66964,-0.0625,0.0183,0.0183,0,0.017,0.017,0,123,126.14286,13,0.02954,Moderate Risk
7.38049,23.6875,0.0183,0.017,127,7.37746,7.38179,0.01362,23.6875,23.70536,0,0.0183,0.0183,0,0.017,0.017,0,128,128,-2,0.03793,Moderate Risk
7.32602,23.6875,0.0183,0.017,137,7.35174,7.37401,-0.02269,23.6875,23.67857,0,0.0183,0.0183,0,0.017,0.017,0,132.66667,130.42857,7,0.06549,Moderate Risk
7.38503,23.6875,0.0183,0.017,135,7.38049,7.37141,0,23.66667,23.67857,0,0.0183,0.0183,0,0.017,0.017,0,135.33333,133.57143,0,0.0637,Moderate Risk
7.38503,23.625,0.0173,0.017,140,7.38352,7.38308,0.01816,23.625,23.625,0,0.0173,0.0173,0,0.017,0.017,0,138.66667,136.42857,1,0.02152,Moderate Risk
7.38503,23.625,0.0173,0.017,135,7.37898,7.38438,0,23.625,23.625,0,0.0173,0.0173,0,0.017,0.017,0,138,136.14286,-5,0.02059,Moderate Risk
7.38049,23.625,0.02218,0.017,119,7.36082,7.37206,0.05447,23.625,23.625,0,0.02218,0.02218,0,0.017,0.017,0,126.66667,132.71429,-4,0.04108,Moderate Risk
7.38049,23.5625,0.0101,0.017,137,7.39713,7.38827,-0.05447,23.58333,23.58036,0,0.0101,0.0101,0,0.017,0.017,0,138,139.14286,3,0.05676,Moderate Risk
7.38049,23.625,0.0101,0.017,124,7.37898,7.38503,0,23.58333,23.58036,0.125,0.0101,0.0101,0,0.017,0.017,0,134.66667,137.85714,-17,0.05541,Moderate Risk
7.34417,23.5625,0.0101,0.017,145,7.36384,7.37271,-0.03178,23.5625,23.58929,0,0.0101,0.0101,0,0.017,0.017,0,141.66667,139.14286,16,0.04277,Moderate Risk
7.38503,23.5625,0.0101,0.017,144,7.37444,7.3766,0.02724,23.58333,23.58929,-0.0625,0.0101,0.0101,0,0.017,0.017,0,140.66667,144.28571,0,0.03591,Moderate Risk
7.37595,23.5625,0.0101,0.017,111,7.37444,7.37271,0.00454,23.58333,23.57143,-0.0625,0.0101,0.0101,0,0.017,0.017,0,130.33333,131.85714,-30,0.01868,Moderate Risk
7.36687,23.5625,0.0101,0.017,134,7.36536,7.37141,0.00454,23.5625,23.58036,0,0.0101,0.0101,0,0.017,0.017,0,135,135.28571,1,0.03098,Moderate Risk
7.38957,23.5625,0.0101,0.017,144,7.37746,7.37271,0.01362,23.58333,23.59821,-0.0625,0.0101,0.0101,0,0.017,0.017,0,148.66667,141,-14,0.03465,Moderate Risk
7.36233,23.625,0.0101,0.017,124,7.36687,7.36946,-0.01362,23.625,23.63393,0,0.0101,0.0101,0,0.017,0.017,0,129,134.14286,0,0.03202,Moderate Risk
7.37141,23.625,0.0101,0.017,128,7.3699,7.36946,-0.00454,23.625,23.625,0,0.0101,0.0101,0,0.017,0.017,0,133.33333,134.14286,-2,0.02152,Moderate Risk
7.35779,23.6875,0.01532,0.017,137,7.36838,7.36298,-0.01816,23.66667,23.66071,0,0.01532,0.01532,0,0.017,0.017,0,131,136.28571,25,0.0404,High Risk
7.37141,23.6875,0.01532,0.017,131,7.36838,7.36622,0.00454,23.6875,23.6875,0,0.01532,0.01532,0,0.017,0.017,0,132.66667,130.28571,0,0.00971,High Risk
7.38049,23.6875,0.01532,0.017,118,7.37746,7.37141,-0.00908,23.6875,23.69643,0,0.01532,0.01532,0,0.017,0.017,0,120,125.42857,1,0.03405,Moderate Risk
7.35779,23.6875,0.0163,0.017,131,7.36233,7.36363,-0.00908,23.70833,23.70536,0,0.0163,0.01574,0,0.017,0.017,0,125.66667,122.28571,-4,0.02316,Moderate Risk
7.35779,23.75,0.0163,0.017,120,7.36233,7.36622,-0.00908,23.72917,23.74107,0.0625,0.0163,0.0163,0,0.017,0.017,0,126.33333,127.42857,-5,0.0324,Moderate Risk
7.38957,23.8125,0.1415,0.017,95,7.40924,7.38243,-0.08171,23.8125,23.82143,0,0.1415,0.1415,0,0.017,0.017,0,117.66667,123.85714,-33,0.09434,Moderate Risk
7.36233,23.8125,0.0169,0.017,125,7.36233,7.35714,0.00454,23.85417,23.83036,-0.0625,0.0169,0.0347,0,0.017,0.017,0,125.33333,124.28571,1,0.12553,Moderate Risk
7.36233,23.9375,0.0169,0.017,135,7.36838,7.35455,-0.0227,23.91667,23.91071,0,0.0169,0.0169,0,0.017,0.017,0,135.66667,133,9,0.06015,Moderate Risk
7.34417,24,0.0171,0.017,112,7.35174,7.3539,0,23.97917,23.98214,0.0625,0.0171,0.0171,0,0.017,0.017,0,115,118.85714,-6,0.03516,Moderate Risk
7.35779,24.0625,0.0153,0.017,121,7.36082,7.36298,-0.00454,24.0625,24.04464,0,0.0153,0.09131,0,0.017,0.017,0,119.66667,122,-5,0.23005,Moderate Risk
7.41681,24.0625,0.0153,0.017,120,7.37898,7.36687,0.05902,24.0625,24.05357,0,0.0153,0.06607,0,0.017,0.017,0,122.33333,120.42857,-1,0.22957,Moderate Risk
7.36687,24.125,0.0172,0.017,133,7.3699,7.36428,0.00454,24.10417,24.08929,0,0.0172,0.0172,0,0.017,0.017,0,130.33333,127,15,0.03622,Moderate Risk
7.35779,24.125,0.0172,0.017,113,7.36536,7.36428,-0.01816,24.16667,24.15179,-0.0625,0.0172,0.0172,0,0.017,0.017,0,125.33333,122.28571,-15,0.03622,Moderate Risk
7.33963,24.375,0.0284,0.017,113,7.33963,7.34352,-0.00454,24.33333,24.33036,0.0625,0.0284,0.0284,0,0.017,0.017,0,120,124.28571,-15,0.03297,Moderate Risk
7.34871,24.6875,0.224,0.017,129,7.34417,7.34871,0.00454,24.64583,24.64286,0.0625,0.224,0.224,0,0.017,0.017,0,129.66667,118.71429,8,0.04444,High Risk
7.35325,24.8125,0.021,0.017,93,7.32601,7.33963,0.06809,24.8125,24.8125,0,0.021,0.021,0,0.017,0.017,0,118.33333,124.28571,-30,0.05055,Moderate Risk
7.38049,25.0625,0.162,0.017,127,7.3593,7.36233,0.04086,25.0625,25.07143,0,0.162,0.162,0,0.017,0.017,0,121.33333,122.28571,5,0.07065,High Risk
7.35779,25.3125,0.021,0.017,127,7.34568,7.34352,0.01362,25.3125,25.30357,0,0.021,0.02771,0,0.017,0.017,0,125,125.42857,1,0.07366,Moderate Risk
7.35779,25.375,0.021,0.017,144,7.36838,7.36363,-0.0227,25.375,25.375,0,0.021,0.01957,0,0.017,0.017,0,136.66667,132.85714,7,0.0255,Moderate Risk
7.36687,25.5625,0.28786,0.017,165,7.36536,7.36492,0.00454,25.58333,25.57143,-0.0625,0.28786,0.28786,0,0.017,0.017,0,147.33333,151.57143,27,0.02336,Moderate Risk
7.36233,25.625,0.28786,0.017,135,7.3699,7.37271,0.00454,25.625,25.60714,0,0.28786,0.28786,0,0.017,0.017,0,146,143.57143,-22,0.0561,Moderate Risk
7.34871,25.6875,0.28786,0.017,128,7.35779,7.36103,-0.00908,25.6875,25.67857,0,0.28786,0.28786,0,0.017,0.017,0,129,130,-1,0.0254,Moderate Risk
7.36233,25.6875,0.28786,0.017,128,7.35779,7.35779,0.00454,25.6875,25.6875,0,0.28786,0.28786,0,0.017,0.017,0,130,130.57143,-3,0.01483,Moderate Risk
7.36233,25.75,0.28786,0.017,118,7.35628,7.3552,0.00454,25.75,25.75,0,0.28786,0.28786,0,0.017,0.017,0,119.66667,115.42857,-6,0.01373,Moderate Risk
7.36687,25.75,0.28786,0.017,121,7.36384,7.3539,0.00908,25.77083,25.77679,-0.0625,0.28786,0.28786,0,0.017,0.017,0,122.33333,112.85714,-8,0.0875,Moderate Risk
7.35325,25.8125,0.28786,0.017,149,7.35779,7.36038,-0.00454,25.8125,25.82143,0,0.28786,0.28786,0,0.017,0.017,0,145.33333,134.28571,4,0.02067,Moderate Risk
7.33963,25.8125,0.28786,0.017,144,7.35325,7.35909,-0.01816,25.8125,25.8125,0,0.28786,0.28786,0,0.017,0.017,0,142.33333,145.14286,5,0.02206,Moderate Risk
7.37595,25.8125,0.28786,0.017,144,7.3699,7.36946,0.01362,25.8125,25.8125,0,0.28786,0.28786,0,0.017,0.017,0,147,147.14286,0,0.02152,Moderate Risk
7.36687,25.8125,0.28786,0.017,155,7.36536,7.36622,0,25.8125,25.8125,0,0.28786,0.28786,0,0.017,0.017,0,151.33333,149.42857,5,0.00971,Moderate Risk
7.36233,25.8125,0.28786,0.017,144,7.36384,7.36428,0,25.8125,25.80357,0,0.28786,0.28786,0,0.017,0.017,0,145.33333,144.85714,-1,0.01666,Moderate Risk
7.36233,25.8125,0.28786,0.017,162,7.36233,7.36492,0.00454,25.8125,25.8125,0,0.28786,0.28786,0,0.017,0.017,0,152.33333,149.42857,-5,0.00886,Moderate Risk
7.36687,25.8125,0.28786,0.017,144,7.36687,7.36946,0.00454,25.77083,25.79464,0.0625,0.28786,0.28786,0,0.017,0.017,0,157.66667,142.28571,-9,0.03085,Moderate Risk
7.33963,25.8125,0.28786,0.017,146,7.37444,7.37206,-0.03178,25.79167,25.79464,0,0.28786,0.28786,0,0.017,0.017,0,141.33333,142.71429,2,0.05798,Moderate Risk
7.38957,25.75,0.28786,0.017,145,7.38352,7.37206,0,25.79167,25.79464,-0.0625,0.28786,0.28786,0,0.017,0.017,0,146,145.42857,-1,0.04116,Moderate Risk
7.36687,25.8125,0.28786,0.017,165,7.36384,7.37206,0,25.8125,25.8125,0,0.28786,0.28786,0,0.017,0.017,0,166.33333,161.42857,3,0.01991,Moderate Risk
7.36233,25.8125,0.28786,0.017,166,7.36233,7.36687,-0.00454,25.8125,25.79464,0,0.28786,0.28786,0,0.017,0.017,0,167.66667,163.28571,-4,0.03264,Moderate Risk
7.36687,25.75,0.28786,0.017,169,7.36687,7.36817,0,25.77083,25.77679,0,0.28786,0.28786,0,0.017,0.017,0,163.33333,161.85714,2,0.02924,Moderate Risk
7.36687,25.75,0.28786,0.017,169,7.36536,7.36363,0,25.70833,25.74107,0.0625,0.28786,0.28786,0,0.017,0.017,0,168,163.57143,-1,0.03515,Moderate Risk
7.35779,25.6875,0.28786,0.017,172,7.36384,7.36687,-0.00908,25.72917,25.73214,-0.0625,0.28786,0.28786,0,0.017,0.017,0,162.33333,165.28571,16,0.02573,Moderate Risk
7.36233,25.625,0.28786,0.017,176,7.36838,7.36752,-0.00454,25.625,25.64286,0,0.28786,0.28786,0,0.017,0.017,0,176.33333,172,0,0.02854,Moderate Risk
7.37141,25.5625,0.28786,0.017,150,7.36384,7.36687,0.00908,25.58333,25.58929,-0.0625,0.28786,0.28786,0,0.017,0.017,0,149,148,0,0.02954,Moderate Risk
7.36233,25.5,0.28786,0.017,139,7.36536,7.36428,-0.00908,25.5,25.51786,0,0.28786,0.28786,0,0.017,0.017,0,143,139,-3,0.02898,Moderate Risk
7.36687,25.5,0.28786,0.017,133,7.3699,7.36752,0,25.5,25.5,0,0.28786,0.28786,0,0.017,0.017,0,139.66667,139.71429,-10,0.01522,Moderate Risk
7.38049,25.5,0.28786,0.017,145,7.37444,7.37076,0.00454,25.5,25.50893,0,0.28786,0.28786,0,0.017,0.017,0,146,141.42857,0,0.02284,Moderate Risk
7.36233,25.25,0.28786,0.017,126,7.36082,7.36557,0.00454,25.25,25.25,0,0.28786,0.28786,0,0.017,0.017,0,125.33333,126.71429,3,0.01253,High Risk
7.36687,25.1875,0.28786,0.017,128,7.36384,7.37206,0.00454,25.1875,25.20536,0,0.28786,0.28786,0,0.017,0.017,0,131,133,-7,0.03584,High Risk
7.36687,24.6875,0.28786,0.017,118,7.35174,7.36233,0.05447,24.6875,24.66964,0,0.28786,0.28786,0,0.017,0.017,0,126.66667,130.85714,-15,0.06184,High Risk
7.37595,24.5,0.28786,0.017,131,7.37292,7.37206,0.00454,24.52083,24.53571,0,0.28786,0.28786,0,0.017,0.017,0,129.66667,131.85714,0,0.02487,High Risk
7.38049,24.4375,0.28786,0.017,131,7.37898,7.37854,-0.00908,24.4375,24.45536,0,0.28786,0.28786,0,0.017,0.017,0,124.66667,127.71429,18,0.03085,High Risk
7.38049,24.125,0.28786,0.017,128,7.38503,7.37854,0.00908,24.14583,24.16964,0,0.28786,0.28786,0,0.017,0.017,0,123,125.71429,10,0.04139,High Risk
7.36687,24,0.28786,0.017,131,7.38049,7.37984,-0.02724,24.04167,24.05357,-0.0625,0.28786,0.28786,0,0.017,0.017,0,127.66667,129.14286,-4,0.04005,High Risk
7.37595,24,0.28786,0.017,141,7.3699,7.37076,0.00454,24,24.01786,0,0.28786,0.28786,0,0.017,0.017,0,128.66667,129.14286,29,0.03446,High Risk
7.36233,24,0.28786,0.017,133,7.36536,7.37076,-0.00908,23.97917,23.99107,0.0625,0.28786,0.28786,0,0.017,0.017,0,133,137.28571,1,0.02403,High Risk
7.38049,23.75,0.28786,0.017,128,7.37746,7.37206,0.00454,23.75,23.75,0,0.28786,0.28786,0,0.017,0.017,0,127.33333,127.71429,2,0.0161,High Risk
7.38049,23.875,0.28786,0.017,135,7.38049,7.36557,0.01362,23.875,23.86607,0,0.28786,0.28786,0,0.017,0.017,0,124,124.71429,22,0.04647,High Risk
7.38957,23.9375,0.28786,0.017,133,7.36536,7.36363,0.03178,23.89583,23.90179,0.0625,0.28786,0.28786,0,0.017,0.017,0,135,137.71429,-1,0.0489,High Risk
7.36233,23.9375,0.28786,0.017,145,7.36384,7.36103,0,23.91667,23.92857,0.0625,0.28786,0.28786,0,0.017,0.017,0,140,140.42857,7,0.02434,High Risk
7.36233,23.9375,0.28786,0.017,116,7.36687,7.36428,-0.00908,23.91667,23.91964,0,0.28786,0.28786,0,0.017,0.017,0,122.66667,127.28571,-17,0.02411,High Risk
7.38503,23.875,0.28786,0.017,128,7.37595,7.37011,0.00908,23.875,23.89286,0,0.28786,0.28786,0,0.017,0.017,0,130.66667,126.85714,-8,0.03394,High Risk
7.35779,23.875,0.28786,0.017,139,7.35779,7.36298,0.00908,23.875,23.88393,0,0.28786,0.28786,0,0.017,0.017,0,132.66667,134.28571,11,0.02874,High Risk
7.33509,23.8125,0.28786,0.017,136,7.35174,7.3552,-0.0227,23.8125,23.8125,0,0.28786,0.28786,0,0.017,0.017,0,130,130.28571,1,0.02276,High Risk
7.36233,23.8125,0.28786,0.017,164,7.3699,7.37271,0.00454,23.8125,23.80357,0,0.28786,0.28786,0,0.017,0.017,0,164,139.71429,-41,0.04401,High Risk
7.38503,23.75,0.28786,0.017,130,7.38049,7.37206,0.01816,23.77083,23.77679,-0.0625,0.28786,0.28786,0,0.017,0.017,0,124.33333,124.71429,15,0.04153,High Risk
7.36233,23.625,0.28786,0.017,137,7.37444,7.37076,-0.00454,23.58333,23.59821,0.0625,0.28786,0.28786,0,0.017,0.017,0,139.66667,140.14286,-3,0.0404,High Risk
7.37141,23.3125,0.28786,0.017,157,7.3699,7.36557,0.00908,23.33333,23.35714,0,0.28786,0.28786,0,0.017,0.017,0,145.66667,143.85714,31,0.02778,High Risk
7.36687,23.375,0.28786,0.017,147,7.38654,7.3766,-0.06355,23.33333,23.33929,0,0.28786,0.28786,0,0.017,0.017,0,147.66667,150.85714,1,0.0779,High Risk
7.38049,23.25,0.28786,0.017,156,7.36536,7.36622,0.03178,23.25,23.25,0,0.28786,0.28786,0,0.017,0.017,0,146.66667,142.28571,1,0.02059,High Risk
7.36687,23.25,0.28786,0.017,155,7.35628,7.35909,0.00454,23.25,23.23214,0,0.28786,0.28786,0,0.017,0.017,0,168,161.42857,-37,0.03911,High Risk
7.38049,23.375,0.52987,0.017,125,7.37898,7.38114,0.00454,23.375,23.375,0,0.57988,0.58217,-0.08642,0.017,0.017,0,115.66667,111.14286,15,0.1125,High Risk
7.38049,23.3125,0.47645,0.017,115,7.37898,7.374,0.00454,23.3125,23.32143,0,0.5341,0.51458,-0.08648,0.017,0.017,0,113.66667,111,-2,0.12371,High Risk
7.38049,23.375,0.49303,0.017,93,7.37898,7.37984,0.00454,23.35417,23.33929,0,0.50713,0.50723,-0.00945,0.017,0.017,0,106.66667,108.42857,-19,0.08031,Moderate Risk
7.37595,23.3125,0.46393,0.017,114,7.38049,7.3766,-0.00908,23.3125,23.32143,0,0.44876,0.45925,-0.01252,0.017,0.017,0,118.33333,116.28571,-15,0.07275,High Risk
7.37595,23.25,0.55658,0.017,126,7.37898,7.37465,-0.00908,23.22917,23.22321,0.0625,0.518,0.5128,0.06355,0.017,0.017,0,119,115.71429,8,0.13474,High Risk
7.38957,23.1875,0.52987,0.017,78,7.37595,7.37595,0.0227,23.1875,23.19643,0,0.6837,0.69722,-0.2222,0.017,0.017,0,110.33333,114.85714,-45,0.19271,High Risk
7.37595,23.1875,0.65949,0.017,118,7.38049,7.37465,0,23.1875,23.19643,0,0.60188,0.67688,0.0432,0.017,0.017,0,110.33333,115.85714,-17,0.19593,High Risk
7.38049,23.125,0.6925,0.017,123,7.37292,7.374,0.01816,23.10417,23.08929,0,0.71673,0.74639,-0.01312,0.017,0.017,0,118.33333,115.28571,6,0.11122,High Risk
7.37141,23.0625,0.76916,0.017,116,7.37746,7.37076,-0.00908,23.0625,23.0625,0,0.77696,0.75728,0,0.017,0.017,0,122.33333,117.85714,-2,0.06927,High Risk
7.37595,22.9375,0.72169,0.017,108,7.382,7.37919,-0.00908,22.9375,22.92857,0,0.69225,0.69444,0.01871,0.017,0.017,0,110.66667,106.42857,-4,0.09692,High Risk
7.36687,22.8125,0.70562,0.017,118,7.37292,7.37206,-0.00908,22.83333,22.82143,-0.0625,0.67808,0.64634,0.07998,0.017,0.017,0,114.66667,114.71429,6,0.14229,High Risk
7.38049,22.875,0.64477,0.017,79,7.37898,7.38244,0,22.83333,22.83036,0.0625,0.54369,0.57709,0.14038,0.017,0.017,0,107,113,-33,0.16411,High Risk
7.33509,22.8125,0.49116,0.017,97,7.3593,7.36687,-0.03632,22.8125,22.8125,0,0.52789,0.54048,-0.04476,0.017,0.017,0,112.66667,118.14286,-28,0.079,Moderate Risk
7.33963,22.8125,0.42497,0.017,129,7.36838,7.37271,-0.04994,22.8125,22.8125,0,0.46482,0.45653,-0.05148,0.017,0.017,0,111.33333,116,19,0.10427,High Risk
7.37141,22.625,0.39065,0.017,123,7.36838,7.37011,0.01362,22.625,22.63393,0,0.32884,0.34294,0.07709,0.017,0.017,0,117.33333,116.85714,1,0.1601,High Risk
7.37595,22.5625,0.4432,0.017,118,7.35779,7.36233,0.04539,22.58333,22.58036,0,0.40224,0.40303,0.06437,0.017,0.017,0,125,125.85714,-13,0.08732,High Risk
7.37595,22.5625,0.91688,0.017,135,7.37595,7.37595,0.00454,22.5625,22.52679,0,0.86979,0.87893,0.12433,0.017,0.017,0,128,128.57143,6,0.14613,High Risk
7.37595,22.5,0.63994,0.017,106,7.37746,7.3753,0,22.47917,22.46429,0,0.7243,0.69162,-0.10932,0.017,0.017,0,117.33333,115.14286,-17,0.17057,High Risk
7.34871,23.4375,0.28786,0.017,119,7.32148,7.32407,0.03631,23.4375,23.42857,0,0.28786,0.28786,0,0.017,0.017,0,110.33333,111.71429,12,0.05336,High Risk
7.30332,23.5,0.28786,0.017,123,7.31089,7.31305,-0.01362,23.5,23.50893,0,0.28786,0.28786,0,0.017,0.017,0,123.66667,114.85714,-2,0.02284,High Risk
7.3124,23.5,0.28786,0.017,99,7.31845,7.32083,-0.01362,23.5,23.50893,0,0.28786,0.28786,0,0.017,0.017,0,113,116.28571,-20,0.04345,Moderate Risk
7.33509,24.75,0.80149,0.017,111,7.3366,7.33574,0,24.75,24.76786,0,0.7995,0.813,0.00299,0.017,0.017,0,104,105.85714,9,0.06847,High Risk
7.32602,24.75,0.80149,0.017,115,7.33207,7.32732,-0.01361,24.75,24.75,0,0.75565,0.75354,0.13452,0.017,0.017,0,107.66667,109.28571,6,0.15482,High Risk
7.33056,24.6875,0.59798,0.017,112,7.32904,7.33574,-0.00453,24.70833,24.72321,-0.0625,0.60793,0.61059,-0.02531,0.017,0.017,0,112.33333,110.57143,0,0.12243,High Risk
7.33056,24.75,0.59125,0.017,109,7.3351,7.3325,0,24.75,24.75,0,0.60417,0.62078,-0.00673,0.017,0.017,0,104.33333,107.57143,6,0.11544,High Risk
7.31694,23.375,0.48745,0.017,106,7.31543,7.31564,0,23.375,23.375,0,0.47772,0.46599,0.011,0.017,0.017,0,103.33333,104.14286,3,0.04026,High Risk
7.30786,23.5,0.91688,0.017,112,7.30635,7.30267,-0.00454,23.47917,23.47321,0.0625,0.84422,0.79217,0.16481,0.017,0.017,0,109.66667,107,2,0.22755,High Risk
7.29424,23.8125,0.46748,0.017,103,7.29273,7.29424,0,23.8125,23.8125,0,0.45192,0.42986,0.03266,0.017,0.017,0,105.66667,106.28571,-3,0.09749,High Risk
7.29424,24.0625,0.4657,0.017,99,7.30181,7.30591,-0.00908,24.02083,24.01786,0.0625,0.45371,0.4736,0.00177,0.017,0.017,0,97.33333,97.57143,2,0.112,Moderate Risk
7.30332,24.5,0.50631,0.017,49,7.30937,7.30916,-0.00908,24.5,24.50893,0,0.51409,0.52112,-0.00774,0.017,0.017,0,87,95.42857,-58,0.06251,High Risk
7.30786,24.6875,0.37883,0.017,111,7.31089,7.30786,-0.00908,24.6875,24.66964,0,0.38573,0.39838,-0.00587,0.017,0.017,0,107,105.42857,7,0.05269,High Risk
7.3124,24.6875,0.73811,0.017,114,7.32299,7.31759,-0.00454,24.70833,24.73214,0,0.81897,0.89986,-0.06039,0.017,0.017,0,112.33333,113.28571,0,0.25734,High Risk
7.3124,24.75,0.78959,0.017,116,7.31543,7.31888,-0.00454,24.72917,24.72321,0.0625,0.79553,0.82993,-0.00891,0.017,0.017,0,113,113,7,0.1982,High Risk
7.3124,23.375,0.59798,0.017,115,7.31089,7.35325,-0.00454,23.39583,23.41964,-0.0625,0.70076,0.6831,-0.16545,0.017,0.017,0,108.33333,110.85714,17,0.41383,High Risk
7.29424,24.125,0.7837,0.017,146,7.29424,7.32472,0.0227,24.16667,24.16964,-0.0625,0.74576,0.66991,-0.01779,0.017,0.017,0,145.33333,144.42857,0,0.3834,High Risk
7.28062,24.125,0.90329,0.017,140,7.27759,7.28646,-0.00454,24.125,24.15179,0,0.82173,0.7615,0.00336,0.017,0.017,0,142.66667,143.85714,-4,0.2822,High Risk
7.30332,24.0625,0.66447,0.017,145,7.29273,7.291,0.01362,24.08333,24.07143,0,0.69901,0.72043,-0.0961,0.017,0.017,0,146,141.71429,-1,0.15392,High Risk
7.29424,24.0625,0.65949,0.017,163,7.30029,7.29035,-0.00908,24.08333,24.08929,0,0.63734,0.65114,0.08148,0.017,0.017,0,164.33333,163.28571,-2,0.20088,High Risk
7.29878,24.0625,0.38618,0.017,162,7.29273,7.29165,0.01362,24.04167,24.04464,0.0625,0.39784,0.38188,-0.02599,0.017,0.017,0,161.66667,163.28571,2,0.07876,High Risk
7.2897,24,0.70298,0.017,144,7.28062,7.29619,0.0227,24,24,0,0.6474,0.64455,0.01824,0.017,0.017,0,144.66667,145.57143,-2,0.13233,High Risk
7.28516,23.875,0.77205,0.017,124,7.28213,7.3779,0,23.875,23.89286,0,0.72622,0.71686,0.1175,0.017,0.017,0,127,127.28571,-4,0.57002,High Risk
7.2897,23.75,0.81968,0.017,126,7.29121,7.29165,0,23.75,23.75,0,0.79579,0.83053,0.10607,0.017,0.017,0,130,127.14286,-5,0.14512,High Risk
7.2897,23.75,0.73811,0.017,133,7.2897,7.28905,0.01362,23.70833,23.71429,0.0625,0.75691,0.76602,-0.02246,0.017,0.017,0,134.66667,137,-1,0.07026,High Risk
7.27608,23.3125,0.76057,0.017,130,7.1974,7.25338,-0.01362,23.33333,23.33036,0,0.72356,0.6377,0.02246,0.017,0.017,0,129.33333,127.14286,1,0.41021,High Risk
7.2897,23.25,0.70298,0.017,139,7.27911,7.28451,0.03178,23.22917,23.24107,0,0.67401,0.61488,0.03601,0.017,0.017,0,136,138.85714,5,0.16663,High Risk
7.29424,23.25,0.52388,0.017,137,7.29727,7.29165,-0.00908,23.22917,23.24107,0.0625,0.59489,0.61626,-0.11126,0.017,0.017,0,134.66667,133.14286,3,0.10885,High Risk
7.28516,23.25,0.58903,0.017,134,7.27154,7.28192,0.02724,23.25,23.25,0,0.58843,0.60243,0.05513,0.017,0.017,0,138.33333,139,-9,0.19161,High Risk
7.28516,23.25,0.68474,0.017,133,7.28667,7.28775,0,23.22917,23.23214,0.0625,0.65912,0.65513,0.01777,0.017,0.017,0,130.66667,130.85714,5,0.05827,High Risk
7.28516,23.1875,0.54409,0.017,140,7.27911,7.26376,0.01816,23.22917,23.23214,-0.0625,0.60571,0.61849,-0.07686,0.017,0.017,0,128,129.28571,18,0.23113,High Risk
7.267,23.3125,0.66948,0.017,128,7.27457,7.28321,-0.00454,23.25,23.25,0.125,0.67541,0.66975,-0.01526,0.017,0.017,0,129.33333,131,0,0.09465,High Risk
7.28516,23.25,0.58903,0.017,152,7.26095,7.27608,0.00908,23.22917,23.22321,0.0625,0.59199,0.59424,0.03245,0.017,0.017,0,151,142.28571,-5,0.15545,High Risk
7.28516,23.25,0.38618,0.017,119,7.27911,7.28127,-0.00908,23.25,23.24107,0,0.39989,0.40319,-0.01356,0.017,0.017,0,127,129.71429,-10,0.06193,High Risk
7.267,23.375,0.75207,0.017,122,7.27003,7.26895,-0.00454,23.41667,23.41071,-0.0625,0.6955,0.58782,-0.04643,0.017,0.017,0,127,123.71429,-9,0.28547,High Risk
7.28516,23.5,0.66197,0.017,128,7.28213,7.29165,0,23.54167,23.53571,-0.0625,0.64024,0.5836,0.048,0.017,0.017,0,126.33333,128.14286,5,0.25077,High Risk
7.28516,23.5625,0.62564,0.017,134,7.27457,7.23263,0.01362,23.58333,23.5625,0,0.56125,0.552,0.14555,0.017,0.017,0,133,128.42857,1,0.35843,High Risk
7.28062,23.5625,0.41533,0.017,129,7.27759,7.28451,0,23.58333,23.58036,0,0.43544,0.44102,-0.05393,0.017,0.017,0,126.33333,128.28571,7,0.1108,High Risk
7.2897,23.625,0.28786,0.017,133,7.28062,7.28321,0.01362,23.625,23.61607,0,0.28786,0.28786,0,0.017,0.017,0,129.66667,129.28571,9,0.02908,High Risk
7.2897,23.6875,0.28786,0.017,118,7.29273,7.28192,-0.00454,23.6875,23.6875,0,0.28786,0.28786,0,0.017,0.017,0,122.66667,125.14286,-4,0.02386,High Risk
7.267,23.6875,0.00108,0.017,117,7.27608,7.27608,-0.00908,23.70833,23.69643,-0.0625,0.00084,0.06528,0.00026,0.017,0.017,0,119.33333,121.14286,-5,0.24019,Moderate Risk
7.25338,23.8125,0.28786,0.017,122,7.27154,7.27803,-0.03178,23.83333,23.82143,-0.0625,0.28786,0.28786,0,0.017,0.017,0,128.66667,126.28571,-6,0.03687,High Risk
7.2897,23.875,0.28786,0.017,137,7.30786,7.29294,0,23.91667,23.91071,-0.0625,0.28786,0.28786,0,0.017,0.017,0,135.33333,136.28571,4,0.06466,High Risk
7.28516,23.9375,0.28786,0.017,131,7.29121,7.29165,0,23.89583,23.89286,0.0625,0.28786,0.28786,0,0.017,0.017,0,134.33333,133.28571,-4,0.03612,High Risk
7.29424,23.8125,0.28786,0.017,143,7.28365,7.28127,0.0227,23.83333,23.83929,-0.0625,0.28786,0.28786,0,0.017,0.017,0,143.33333,143,-4,0.03519,High Risk
7.2897,23.8125,0.28786,0.017,176,7.28365,7.28257,0.01816,23.79167,23.8125,0,0.28786,0.28786,0,0.017,0.017,0,176.66667,175.57143,-2,0.03957,High Risk
7.28516,23.6875,0.28786,0.017,142,7.28667,7.2884,-0.00908,23.70833,23.70536,0,0.28786,0.28786,0,0.017,0.017,0,136.66667,135.42857,4,0.03603,High Risk
7.28516,23.625,0.28786,0.017,145,7.28516,7.29165,-0.00908,23.64583,23.64286,0,0.28786,0.28786,0,0.017,0.017,0,141.33333,140.85714,1,0.04437,High Risk
7.28516,23.6875,0.28786,0.017,145,7.28819,7.29165,0,23.64583,23.65179,0.0625,0.28786,0.28786,0,0.017,0.017,0,144.66667,142.85714,0,0.04582,High Risk
7.27154,23.625,0.28786,0.017,130,7.28365,7.28192,-0.01362,23.625,23.64286,0,0.28786,0.28786,0,0.017,0.017,0,140,139.57143,-13,0.03159,High Risk
7.2897,23.625,0.28786,0.017,144,7.28667,7.28451,0.01362,23.58333,23.59821,0.0625,0.28786,0.28786,0,0.017,0.017,0,144.66667,144.57143,-2,0.03591,High Risk
7.28062,23.4375,0.28786,0.017,144,7.28819,7.28581,-0.00908,23.45833,23.46429,-0.0625,0.28786,0.28786,0,0.017,0.017,0,140.66667,146.85714,9,0.03859,High Risk
7.28516,23.4375,0.28786,0.017,136,7.29121,7.291,-0.03178,23.4375,23.42857,0,0.28786,0.28786,0,0.017,0.017,0,136,135,-1,0.0399,High Risk
7.29424,23.3125,0.28786,0.017,129,7.29121,7.2897,0.00454,23.33333,23.33036,-0.0625,0.28786,0.28786,0,0.017,0.017,0,127.66667,128.14286,0,0.02266,High Risk
7.29424,23.3125,0.28786,0.017,135,7.28819,7.28581,0.00908,23.29167,23.28571,0,0.28786,0.28786,0,0.017,0.017,0,134,132.42857,1,0.03192,High Risk
7.27608,23.25,0.28786,0.017,135,7.28516,7.28516,-0.01362,23.27083,23.27679,-0.0625,0.28786,0.28786,0,0.017,0.017,0,131.66667,132.42857,9,0.03057,High Risk
7.2897,23.25,0.28786,0.017,128,7.29273,7.2884,0.00454,23.20833,23.21429,0.0625,0.28786,0.28786,0,0.017,0.017,0,127.66667,127.28571,-9,0.03029,High Risk
7.29424,23.1875,0.28786,0.017,153,7.28516,7.28192,0.00908,23.14583,23.15179,0.0625,0.28786,0.28786,0,0.017,0.017,0,144,137.42857,12,0.0354,High Risk
7.30332,23.0625,0.28786,0.017,143,7.29727,7.29229,0,23.08333,23.08929,0,0.28786,0.28786,0,0.017,0.017,0,141.66667,134.42857,1,0.03316,High Risk
7.2897,23.0625,0.28786,0.017,142,7.28667,7.28711,-0.00908,23.0625,23.03571,0,0.28786,0.28786,0,0.017,0.017,0,134.66667,135.57143,11,0.05142,High Risk
7.2897,23,0.28786,0.017,139,7.27457,7.28192,0.0227,23.04167,23.03571,-0.0625,0.28786,0.28786,0,0.017,0.017,0,136.33333,135.28571,-1,0.03814,High Risk
7.28516,23.125,0.28786,0.017,141,7.27305,7.27219,0.0227,23.16667,23.16964,-0.0625,0.28786,0.28786,0,0.017,0.017,0,139,137.85714,-1,0.03446,High Risk
7.27608,23.25,0.28786,0.017,134,7.27305,7.27608,0.00454,23.25,23.27679,0,0.28786,0.28786,0,0.017,0.017,0,137,136.85714,-5,0.03767,High Risk
7.25792,23.625,0.28786,0.017,119,7.26095,7.2657,-0.00908,23.58333,23.57143,0.0625,0.28786,0.28786,0,0.017,0.017,0,123.66667,122.57143,-9,0.03891,High Risk
7.27154,23.75,0.28786,0.017,126,7.26397,7.25792,0.01362,23.75,23.75,0,0.28786,0.28786,0,0.017,0.017,0,127,126,-1,0.01815,High Risk
7.267,23.875,0.28786,0.017,142,7.26851,7.26765,-0.00454,23.85417,23.85714,0,0.28786,0.28786,0,0.017,0.017,0,138.33333,135.71429,0,0.03296,High Risk
7.28516,23.875,0.28786,0.017,131,7.27608,7.27349,0.00908,23.875,23.86607,0,0.28786,0.28786,0,0.017,0.017,0,137.33333,136,-8,0.0245,High Risk
7.21707,23.875,0.28786,0.017,134,7.26549,7.26506,-0.05901,23.91667,23.91071,-0.0625,0.28786,0.28786,0,0.017,0.017,0,133.33333,133.57143,1,0.07114,High Risk
7.267,24,0.28786,0.017,135,7.26549,7.26441,-0.00454,24.02083,23.98214,-0.0625,0.28786,0.28786,0,0.017,0.017,0,136,133.42857,0,0.03631,High Risk
7.27608,24,0.28786,0.017,127,7.21707,7.24366,0.00454,24,24.01786,0,0.28786,0.28786,0,0.017,0.017,0,128,128.42857,-1,0.14208,High Risk
7.267,24.0625,0.28786,0.017,139,7.267,7.26505,0,24.02083,24.02679,0.0625,0.28786,0.28786,0,0.017,0.017,0,136.33333,131.57143,1,0.03043,High Risk
7.27608,24,0.28786,0.017,148,7.26549,7.27024,0.00454,24,23.98214,0,0.28786,0.28786,0,0.017,0.017,0,147.33333,147.57143,3,0.03731,High Risk
7.27608,23.9375,0.28786,0.017,155,7.27154,7.27803,0.00454,23.9375,23.9375,0,0.28786,0.28786,0,0.017,0.017,0,153.66667,152.71429,1,0.02021,High Risk
7.28516,23.875,0.28786,0.017,165,7.27759,7.27867,0.00908,23.875,23.875,0,0.28786,0.28786,0,0.017,0.017,0,171.33333,173,-8,0.03892,High Risk
7.29424,23.875,0.28786,0.017,165,7.29727,7.28516,-0.03632,23.875,23.875,0,0.28786,0.28786,0,0.017,0.017,0,161.66667,163.71429,11,0.05861,High Risk
7.267,23.8125,0.28786,0.017,150,7.26851,7.26895,-0.00454,23.79167,23.80357,0.0625,0.28786,0.28786,0,0.017,0.017,0,150,154.71429,4,0.01666,High Risk
7.267,23.8125,0.28786,0.017,144,7.26397,7.26895,0.00908,23.8125,23.80357,0,0.28786,0.28786,0,0.017,0.017,0,151.33333,151.85714,-11,0.02827,High Risk
7.24431,23.75,0.28786,0.017,143,7.25641,7.26181,-0.00907,23.79167,23.78571,-0.0625,0.28786,0.28786,0,0.017,0.017,0,150.33333,150.85714,-11,0.03981,High Risk
7.28516,23.6875,0.28786,0.017,134,7.28213,7.28062,0.00908,23.72917,23.72321,-0.0625,0.28786,0.28786,0,0.017,0.017,0,144,144.71429,-15,0.02843,High Risk
7.28516,23.6875,0.28786,0.017,129,7.28213,7.28775,-0.00454,23.6875,23.6875,0,0.28786,0.28786,0,0.017,0.017,0,128.33333,130.28571,3,0.02451,High Risk
7.29424,23.5,0.28786,0.017,119,7.28365,7.28516,0.01362,23.5,23.50893,0,0.28786,0.28786,0,0.017,0.017,0,118.66667,123.28571,1,0.02353,High Risk
7.27154,23.5,0.28786,0.017,126,7.28062,7.28386,-0.00454,23.47917,23.49107,0.0625,0.28786,0.28786,0,0.017,0.017,0,125,128,1,0.04086,High Risk
7.28516,23.4375,0.28786,0.017,128,7.28213,7.28451,0.00908,23.4375,23.44643,0,0.28786,0.28786,0,0.017,0.017,0,129.33333,129.85714,5,0.01998,High Risk
7.28516,23.4375,0.28786,0.017,131,7.29727,7.29424,-0.03632,23.39583,23.40179,0.0625,0.28786,0.28786,0,0.017,0.017,0,124.33333,126.42857,10,0.04816,High Risk
7.27608,23.3125,0.28786,0.017,136,7.27305,7.27867,0.00908,23.35417,23.34821,-0.0625,0.28786,0.28786,0,0.017,0.017,0,136,132.57143,4,0.03398,High Risk
7.28516,23.125,0.28786,0.017,117,7.28819,7.28062,-0.00454,23.14583,23.16071,0,0.28786,0.28786,0,0.017,0.017,0,121.33333,128.42857,-1,0.04015,High Risk
7.28062,23.125,0.28786,0.017,128,7.28667,7.28646,-0.00908,23.14583,23.15179,0,0.28786,0.28786,0,0.017,0.017,0,126,120.57143,9,0.03465,High Risk
7.28516,23.125,0.28786,0.017,122,7.28516,7.29035,0,23.125,23.125,0,0.28786,0.28786,0,0.017,0.017,0,126.66667,126.85714,-3,0.02369,High Risk
7.28516,23,0.28786,0.017,126,7.28213,7.28581,0,23,23,0,0.28786,0.28786,0,0.017,0.017,0,128.66667,130.14286,-9,0.02892,High Risk
7.27154,23,0.28786,0.017,135,7.28213,7.29164,-0.0454,22.95833,22.9375,0.0625,0.28786,0.28786,0,0.017,0.017,0,126.66667,127.57143,23,0.09416,High Risk
7.29424,22.9375,0.28786,0.017,128,7.27003,7.26181,0.04086,22.9375,22.9375,0,0.28786,0.28786,0,0.017,0.017,0,130.33333,125.85714,-2,0.03533,High Risk
7.27154,22.9375,0.28786,0.017,128,7.27457,7.27154,-0.01362,22.95833,22.94643,0,0.28786,0.28786,0,0.017,0.017,0,128,130.71429,0,0.02664,High Risk
7.29424,22.9375,0.28786,0.017,130,7.27305,7.26959,0.02724,22.95833,22.95536,-0.0625,0.28786,0.28786,0,0.017,0.017,0,131.66667,128.42857,-8,0.04664,High Risk
7.25338,23,0.28786,0.017,125,7.25792,7.25014,-0.01362,23,23.00893,0,0.28786,0.28786,0,0.017,0.017,0,117,116,11,0.05681,High Risk
7.23069,23.3125,0.28786,0.017,119,7.2549,7.25209,-0.04539,23.3125,23.3125,0,0.28786,0.28786,0,0.017,0.017,0,120.33333,121.42857,-8,0.02951,High Risk
7.24431,23.375,0.28786,0.017,119,7.25944,7.25079,-0.04539,23.41667,23.42857,-0.0625,0.28786,0.28786,0,0.017,0.017,0,123.33333,119.71429,-7,0.04612,High Risk
7.24431,23.4375,0.28786,0.017,112,7.24431,7.24755,0,23.4375,23.4375,0,0.28786,0.28786,0,0.017,0.017,0,121,121.71429,-13,0.01715,High Risk
7.24431,23.4375,0.28786,0.017,127,7.24431,7.24755,0,23.4375,23.4375,0,0.28786,0.28786,0,0.017,0.017,0,121.33333,123.85714,15,0.01715,High Risk
7.28516,23.5,0.28786,0.017,115,7.25339,7.25079,0.04085,23.47917,23.48214,0,0.28786,0.28786,0,0.017,0.017,0,119.33333,120.57143,-12,0.04875,High Risk
7.24431,23.5,0.28786,0.017,121,7.24734,7.25079,-0.00454,23.5,23.49107,0,0.28786,0.28786,0,0.017,0.017,0,116.66667,117.85714,4,0.02741,High Risk
7.24431,23.8125,0.28786,0.017,126,7.25641,7.25339,-0.04085,23.77083,23.75893,0.0625,0.28786,0.28786,0,0.017,0.017,0,122,122.85714,12,0.04326,High Risk
7.24431,23.75,0.28786,0.017,125,7.24431,7.24561,0,23.79167,23.79464,-0.0625,0.28786,0.28786,0,0.017,0.017,0,114.66667,115.85714,19,0.01968,High Risk
7.23977,24,0.28786,0.017,114,7.2428,7.24496,-0.00454,23.97917,23.96429,0,0.28786,0.28786,0,0.017,0.017,0,119,117,-11,0.02297,High Risk
7.24885,24.5625,0.67453,0.017,112,7.24734,7.24755,0,24.58333,24.59821,0,0.68306,0.64819,-0.01021,0.017,0.017,0,112.33333,112,-1,0.15951,High Risk
7.28516,24.625,0.349,0.017,121,7.25944,7.26311,0.04085,24.625,24.625,0,0.37612,0.40434,-0.06159,0.017,0.017,0,119,116.14286,-3,0.12283,High Risk
7.25792,24.8125,0.4266,0.017,131,7.25792,7.26052,0.00907,24.8125,24.78571,0,0.43408,0.47105,0.02379,0.017,0.017,0,130,128.85714,3,0.13826,High Risk
7.267,24.75,0.41217,0.017,81,7.26851,7.25727,-0.00454,24.75,24.75893,0,0.44997,0.44004,-0.00957,0.017,0.017,0,115.66667,123.85714,-62,0.19354,Moderate Risk
7.267,24.75,0.50248,0.017,138,7.26851,7.26441,0.00454,24.75,24.76786,0,0.47564,0.42973,0.03322,0.017,0.017,0,136,135,7,0.12736,High Risk
7.25338,24.75,0.46217,0.017,140,7.25187,7.25663,0.00907,24.75,24.75,0,0.46394,0.45743,0,0.017,0.017,0,148.66667,148,-10,0.06919,High Risk
7.27154,24.6875,0.60024,0.017,157,7.30029,7.27543,-0.10895,24.72917,24.71429,-0.0625,0.53504,0.54045,0.15194,0.017,0.017,0,163,163.42857,-16,0.2235,High Risk
7.25338,24.6875,0.74926,0.017,151,7.26397,7.25792,-0.01362,24.70833,24.70536,-0.0625,0.72418,0.67993,0.0056,0.017,0.017,0,153.33333,155,-7,0.16606,High Risk
7.25338,24.625,0.58903,0.017,161,7.24885,7.25403,0.00453,24.66667,24.6875,-0.0625,0.59426,0.59665,-0.01348,0.017,0.017,0,158,159,6,0.10451,High Risk
7.267,24.625,0.64477,0.017,183,7.25339,7.25598,0.01815,24.66667,24.64286,-0.0625,0.68721,0.72487,-0.11012,0.017,0.017,0,187.33333,185.57143,-4,0.15959,High Risk
7.24431,24.625,0.7244,0.017,180,7.26095,7.26765,-0.02723,24.64583,24.65179,0,0.74381,0.71533,-0.03617,0.017,0.017,0,182.66667,183.57143,-7,0.16288,High Risk
7.26246,24.625,0.59349,0.017,160,7.26095,7.25598,-0.00454,24.625,24.625,0,0.64164,0.68351,-0.07348,0.017,0.017,0,171.33333,173.28571,-19,0.17957,High Risk
7.25792,24.625,0.85409,0.017,159,7.25489,7.2657,0.00454,24.60417,24.59821,0,0.82674,0.86104,0.08204,0.017,0.017,0,156.33333,157.71429,9,0.14104,High Risk
7.24431,24.5625,0.63514,0.017,155,7.25792,7.267,-0.01815,24.52083,24.53571,0.0625,0.63118,0.64704,0.0095,0.017,0.017,0,149.33333,147.57143,13,0.09401,High Risk
7.25792,24.3125,0.67707,0.017,141,7.26397,7.267,-0.01816,24.35417,24.34821,-0.0625,0.70967,0.64855,-0.03121,0.017,0.017,0,138.33333,140,9,0.25078,High Risk
7.267,24.3125,0.62801,0.017,151,7.27305,7.26959,-0.01816,24.3125,24.30357,0,0.58975,0.5914,0.11005,0.017,0.017,0,149.33333,148.71429,-2,0.13414,High Risk
7.27608,24.125,0.28786,0.017,138,7.267,7.26895,0.01362,24.125,24.125,0,0.28786,0.28786,0,0.017,0.017,0,136.66667,138,4,0.03775,High Risk
7.33056,24.0625,0.28786,0.017,128,7.28819,7.27478,0.06356,24.08333,24.09821,-0.0625,0.28786,0.28786,0,0.017,0.017,0,132,135,-11,0.06663,High Risk
7.24885,24.0625,0.28786,0.017,128,7.25641,7.26181,-0.01815,24.04167,24.04464,0.0625,0.28786,0.28786,0,0.017,0.017,0,131.66667,132.42857,3,0.03297,High Risk
7.25792,24,0.28786,0.017,132,7.26397,7.26376,0,24,24,0,0.28786,0.28786,0,0.017,0.017,0,136.66667,132.57143,-12,0.01634,High Risk
7.267,23.9375,0.28786,0.017,132,7.26549,7.2657,0.00908,23.9375,23.9375,0,0.28786,0.28786,0,0.017,0.017,0,132,135,1,0.00864,High Risk
7.267,23.875,0.28786,0.017,144,7.28516,7.27608,-0.05448,23.875,23.86607,0,0.28786,0.28786,0,0.017,0.017,0,140.66667,142.57143,13,0.05242,High Risk
7.27154,23.8125,0.28786,0.017,137,7.27305,7.27024,-0.00454,23.8125,23.8125,0,0.28786,0.28786,0,0.017,0.017,0,132.33333,133.71429,2,0.00686,High Risk
7.25792,23.8125,0.28786,0.017,131,7.27003,7.27024,-0.02724,23.8125,23.8125,0,0.28786,0.28786,0,0.017,0.017,0,134.33333,135.85714,2,0.01716,High Risk
7.25792,23.75,0.28786,0.017,122,7.26549,7.2657,-0.01362,23.75,23.75,0,0.28786,0.28786,0,0.017,0.017,0,126.66667,136.57143,10,0.01138,High Risk
7.27154,23.75,0.28786,0.017,144,7.27305,7.27154,-0.01362,23.70833,23.70536,0.0625,0.28786,0.28786,0,0.017,0.017,0,139,138.85714,15,0.04299,High Risk
7.267,23.5625,0.28786,0.017,148,7.26246,7.2683,0.01362,23.58333,23.59821,-0.0625,0.28786,0.28786,0,0.017,0.017,0,147.33333,142.71429,1,0.03218,High Risk
7.26246,23.5625,0.28786,0.017,137,7.26246,7.267,-0.00454,23.60417,23.61607,-0.0625,0.28786,0.28786,0,0.017,0.017,0,135.33333,139.57143,2,0.02997,High Risk
7.26246,23.5625,0.28786,0.017,150,7.25792,7.26181,0.00908,23.52083,23.50893,0.0625,0.28786,0.28786,0,0.017,0.017,0,146.66667,148.14286,11,0.0261,High Risk
7.29424,23.5,0.28786,0.017,150,7.27759,7.2657,0.03178,23.5,23.50893,0,0.28786,0.28786,0,0.017,0.017,0,147.33333,144.14286,-1,0.04133,High Risk
7.267,23.5,0.28786,0.017,143,7.26549,7.25987,0,23.5,23.49107,0,0.28786,0.28786,0,0.017,0.017,0,151,149.28571,-11,0.02553,High Risk
7.267,23.4375,0.28786,0.017,156,7.27154,7.26635,0.01362,23.4375,23.4375,0,0.28786,0.28786,0,0.017,0.017,0,145.33333,145.57143,18,0.02695,High Risk
7.25338,23.4375,0.28786,0.017,142,7.25792,7.26441,-0.01362,23.4375,23.4375,0,0.28786,0.28786,0,0.017,0.017,0,145.33333,144.14286,-14,0.02865,High Risk
7.267,23.4375,0.28786,0.017,144,7.27003,7.26635,0,23.4375,23.4375,0,0.28786,0.28786,0,0.017,0.017,0,143,144.85714,0,0.01329,High Risk
7.24885,23.25,0.28786,0.017,142,7.25339,7.25144,-0.01361,23.29167,23.30357,-0.0625,0.28786,0.28786,0,0.017,0.017,0,134.33333,137.85714,14,0.02449,High Risk
7.25792,23.3125,0.28786,0.017,133,7.25187,7.25922,0.00907,23.3125,23.3125,0,0.28786,0.28786,0,0.017,0.017,0,136.66667,135.28571,-5,0.03947,High Risk
7.25338,23.375,0.63037,0.017,128,7.25943,7.25533,-0.01362,23.33333,23.32143,0.0625,0.65723,0.62874,0,0.017,0.017,0,127.66667,123.71429,0,0.12111,High Risk
7.25792,23.375,0.52587,0.017,127,7.25338,7.25468,0.00907,23.35417,23.33929,0.0625,0.51219,0.54749,0.01956,0.017,0.017,0,122.33333,120.28571,4,0.14328,High Risk
7.24431,23.375,0.39365,0.017,128,7.25187,7.2443,-0.00907,23.375,23.375,0,0.37891,0.38799,0,0.017,0.017,0,125.33333,124.28571,5,0.1133,High Risk
7.25338,23.375,0.35485,0.017,123,7.25338,7.25987,0.00453,23.375,23.38393,0,0.37448,0.39356,-0.0589,0.017,0.017,0,127.33333,128.28571,-5,0.1108,High Risk
7.25792,23.4375,0.64235,0.017,137,7.25187,7.25338,0.01361,23.47917,23.49107,-0.0625,0.64164,0.61864,-0.0122,0.017,0.017,0,134.33333,131.28571,4,0.10562,High Risk
7.27608,23.5,0.60936,0.017,131,7.2549,7.25922,0.03177,23.5,23.5,0,0.6075,0.64769,0.03135,0.017,0.017,0,132.33333,132.42857,-4,0.19705,High Risk
7.25338,23.5,0.70828,0.017,129,7.25641,7.25468,-0.01362,23.5,23.5,0,0.70882,0.65986,0.03375,0.017,0.017,0,126.33333,130.28571,7,0.16948,High Risk
7.25338,23.5625,0.75207,0.017,138,7.25187,7.24885,0.00453,23.5625,23.5625,0,0.81273,0.70909,-0.10202,0.017,0.017,0,135.33333,136.57143,-4,0.24215,High Risk
7.24431,23.6875,0.67453,0.017,124,7.24431,7.24496,0,23.70833,23.73214,-0.0625,0.64455,0.60076,0.08993,0.017,0.017,0,126,129.14286,-2,0.13788,High Risk
7.24431,23.8125,0.63037,0.017,127,7.24431,7.24301,0,23.79167,23.77679,0.0625,0.61331,0.56111,0.06317,0.017,0.017,0,124,122.28571,5,0.24393,High Risk
7.25792,23.9375,0.73811,0.017,122,7.24733,7.25209,0.01815,23.9375,23.9375,0,0.78439,0.87134,-0.07547,0.017,0.017,0,117.33333,119.57143,5,0.24648,High Risk
7.24431,24,0.01397,0.017,111,7.24885,7.24431,0,24,23.99107,0,0.3349,0.5915,-0.96656,0.017,0.017,0,116.33333,115.57143,-3,0.84027,Moderate Risk
7.24431,24.0625,0.44659,0.017,128,7.24431,7.2469,0,24.0625,24.05357,0,0.47517,0.45448,-0.05589,0.017,0.017,0,128.33333,126.28571,0,0.14933,High Risk
7.24431,24.1875,0.63514,0.017,117,7.24431,7.24561,0,24.16667,24.16071,0,0.57448,0.57877,0.09922,0.017,0.017,0,121,120.14286,-6,0.12543,High Risk
7.25338,24.375,0.41852,0.017,115,7.24733,7.24885,0.00907,24.375,24.35714,0,0.46758,0.48083,-0.07078,0.017,0.017,0,117.66667,120,-1,0.08264,High Risk
7.25338,24.4375,0.38618,0.017,123,7.25187,7.25144,0.00453,24.41667,24.40179,0.0625,0.39989,0.40326,-0.01356,0.017,0.017,0,125.66667,124.57143,-3,0.05104,High Risk
7.25338,24.4375,0.28786,0.017,131,7.24733,7.2482,0.00907,24.45833,24.44643,-0.0625,0.28786,0.28786,0,0.017,0.017,0,128,125.71429,2,0.01997,High Risk
7.24885,24.4375,0.28786,0.017,133,7.24885,7.24755,0.00454,24.4375,24.4375,0,0.28786,0.28786,0,0.017,0.017,0,140.33333,137.28571,-11,0.00863,High Risk
7.24885,24.4375,0.28786,0.017,148,7.24734,7.24885,0,24.4375,24.4375,0,0.28786,0.28786,0,0.017,0.017,0,143.33333,143.28571,10,0.00741,High Risk
7.25338,24.4375,0.28786,0.017,154,7.25187,7.25014,-0.00454,24.39583,24.39286,0.0625,0.28786,0.28786,0,0.017,0.017,0,151.66667,155.14286,6,0.02662,High Risk
7.24431,24.375,0.28786,0.017,147,7.25036,7.25209,-0.00907,24.375,24.375,0,0.28786,0.28786,0,0.017,0.017,0,154,154.28571,-10,0.01715,High Risk
7.24885,24.375,0.28786,0.017,179,7.26398,7.25792,-0.04085,24.35417,24.33036,0.0625,0.28786,0.28786,0,0.017,0.017,0,177.66667,178.85714,-3,0.04756,High Risk
7.24431,24.3125,0.28786,0.017,167,7.26095,7.25468,-0.00454,24.33333,24.33036,-0.0625,0.28786,0.28786,0,0.017,0.017,0,176,178.28571,-12,0.04786,High Risk
7.24885,24.25,0.28786,0.017,146,7.25036,7.2495,0,24.25,24.25,0,0.28786,0.28786,0,0.017,0.017,0,148,147.57143,-2,0.00626,High Risk
7.2897,24.25,0.28786,0.017,162,7.26549,7.267,0.03632,24.27083,24.25893,0,0.28786,0.28786,0,0.017,0.017,0,153,151.57143,15,0.05173,High Risk
7.24885,24.1875,0.28786,0.017,146,7.25338,7.25144,-0.00907,24.20833,24.19643,0,0.28786,0.28786,0,0.017,0.017,0,142.66667,143.28571,4,0.02066,High Risk
7.25792,24.125,0.28786,0.017,156,7.25187,7.25144,0,24.125,24.125,0,0.28786,0.28786,0,0.017,0.017,0,152.66667,151.14286,10,0.01268,High Risk
7.24885,24.125,0.28786,0.017,149,7.25036,7.25209,-0.00453,24.125,24.125,0,0.28786,0.28786,0,0.017,0.017,0,150,148.71429,-4,0.01455,High Risk
7.24885,24.0625,0.28786,0.017,156,7.25036,7.25079,-0.00907,24.10417,24.11607,-0.0625,0.28786,0.28786,0,0.017,0.017,0,152,147,1,0.02336,High Risk
7.25338,24.0625,0.28786,0.017,139,7.24733,7.2469,0.00907,24.08333,24.08929,-0.0625,0.28786,0.28786,0,0.017,0.017,0,143,142.57143,-2,0.02556,High Risk
7.24885,24.0625,0.28786,0.017,143,7.25036,7.24885,-0.00453,24.0625,24.07143,0,0.28786,0.28786,0,0.017,0.017,0,149.66667,146.42857,-10,0.01922,High Risk
7.24431,24,0.28786,0.017,155,7.24582,7.2469,-0.00454,24.02083,24,-0.0625,0.28786,0.28786,0,0.017,0.017,0,151,148.57143,11,0.0229,High Risk
7.24885,24,0.28786,0.017,147,7.24885,7.24885,0.00454,24,24,0,0.28786,0.28786,0,0.017,0.017,0,142,144.85714,12,0.01048,High Risk
7.24885,23.9375,0.28786,0.017,153,7.24885,7.25403,0.00454,23.97917,23.94643,-0.0625,0.28786,0.28786,0,0.017,0.017,0,151.66667,153.85714,-5,0.03928,High Risk
7.25338,23.9375,0.28786,0.017,144,7.24885,7.2495,0.00453,23.9375,23.9375,0,0.28786,0.28786,0,0.017,0.017,0,144,144,0,0.01328,High Risk
7.24431,23.9375,0.28786,0.017,145,7.25944,7.25533,0,23.91667,23.92857,0,0.28786,0.28786,0,0.017,0.017,0,148,145.14286,1,0.04652,High Risk
7.25792,23.9375,0.28786,0.017,147,7.25187,7.25209,0.01361,23.9375,23.91071,0,0.28786,0.28786,0,0.017,0.017,0,145.66667,148.42857,1,0.03385,High Risk
7.24431,23.875,0.28786,0.017,160,7.25187,7.25014,-0.00907,23.875,23.875,0,0.28786,0.28786,0,0.017,0.017,0,160,162.85714,1,0.01009,High Risk
7.25338,23.8125,0.28786,0.017,175,7.25036,7.25014,0.00453,23.83333,23.83036,-0.0625,0.28786,0.28786,0,0.017,0.017,0,159.33333,155.28571,19,0.01967,High Risk
7.27608,23.8125,0.28786,0.017,143,7.27003,7.26052,-0.00908,23.77083,23.76786,0.0625,0.28786,0.28786,0,0.017,0.017,0,147,147.28571,-11,0.04436,High Risk
7.24885,23.5625,0.28786,0.017,144,7.26095,7.25404,0,23.5625,23.57143,0,0.28786,0.28786,0,0.017,0.017,0,146.33333,144.57143,-2,0.03976,High Risk
7.24431,23.625,0.28786,0.017,154,7.24733,7.25728,-0.00907,23.58333,23.57143,0.0625,0.28786,0.28786,0,0.017,0.017,0,154,154.28571,-1,0.04119,High Risk
7.24431,23.5625,0.28786,0.017,153,7.25187,7.24949,-0.00907,23.54167,23.55357,0,0.28786,0.28786,0,0.017,0.017,0,146.66667,145.85714,14,0.02283,High Risk
7.25792,23.5625,0.28786,0.017,142,7.25944,7.25727,-0.01362,23.52083,23.50893,0.0625,0.28786,0.28786,0,0.017,0.017,0,145.66667,143,-2,0.02702,High Risk
7.24431,23.4375,0.28786,0.017,133,7.25036,7.25598,-0.00907,23.4375,23.42857,0,0.28786,0.28786,0,0.017,0.017,0,140.33333,144,-6,0.04652,High Risk
7.26246,23.3125,0.28786,0.017,158,7.25187,7.25792,0.01361,23.35417,23.34821,-0.0625,0.28786,0.28786,0,0.017,0.017,0,154.66667,152.42857,5,0.05067,High Risk
7.24885,23.25,0.28786,0.017,147,7.25187,7.25468,-0.00453,23.25,23.28571,0,0.28786,0.28786,0,0.017,0.017,0,151.33333,152.14286,-13,0.02923,High Risk
7.24885,23.1875,0.28786,0.017,139,7.25187,7.25533,0,23.1875,23.19643,0,0.28786,0.28786,0,0.017,0.017,0,142.66667,147.85714,-3,0.02449,High Risk
7.24431,23.1875,0.28786,0.017,145,7.25036,7.24625,-0.00907,23.1875,23.1875,0,0.28786,0.28786,0,0.017,0.017,0,145.33333,149.85714,-1,0.0305,High Risk
7.24885,23.1875,0.28786,0.017,162,7.26246,7.25339,-0.01815,23.1875,23.17857,0,0.28786,0.28786,0,0.017,0.017,0,159.33333,160.42857,11,0.03465,High Risk
7.23977,23.1875,0.28786,0.017,155,7.24884,7.25209,-0.01361,23.14583,23.13393,0.0625,0.28786,0.28786,0,0.017,0.017,0,160.33333,160.71429,-4,0.02433,High Risk
7.24431,23.125,0.28786,0.017,176,7.24885,7.24755,0,23.125,23.125,0,0.28786,0.28786,0,0.017,0.017,0,174.66667,173.85714,2,0.0101,High Risk
7.24431,23.125,0.28786,0.017,143,7.24582,7.25922,0,23.125,23.11607,0,0.28786,0.28786,0,0.017,0.017,0,134.33333,137.71429,12,0.06363,High Risk
7.27154,23.25,0.28786,0.017,136,7.25339,7.24236,0.02723,23.27083,23.25893,0,0.28786,0.28786,0,0.017,0.017,0,133.33333,130.57143,1,0.05499,High Risk
7.24431,23.3125,0.28786,0.017,121,7.24582,7.24885,-0.00454,23.3125,23.30357,0,0.28786,0.28786,0,0.017,0.017,0,128,134.28571,-17,0.02919,High Risk
7.24431,23.375,0.28786,0.017,121,7.24431,7.24366,0.00454,23.375,23.375,0,0.28786,0.28786,0,0.017,0.017,0,127.33333,125.57143,-10,0.00627,High Risk
7.24431,23.625,0.28786,0.017,125,7.24885,7.24431,0,23.625,23.625,0,0.28786,0.28786,0,0.017,0.017,0,120.33333,121,12,0.01572,High Risk
7.24431,23.6875,0.28786,0.017,128,7.2428,7.24236,0.00454,23.6875,23.69643,0,0.28786,0.28786,0,0.017,0.017,0,128,125.85714,0,0.01666,High Risk
7.23523,23.75,0.28786,0.017,133,7.24733,7.24561,-0.02269,23.77083,23.76786,-0.0625,0.28786,0.28786,0,0.017,0.017,0,131.33333,133.28571,5,0.0298,High Risk
7.24431,23.875,0.28786,0.017,128,7.22464,7.23653,0,23.85417,23.86607,0.0625,0.28786,0.28786,0,0.017,0.017,0,124,126.57143,2,0.05712,High Risk
7.24431,23.9375,0.28786,0.017,138,7.24431,7.24561,0,23.9375,23.9375,0,0.28786,0.28786,0,0.017,0.017,0,145.66667,139.71429,-24,0.00443,High Risk
7.24431,24,0.28786,0.017,145,7.24734,7.24626,-0.00454,24,23.99107,0,0.28786,0.28786,0,0.017,0.017,0,144.33333,140.42857,1,0.01666,High Risk
7.24431,24,0.28786,0.017,139,7.24582,7.24496,-0.00454,23.97917,23.98214,0,0.28786,0.28786,0,0.017,0.017,0,142.33333,145.28571,-10,0.01868,High Risk
7.24885,24,0.28786,0.017,153,7.24582,7.25144,0.00454,23.95833,23.96429,0.0625,0.28786,0.28786,0,0.017,0.017,0,146.33333,146.14286,6,0.04675,High Risk
7.24431,23.875,0.28786,0.017,150,7.24431,7.24561,0,23.875,23.875,0,0.28786,0.28786,0,0.017,0.017,0,155.66667,155.85714,-16,0.00686,High Risk
7.24431,23.6875,0.28786,0.017,144,7.24582,7.24496,-0.00454,23.6875,23.67857,0,0.28786,0.28786,0,0.017,0.017,0,145.66667,143.14286,-3,0.01524,High Risk
7.24431,23.625,0.28786,0.017,144,7.25339,7.24885,-0.02723,23.625,23.61607,0,0.28786,0.28786,0,0.017,0.017,0,139.33333,139.42857,0,0.03342,High Risk
7.24431,23.5625,0.28786,0.017,147,7.24431,7.24625,0,23.60417,23.58929,-0.0625,0.28786,0.28786,0,0.017,0.017,0,151.33333,149.57143,3,0.02384,High Risk
7.24885,23.5625,0.28786,0.017,165,7.24582,7.2469,0.00454,23.58333,23.58036,0,0.28786,0.28786,0,0.017,0.017,0,152,152.57143,18,0.02239,High Risk
7.24431,23.5,0.28786,0.017,160,7.25339,7.2482,-0.02269,23.5,23.5,0,0.28786,0.28786,0,0.017,0.017,0,154.33333,154.42857,16,0.01692,High Risk
7.24431,23.5,0.28786,0.017,147,7.24582,7.24885,0,23.47917,23.48214,0.0625,0.28786,0.28786,0,0.017,0.017,0,155,151.57143,-14,0.03554,High Risk
7.24885,23.3125,0.28786,0.017,139,7.25641,7.25079,-0.02723,23.27083,23.26786,0.0625,0.28786,0.28786,0,0.017,0.017,0,145,145.71429,-10,0.0386,High Risk
7.24431,23.1875,0.28786,0.017,154,7.24733,7.2469,-0.00907,23.22917,23.22321,-0.0625,0.28786,0.28786,0,0.017,0.017,0,145.66667,142.28571,10,0.02556,High Risk
7.25792,23.1875,0.28786,0.017,141,7.25187,7.24755,0.00454,23.1875,23.1875,0,0.28786,0.28786,0,0.017,0.017,0,145.33333,146.14286,-3,0.01137,High Risk
7.24885,23.1875,0.28786,0.017,137,7.25641,7.25144,-0.02723,23.1875,23.16964,0,0.28786,0.28786,0,0.017,0.017,0,145,146.71429,-12,0.03801,High Risk
7.33056,23.0625,0.28786,0.017,141,7.27306,7.25858,0.08625,23.0625,23.08929,0,0.28786,0.28786,0,0.017,0.017,0,137.33333,134.14286,9,0.08056,High Risk
7.25338,23.0625,0.28786,0.017,139,7.25338,7.26052,0,23.08333,23.08036,0,0.28786,0.28786,0,0.017,0.017,0,134.66667,134.28571,4,0.07768,High Risk
7.24885,23.0625,0.28786,0.017,144,7.24734,7.24626,0.00454,23.0625,23.05357,0,0.28786,0.28786,0,0.017,0.017,0,136,138.42857,10,0.01666,High Risk
7.24431,23.0625,0.28786,0.017,140,7.24733,7.24625,0,23.04167,23.04464,0,0.28786,0.28786,0,0.017,0.017,0,136.66667,136.85714,-2,0.02239,High Risk
7.25338,22.9375,0.28786,0.017,139,7.24885,7.24755,0.00453,22.97917,22.98214,-0.0625,0.28786,0.28786,0,0.017,0.017,0,140.33333,141.71429,-5,0.02388,High Risk
7.24431,22.9375,0.28786,0.017,121,7.24734,7.2482,-0.00454,22.9375,22.94643,0,0.28786,0.28786,0,0.017,0.017,0,124,123.57143,-7,0.02402,High Risk
7.24431,22.875,0.28786,0.017,134,7.24733,7.2469,-0.00907,22.89583,22.88393,0,0.28786,0.28786,0,0.017,0.017,0,133.33333,131,1,0.01895,High Risk
7.24885,22.8125,0.28786,0.017,135,7.1974,7.22615,0.14981,22.83333,22.83929,-0.0625,0.28786,0.28786,0,0.017,0.017,0,138,134,-5,0.12925,High Risk
7.267,22.8125,0.28786,0.017,201,7.25187,7.2482,0.02269,22.8125,22.8125,0,0.28786,0.28786,0,0.017,0.017,0,157.33333,142.14286,66,0.01692,High Risk
7.25338,22.8125,0.28786,0.017,135,7.24885,7.2495,0.00907,22.8125,22.80357,0,0.28786,0.28786,0,0.017,0.017,0,133.66667,133.14286,2,0.01807,High Risk
7.24431,22.8125,0.28786,0.017,127,7.24733,7.23912,0,22.79167,22.8125,0,0.28786,0.28786,0,0.017,0.017,0,130.66667,130.71429,-10,0.05414,High Risk
7.24431,22.75,0.28786,0.017,144,7.24733,7.25144,-0.00907,22.75,22.74107,0,0.28786,0.28786,0,0.017,0.017,0,140.66667,140.42857,0,0.03457,High Risk
7.24431,22.6875,0.017,0.017,133,7.25339,7.2495,-0.02269,22.6875,22.66964,0,0.53332,0.63522,-0.76531,0.017,0.017,0,137.33333,140.42857,-11,0.63197,Moderate Risk
7.23523,22.75,0.33616,0.017,127,7.23825,7.24171,-0.01815,22.70833,22.69643,0.0625,0.34313,0.34961,-0.00833,0.017,0.017,0,129.66667,130.71429,0,0.04468,High Risk
7.24431,22.6875,0.28048,0.017,132,7.2428,7.2482,0,22.6875,22.70536,0,0.28128,0.28107,-0.00587,0.017,0.017,0,125.66667,132.42857,9,0.06889,High Risk
7.24431,22.875,0.35015,0.017,131,7.2428,7.24172,0,22.875,22.86607,0,0.34732,0.34753,0.00142,0.017,0.017,0,138.33333,137.71429,-11,0.02706,High Risk
7.23069,23.3125,0.48121,0.017,119,7.22766,7.23458,0.01362,23.3125,23.27679,0,0.47996,0.47772,-0.00384,0.017,0.017,0,115.66667,117.57143,3,0.04997,High Risk
7.23977,24,0.65433,0.017,123,7.2428,7.24236,-0.00454,24.02083,24.00893,-0.0625,0.7181,0.73806,-0.07532,0.017,0.017,0,124,118.57143,-1,0.10732,High Risk
7.23977,24.1875,0.74972,0.017,128,7.2428,7.24172,-0.00454,24.1875,24.1875,0,0.75459,0.76372,-0.00291,0.017,0.017,0,125,125,9,0.07465,High Risk
7.23523,24.3125,0.58179,0.017,123,7.23977,7.23977,-0.00908,24.3125,24.30357,0,0.57607,0.58515,-0.01622,0.017,0.017,0,125,124.71429,-4,0.07104,High Risk
7.24431,24.375,0.50471,0.017,141,7.24431,7.24107,0,24.33333,24.32143,0.0625,0.49688,0.47778,0.0235,0.017,0.017,0,138.33333,135.14286,2,0.13255,High Risk
7.267,24.375,0.28786,0.017,137,7.25187,7.24625,0.02269,24.375,24.35714,0,0.28786,0.28786,0,0.017,0.017,0,139.66667,137.85714,-3,0.03404,High Risk
7.24431,24.25,0.28786,0.017,171,7.2428,7.24301,0.00454,24.29167,24.27679,-0.0625,0.28786,0.28786,0,0.017,0.017,0,165,163.57143,2,0.02113,High Risk
7.24431,24.25,0.28786,0.017,171,7.2428,7.24301,0.00454,24.27083,24.27679,-0.0625,0.28786,0.28786,0,0.017,0.017,0,168.66667,167.14286,1,0.02113,High Risk
7.24431,24.25,0.28786,0.017,176,7.24582,7.24496,-0.00454,24.25,24.23214,0,0.28786,0.28786,0,0.017,0.017,0,181,183.42857,0,0.01868,High Risk
7.24431,24.1875,0.28786,0.017,195,7.24431,7.23328,0,24.20833,24.22321,0,0.28786,0.28786,0,0.017,0.017,0,193.66667,193.85714,-4,0.07115,High Risk
7.23977,24.25,0.28786,0.017,189,7.23977,7.23328,-0.00454,24.22917,24.23214,0.0625,0.28786,0.28786,0,0.017,0.017,0,195.66667,193.42857,-14,0.04242,High Risk
7.27608,24.125,0.28786,0.017,176,7.25641,7.25209,0.03177,24.125,24.14286,0,0.28786,0.28786,0,0.017,0.017,0,176.33333,176.57143,0,0.04022,High Risk
7.24431,24,0.28786,0.017,171,7.23977,7.24172,0.01362,24.02083,24.03571,-0.0625,0.28786,0.28786,0,0.017,0.017,0,173,168.28571,5,0.027,High Risk
7.24885,24,0.28786,0.017,166,7.24431,7.24366,0.00908,23.97917,23.98214,0,0.28786,0.28786,0,0.017,0.017,0,165.33333,165.85714,2,0.02151,High Risk
7.24431,24,0.28786,0.017,176,7.24733,7.24625,-0.00907,24,24,0,0.28786,0.28786,0,0.017,0.017,0,171.66667,170.71429,0,0.01029,High Risk
7.21253,24,0.28786,0.017,175,7.22312,7.25663,0,24,23.98214,0,0.28786,0.28786,0,0.017,0.017,0,168.33333,171.14286,18,0.12981,High Risk
7.24431,23.9375,0.28786,0.017,175,7.22312,7.23717,0.03178,23.97917,23.97321,-0.0625,0.28786,0.28786,0,0.017,0.017,0,169,171,0,0.05181,High Risk
7.23977,23.875,0.28786,0.017,134,7.24582,7.24236,-0.01361,23.875,23.86607,0,0.28786,0.28786,0,0.017,0.017,0,139.66667,139.28571,-7,0.02553,High Risk
7.23977,23.8125,0.28786,0.017,147,7.24128,7.24496,0.00454,23.83333,23.83036,-0.0625,0.28786,0.28786,0,0.017,0.017,0,143.66667,142.57143,9,0.02746,High Risk
7.24431,23.75,0.28786,0.017,145,7.2428,7.24172,0.00454,23.75,23.75893,0,0.28786,0.28786,0,0.017,0.017,0,144.33333,144.42857,1,0.01666,High Risk
7.21253,23.4375,0.28786,0.017,153,7.2322,7.23718,-0.02724,23.5,23.50893,-0.125,0.28786,0.28786,0,0.017,0.017,0,145.66667,144.71429,15,0.04551,High Risk
7.23523,23.5,0.28786,0.017,140,7.23826,7.2281,-0.00908,23.5,23.48214,0,0.28786,0.28786,0,0.017,0.017,0,145.66667,148.28571,-13,0.03801,High Risk
7.21253,23.125,0.66447,0.017,176,7.21404,7.18918,0,23.125,23.16071,0,0.69901,0.72043,-0.0961,0.017,0.017,0,172.66667,179.42857,-1,0.28939,High Risk
7.18529,23.9375,0.5802,0.017,176,7.19134,7.17427,-0.00908,23.9375,23.95536,0,0.60266,0.62031,-0.08677,0.017,0.017,0,178,183.28571,-1,0.16219,High Risk
7.19437,23.5625,0.59573,0.017,151,7.19134,7.15481,0,23.60417,23.61607,-0.0625,0.58835,0.55612,0.01989,0.017,0.017,0,154.33333,162,-2,0.16962,High Risk
7.18075,23.5625,0.50248,0.017,148,7.18983,7.16649,-0.01362,23.58333,23.60714,0,0.55802,0.55503,-0.09325,0.017,0.017,0,150.66667,158,-3,0.15887,High Risk
7.17167,23.5625,0.60478,0.017,154,7.18832,7.16713,-0.02724,23.5625,23.55357,0,0.59428,0.53292,0.01575,0.017,0.017,0,154.66667,159.42857,-1,0.21083,High Risk
7.17167,23.4375,0.73535,0.017,169,7.15805,7.17881,0.06809,23.41667,23.42857,0,0.75666,0.74285,0.00823,0.017,0.017,0,164.66667,158.42857,0,0.18704,High Risk
7.17621,23.375,0.7837,0.017,158,7.152,7.10034,-0.00454,23.33333,23.35714,0.0625,0.84483,0.74812,-0.01182,0.017,0.017,0,164,162.85714,-11,0.46113,High Risk
7.09904,24.8125,0.50439,0.017,159,7.04457,7.00371,0.02723,24.8125,24.78571,0,0.49997,0.50115,0.01136,0.017,0.017,0,165.66667,164.71429,0,0.19272,High Risk
7.13082,24.875,0.68991,0.017,157,7.13536,7.12823,0.01816,24.875,24.89286,0,0.69488,0.66116,-0.09086,0.017,0.017,0,154.66667,151.42857,3,0.24146,High Risk
7.08542,24.8125,0.44151,0.017,205,7.04608,7.08802,0.02723,24.8125,24.83036,0,0.42518,0.44751,0.05236,0.017,0.017,0,201.33333,201.57143,-2,0.2015,High Risk
7.18075,24.625,0.28786,0.017,187,7.17772,7.18334,0.00454,24.625,24.63393,0,0.28786,0.28786,0,0.017,0.017,0,182.66667,181.28571,12,0.04186,High Risk
7.17621,24.625,0.28786,0.017,194,7.15049,7.16389,0.04993,24.625,24.61607,0,0.28786,0.28786,0,0.017,0.017,0,193.66667,194.42857,8,0.08129,High Risk
7.18529,24.5625,0.28786,0.017,178,7.18529,7.1827,0.00454,24.5625,24.57143,0,0.28786,0.28786,0,0.017,0.017,0,185.33333,185.71429,-9,0.02336,High Risk
7.18075,24.5,0.28786,0.017,176,7.19437,7.18594,-0.0454,24.54167,24.55357,-0.0625,0.28786,0.28786,0,0.017,0.017,0,177,174.28571,-3,0.04867,High Risk
7.18075,24.375,0.28786,0.017,153,7.18226,7.18464,0,24.375,24.36607,0,0.28786,0.28786,0,0.017,0.017,0,162.33333,162.28571,-14,0.02403,High Risk
7.17167,24.375,0.28786,0.017,176,7.17318,7.1587,0,24.35417,24.36607,0,0.28786,0.28786,0,0.017,0.017,0,167.66667,169.42857,13,0.07005,High Risk
7.18529,24.25,0.28786,0.017,171,7.15351,7.17297,0.08625,24.29167,24.26786,-0.0625,0.28786,0.28786,0,0.017,0.017,0,161.33333,163.57143,9,0.08191,High Risk
7.18983,24.25,0.28786,0.017,180,7.18832,7.17232,0.01362,24.25,24.25,0,0.28786,0.28786,0,0.017,0.017,0,179.66667,178,-1,0.0666,High Risk
6.90385,24.25,0.28786,0.017,189,7.09299,7.14573,-0.28144,24.25,24.25,0,0.28786,0.28786,0,0.017,0.017,0,179.33333,179.71429,9,0.21393,High Risk
7.17621,24.1875,0.28786,0.017,179,7.18529,7.19242,-0.00454,24.1875,24.1875,0,0.28786,0.28786,0,0.017,0.017,0,174.66667,174.28571,3,0.02865,High Risk
7.18529,24.1875,0.28786,0.017,164,7.1868,7.18983,0,24.16667,24.17857,0,0.28786,0.28786,0,0.017,0.017,0,168.33333,172.57143,-1,0.0292,High Risk
7.18529,24.125,0.28786,0.017,161,7.18378,7.18788,0,24.10417,24.11607,0.0625,0.28786,0.28786,0,0.017,0.017,0,175.33333,175,-13,0.02554,High Risk
7.17621,24.0625,0.28786,0.017,163,7.18075,6.98231,-0.00454,24.08333,24.07143,-0.0625,0.28786,0.28786,0,0.017,0.017,0,164,170.71429,0,1.08594,High Risk
7.18529,23.9375,0.28786,0.017,170,7.18983,7.19113,-0.00908,23.9375,23.9375,0,0.28786,0.28786,0,0.017,0.017,0,166.66667,167.42857,0,0.00864,High Risk
7.18983,23.9375,0.28786,0.017,174,7.18529,7.19437,0.01816,23.91667,23.91964,0.0625,0.28786,0.28786,0,0.017,0.017,0,171,172.85714,-1,0.04444,High Risk
7.19891,23.875,0.28786,0.017,173,7.2095,7.2054,-0.03178,23.83333,23.84821,0.0625,0.28786,0.28786,0,0.017,0.017,0,175.33333,179,-3,0.04582,High Risk
7.19437,23.875,0.28786,0.017,175,7.18832,7.19048,0.01362,23.875,23.86607,0,0.28786,0.28786,0,0.017,0.017,0,168.33333,166.57143,4,0.02284,High Risk
7.19437,23.875,0.28786,0.017,161,7.19134,7.1801,-0.00454,23.875,23.84821,0,0.28786,0.28786,0,0.017,0.017,0,164,169.85714,4,0.07748,High Risk
7.18529,23.5625,0.28786,0.017,183,7.2095,7.16908,0.05901,23.5625,23.53571,0,0.28786,0.28786,0,0.017,0.017,0,183.66667,183.57143,-9,0.16421,High Risk
7.13082,23.5625,0.28786,0.017,192,7.16411,7.17816,-0.04539,23.54167,23.52679,0.0625,0.28786,0.28786,0,0.017,0.017,0,189.33333,185.85714,3,0.06527,High Risk
7.18529,23.5,0.28786,0.017,192,7.19134,7.19178,-0.00908,23.47917,23.49107,0,0.28786,0.28786,0,0.017,0.017,0,187.33333,186.71429,5,0.01896,High Risk
7.12628,23.5,0.28786,0.017,193,7.08391,7.12433,0.02724,23.5,23.49107,0,0.28786,0.28786,0,0.017,0.017,0,205.33333,204.42857,-15,0.11623,High Risk
7.19437,23.5,0.28786,0.017,144,7.18832,7.18399,0,23.5,23.5,0,0.28786,0.28786,0,0.017,0.017,0,152.33333,153.28571,-11,0.01716,High Risk
7.19437,23.5,0.28786,0.017,151,7.18529,7.17102,0.01362,23.5,23.50893,0,0.28786,0.28786,0,0.017,0.017,0,157.33333,164.28571,-10,0.06664,High Risk
7.22161,23.5,0.28786,0.017,161,7.19437,7.18724,0.04086,23.52083,23.52679,-0.0625,0.28786,0.28786,0,0.017,0.017,0,159.66667,164.28571,-4,0.04853,High Risk
7.16713,23.5625,0.28786,0.017,171,7.15049,7.13017,0.02723,23.5625,23.5625,0,0.28786,0.28786,0,0.017,0.017,0,175.33333,175.57143,-8,0.05331,High Risk
7.12628,23.5,0.28786,0.017,176,7.09148,7.12887,0.07263,23.52083,23.53571,0,0.28786,0.28786,0,0.017,0.017,0,169.33333,172.85714,9,0.10201,High Risk
7.16713,23.625,0.28786,0.017,148,7.10207,7.09126,0.05447,23.625,23.61607,0,0.28786,0.28786,0,0.017,0.017,0,164.66667,169.71429,-27,0.14376,High Risk
7.16713,23.8125,0.28786,0.017,160,7.16562,7.13795,-0.00454,23.83333,23.85714,0,0.28786,0.28786,0,0.017,0.017,0,163.66667,169,2,0.08879,High Risk
7.17621,24,0.28786,0.017,160,7.17318,7.16973,0.00454,23.97917,23.95536,0,0.28786,0.28786,0,0.017,0.017,0,156,157.28571,9,0.02793,High Risk
7.02187,24.25,0.28786,0.017,198,7.00523,6.9875,0.00454,24.22917,24.23214,0,0.28786,0.28786,0,0.017,0.017,0,201,201.57143,0,0.07287,High Risk
7.08542,24.1875,0.28786,0.017,192,7.04003,7.08478,0.04539,24.20833,24.19643,0,0.28786,0.28786,0,0.017,0.017,0,192.66667,188.42857,9,0.14352,High Risk
7.12174,24.1875,0.28786,0.017,192,7.0945,7.08932,0.07263,24.1875,24.1875,0,0.28786,0.28786,0,0.017,0.017,0,190.66667,189.57143,1,0.07991,High Risk
7.05819,24.125,0.28786,0.017,193,7.07483,7.10228,-0.04085,24.16667,24.16071,-0.0625,0.28786,0.28786,0,0.017,0.017,0,200,198.57143,-12,0.09078,High Risk
7.12174,24.125,0.28786,0.017,218,7.11115,7.11525,0.01362,24.125,24.125,0,0.28786,0.28786,0,0.017,0.017,0,214.66667,213.71429,10,0.04413,High Risk
7.1172,24.0625,0.28786,0.017,193,7.10207,7.09191,0.03178,24.10417,24.09821,-0.0625,0.28786,0.28786,0,0.017,0.017,0,193,197.14286,3,0.07847,High Risk
7.19437,24.0625,0.28786,0.017,202,7.18832,7.16973,0.01816,24.0625,24.05357,0,0.28786,0.28786,0,0.017,0.017,0,200.33333,198.85714,5,0.05806,High Risk
4.94734,24.4375,0.00191,0.017,116,4.93523,4.94085,0.01362,24.4375,24.45536,0,0.00798,0.00983,-0.00918,0.017,0.017,0,116,116,0,0.12948,High Risk
4.97003,24.25,0.01454,0.017,116,4.92464,4.85525,0.05447,24.27083,24.28571,-0.0625,0.01325,0.1508,0.00167,0.017,0.017,0,116,116,0,0.98723,High Risk
4.96096,24.25,0.01369,0.017,116,4.93826,4.89805,0.04994,24.22917,24.23214,0.0625,0.01404,0.07546,-0.00139,0.017,0.017,0,116,116,0,0.45744,High Risk
4.68859,24.1875,0.22945,0.017,116,4.75668,4.82542,-0.10894,24.1875,24.1875,0,0.0954,0.05293,0.20138,0.017,0.017,0,116,116,0,0.3121,High Risk
4.98819,24.125,0.01225,0.017,116,4.95944,4.86303,-0.00908,24.16667,24.16964,-0.0625,0.01412,0.0821,-0.00078,0.017,0.017,0,116,116,0,0.73102,High Risk
4.99273,24.125,0.01021,0.017,116,4.96852,4.94993,0.03177,24.125,24.11607,0,0.01135,0.01263,0.00057,0.017,0.017,0,116,116,0,0.06167,High Risk
5.06536,24.0625,0.00682,0.017,116,5.0578,5.01089,0.02269,24.10417,24.10714,-0.0625,0.00782,0.01272,-0.00147,0.017,0.017,0,116,116,0,0.15509,High Risk
4.72944,23.9375,0.08696,0.017,116,4.94582,4.91102,-0.31323,23.9375,23.95536,0,0.03275,0.09704,0.08094,0.017,0.017,0,116,116,0,0.69431,High Risk
5.0926,23.875,0.00377,0.017,116,5.05326,5.06471,0.04086,23.89583,23.875,-0.0625,0.00504,0.00485,-0.00192,0.017,0.017,0,116,116,0,0.07942,High Risk
5.16523,23.8125,0.00322,0.017,116,5.06536,5.13281,0.16796,23.8125,23.79464,0,0.00441,0.00369,-0.00227,0.017,0.017,0,116,116,0,0.29237,High Risk
4.98819,23.75,0.00409,0.017,116,5.00484,5.0083,-0.01362,23.75,23.76786,0,0.00307,0.00407,0.00309,0.017,0.017,0,116,116,0,0.13471,High Risk
5.19701,23.8125,0.00448,0.017,116,5.06234,5.03748,0.20882,23.77083,23.76786,0.0625,0.00319,0.00404,0.00039,0.017,0.017,0,116,116,0,0.20069,High Risk
5.06536,23.75,0.00406,0.017,116,5.09865,5.11335,-0.0227,23.77083,23.75893,-0.0625,0.00333,0.00284,0.00073,0.017,0.017,0,116,116,0,0.08579,High Risk
5.18339,23.8125,0.00144,0.017,116,5.19701,5.18922,-0.03631,23.8125,23.82143,0,0.00151,0.00165,-0.00021,0.017,0.017,0,116,116,0,0.09432,High Risk
5.06082,24.25,0.00277,0.017,116,5.02148,5.02191,0.09079,24.25,24.24107,0,0.00326,0.05018,-0.001,0.017,0.017,0,116,116,0,0.45725,High Risk
5.07444,24.25,0.00275,0.017,116,5.06385,5.10881,0.0227,24.25,24.24107,0,0.00207,0.00189,0.00173,0.017,0.017,0,116,116,0,0.16852,High Risk
5.01089,24.3125,0.00368,0.017,116,5.01997,5.02256,-0.05447,24.33333,24.33036,-0.0625,0.00191,0.00253,0.00269,0.017,0.017,0,116,116,0,0.10941,High Risk
5.1153,24.375,0.00168,0.017,116,5.08503,5.0939,0.05902,24.375,24.375,0,0.00132,0.00169,0.00046,0.017,0.017,0,116,116,0,0.08489,High Risk
5.2878,24.4375,0.00122,0.017,116,5.26813,5.25537,0.02724,24.39583,24.41071,0.0625,0.00115,0.00118,-0.00002,0.017,0.017,0,116,116,0,0.05414,High Risk
5.21517,24.4375,0.00141,0.017,116,5.24997,5.25408,-0.06809,24.4375,24.42857,0,0.00137,0.00135,0.00006,0.017,0.017,0,116,116,0,0.05815,High Risk
5.2651,24.4375,0.00136,0.017,116,5.24089,5.24759,0.0227,24.4375,24.42857,0,0.00138,0.00137,-0.00001,0.017,0.017,0,116,116,0,0.0628,High Risk
5.14253,24.4375,0.00124,0.017,116,5.14859,5.12373,0.04539,24.4375,24.42857,0,0.00102,0.00147,0.00048,0.017,0.017,0,116,116,0,0.11825,High Risk
5.2197,24.3125,0.00124,0.017,116,5.26207,5.25732,-0.06356,24.3125,24.32143,0,0.00111,0.00106,0.0002,0.017,0.017,0,116,116,0,0.08735,High Risk
5.21517,24.3125,0.00088,0.017,116,5.23938,5.25278,-0.03631,24.3125,24.3125,0,0.00095,0.00103,-0.00001,0.017,0.017,0,116,116,0,0.05515,High Risk
5.30595,24.25,0.00103,0.017,116,5.26813,5.25861,0.02269,24.29167,24.30357,-0.0625,0.00098,0.00103,0,0.017,0.017,0,116,116,0,0.08017,High Risk
5.30141,24.1875,0.00084,0.017,116,5.29233,5.28974,0.06809,24.1875,24.20536,0,0.00084,0.00081,-0.00003,0.017,0.017,0,116,116,0,0.08581,High Risk
5.35589,24.0625,0.00124,0.017,116,5.35589,5.35589,0,24.0625,24.0625,0,0.00117,0.00121,0.0002,0.017,0.017,0,116,116,0,0.00015,High Risk
5.35589,24,0.00135,0.017,116,5.35589,5.34097,0,24,24.01786,0,0.0012,0.00126,0.00029,0.017,0.017,0,116,116,0,0.05323,High Risk
5.31503,24,0.00136,0.017,116,5.31806,5.32022,0,23.97917,23.98214,0,0.00137,0.00131,-0.00001,0.017,0.017,0,116,116,0,0.02977,High Risk
5.38766,23.9375,0.00127,0.017,116,5.38161,5.39091,0.00907,23.9375,23.94643,0,0.00125,0.00127,0.00003,0.017,0.017,0,116,116,0,0.04361,High Risk
5.14253,23.9375,0.00431,0.017,116,5.17279,5.16717,-0.09079,23.9375,23.92857,0,0.00413,0.00405,0.00049,0.017,0.017,0,116,116,0,0.0812,High Risk
5.24694,23.875,0.00251,0.017,116,5.24845,5.23916,-0.01816,23.91667,23.91071,-0.0625,0.00229,0.00256,0.00063,0.017,0.017,0,116,116,0,0.09124,High Risk
5.16523,23.8125,0.00419,0.017,116,5.14102,5.04915,0.01362,23.8125,23.82143,0,0.00517,0.08485,-0.00053,0.017,0.017,0,116,116,0,0.51817,High Risk
5.0926,23.75,0.0065,0.017,116,5.10168,5.06796,-0.05447,23.75,23.75,0,0.00587,0.00829,0.00325,0.017,0.017,0,116,116,0,0.1755,High Risk
5.11076,23.6875,0.00682,0.017,116,5.18188,5.16199,-0.14526,23.6875,23.72321,0,0.00513,0.00537,0.003,0.017,0.017,0,116,116,0,0.12884,High Risk
5.16977,23.6875,0.00561,0.017,116,5.19398,5.19312,-0.03632,23.70833,23.72321,0,0.00497,0.00449,0.0011,0.017,0.017,0,116,116,0,0.06853,High Risk
4.99273,23.75,0.01437,0.017,116,4.96852,4.93242,0.00454,23.70833,23.69643,0.0625,0.0226,0.02648,-0.00221,0.017,0.017,0,116,116,0,0.15211,High Risk
5.03813,23.6875,0.01454,0.017,116,4.84747,4.87989,0.19066,23.6875,23.6875,0,0.04374,0.04124,-0.00356,0.017,0.017,0,116,116,0,0.34953,High Risk
5.29688,23.625,0.00214,0.017,116,5.29385,5.30855,0.00908,23.625,23.625,0,0.00244,0.00248,-0.00048,0.017,0.017,0,116,116,0,0.05505,High Risk
5.2197,23.625,0.00377,0.017,116,5.23484,5.25797,0.00453,23.625,23.61607,0,0.00367,0.00321,-0.00071,0.017,0.017,0,116,116,0,0.09029,High Risk
5.31503,23.625,0.00315,0.017,116,5.27872,5.25408,0.04539,23.60417,23.59821,0.0625,0.00327,0.00411,0.00024,0.017,0.017,0,116,116,0,0.09444,High Risk
5.13345,23.5625,0.00659,0.017,116,5.29233,5.33319,-0.17704,23.5625,23.5625,0,0.00345,0.00233,0.00422,0.017,0.017,0,116,116,0,0.19506,High Risk
5.18793,23.5625,0.00341,0.017,116,5.20609,5.25083,-0.0227,23.5625,23.5625,0,0.00289,0.00235,0.00045,0.017,0.017,0,116,116,0,0.1215,High Risk
5.15161,23.625,0.00458,0.017,116,5.17582,5.12308,-0.05902,23.58333,23.57143,0.0625,0.0033,0.00511,0.00248,0.017,0.017,0,116,116,0,0.18399,High Risk
5.17885,23.75,0.00144,0.017,116,5.21214,5.22489,-0.10895,23.72917,23.70536,0,0.00148,0.00131,0,0.017,0.017,0,116,116,0,0.09518,High Risk
5.16977,23.75,0.0014,0.017,116,5.18339,5.15096,-0.04993,23.75,23.73214,0,0.00143,0.00185,0.00016,0.017,0.017,0,116,116,0,0.09833,High Risk
5.10622,24,0.00125,0.017,116,5.08957,5.08287,0.01362,23.95833,23.97321,0.0625,0.00241,0.0024,-0.00175,0.017,0.017,0,116,116,0,0.04526,High Risk
5.09714,24.375,0.00207,0.017,116,5.10471,5.1153,0.00454,24.33333,24.32143,0.0625,0.00193,0.00174,0.00014,0.017,0.017,0,116,116,0,0.06284,High Risk
5.21063,24.9375,0.00085,0.017,116,5.22727,5.23592,-0.04085,24.9375,24.9375,0,0.0009,0.00098,-0.00021,0.017,0.017,0,116,116,0,0.03207,High Risk
5.25602,25,0.00078,0.017,116,5.26813,5.26186,-0.01816,25,24.99107,0,0.00077,0.00079,-0.00003,0.017,0.017,0,116,116,0,0.02904,High Risk
5.25602,25,0.00058,0.017,116,5.11379,5.10168,0.38131,25,25,0,0.09534,0.04125,-0.2834,0.017,0.017,0,116,116,0,0.48814,High Risk
5.29234,24.9375,0.00048,0.017,116,5.26964,5.25862,0.04994,24.9375,24.94643,0,0.00051,0.00051,-0.00005,0.017,0.017,0,116,116,0,0.09465,High Risk
5.49661,24.0625,0.00203,0.017,116,5.50872,5.51866,-0.00454,24.0625,24.0625,0,0.002,0.00197,0,0.017,0.017,0,116,116,0,0.02756,High Risk
5.55109,23.9375,0.002,0.017,116,5.5405,5.54201,0.00908,23.91667,23.92857,0,0.00195,0.00197,0.00009,0.017,0.017,0,116,116,0,0.03757,High Risk
5.52385,23.9375,0.00196,0.017,116,5.52688,5.52385,0,23.89583,23.88393,0.0625,0.00206,0.00201,-0.00011,0.017,0.017,0,116,116,0,0.02585,High Risk
5.36497,23.8125,0.004,0.017,116,5.42095,5.47781,-0.05447,23.83333,23.84821,0,0.00301,0.00241,0.00114,0.017,0.017,0,116,116,0,0.14399,High Risk
5.50115,23.75,0.00183,0.017,116,5.49812,5.47132,0.01362,23.75,23.76786,0,0.00206,0.00222,-0.00035,0.017,0.017,0,116,116,0,0.08441,High Risk
5.40582,23.75,0.00251,0.017,116,5.40128,5.41296,0.02269,23.75,23.75,0,0.00268,0.00279,-0.00047,0.017,0.017,0,116,116,0,0.09016,High Risk
5.26056,23.625,0.00857,0.017,116,5.18944,5.1769,-0.0227,23.625,23.625,0,0.01155,0.01229,-0.00113,0.017,0.017,0,116,116,0,0.29017,High Risk
5.31049,23.75,0.00122,0.017,116,5.31503,5.31698,0,23.70833,23.6875,0.0625,0.00129,0.00125,-0.00008,0.017,0.017,0,116,116,0,0.032,High Risk
5.24694,23.75,0.00163,0.017,116,5.21062,5.21451,0.02724,23.79167,23.78571,-0.0625,0.00161,0.00163,0,0.017,0.017,0,116,116,0,0.0761,High Risk
5.21063,23.8125,0.00157,0.017,116,5.25754,5.26575,-0.07263,23.8125,23.83036,0,0.00155,0.00153,0.00007,0.017,0.017,0,116,116,0,0.07238,High Risk
5.29234,23.8125,0.00152,0.017,116,5.2878,5.27418,0.00454,23.8125,23.8125,0,0.00149,0.00151,0.00002,0.017,0.017,0,116,116,0,0.05679,High Risk
4.70675,24,0.39225,0.017,116,4.81569,4.89286,-0.13618,24.02083,24.02679,0,0.17584,0.18621,0.38184,0.017,0.017,0,116,116,0,0.49498,High Risk
5.2651,24.875,0.00108,0.017,116,5.26207,5.2638,0.00454,24.875,24.88393,0,0.0011,0.00107,-0.00001,0.017,0.017,0,116,116,0,0.02563,High Risk
5.25602,24.9375,0.0012,0.017,116,5.27418,5.2651,-0.02724,24.9375,24.9375,0,0.00117,0.00119,0.00002,0.017,0.017,0,116,116,0,0.04485,High Risk
5.32865,24.875,0.00097,0.017,116,5.32562,5.32606,0.00454,24.875,24.89286,0,0.00097,0.00094,-0.00003,0.017,0.017,0,116,116,0,0.02028,High Risk
5.31049,24.875,0.00099,0.017,116,5.31957,5.32152,-0.01362,24.85417,24.875,0,0.001,0.00098,-0.00001,0.017,0.017,0,116,116,0,0.03078,High Risk
5.37859,24.75,0.00052,0.017,116,5.37405,5.37535,0.01816,24.75,24.75893,0,0.00065,0.00068,-0.00022,0.017,0.017,0,116,116,0,0.03638,High Risk
5.36043,24.75,0.00064,0.017,116,5.36346,5.36043,0,24.72917,24.74107,0.0625,0.00064,0.00064,-0.00002,0.017,0.017,0,116,116,0,0.02091,High Risk
5.35589,24.625,0.00054,0.017,116,5.36951,5.37923,0,24.64583,24.63393,-0.0625,0.00054,0.00054,0,0.017,0.017,0,116,116,0,0.05853,High Risk
5.35589,24.625,0.00054,0.017,116,5.3801,5.35589,-0.04085,24.64583,24.63393,0,0.00054,0.00055,0.00001,0.017,0.017,0,116,116,0,0.11066,High Risk
5.40128,24.625,0.0005,0.017,116,5.40128,5.39739,0,24.625,24.625,0,0.0005,0.00048,-0.00001,0.017,0.017,0,116,116,0,0.01339,High Risk
5.40582,24.5625,0.00072,0.017,116,5.41793,5.39545,-0.0227,24.54167,24.55357,0,0.00069,0.00068,0.00002,0.017,0.017,0,116,116,0,0.10689,High Risk
5.46938,24.5,0.00067,0.017,116,5.4603,5.46289,0.00908,24.5,24.52679,0,0.00066,0.00067,-0.00001,0.017,0.017,0,116,116,0,0.05591,High Risk
5.50115,24.5,0.00099,0.017,116,5.50115,5.49985,0,24.45833,24.45536,0.0625,0.00098,0.00097,0.00002,0.017,0.017,0,116,116,0,0.02214,High Risk
5.49661,24.4375,0.0012,0.017,116,5.49812,5.4992,0,24.4375,24.4375,0,0.00117,0.00114,0.00002,0.017,0.017,0,116,116,0,0.00895,High Risk
5.49207,24.4375,0.00124,0.017,116,5.4951,5.49726,-0.00454,24.41667,24.42857,0.0625,0.00107,0.00115,0.00003,0.017,0.017,0,116,116,0,0.01842,High Risk
5.51023,24.4375,0.00132,0.017,116,5.53747,5.51931,-0.09079,24.4375,24.40179,0,0.00118,0.00124,0.00036,0.017,0.017,0,116,116,0,0.0894,High Risk
5.51023,24.375,0.0013,0.017,116,5.5072,5.51866,0.00908,24.39583,24.40179,0,0.0013,0.00125,0.00003,0.017,0.017,0,116,116,0,0.09005,High Risk
5.50115,24.3125,0.00135,0.017,116,5.49964,5.49985,0.00454,24.3125,24.32143,0,0.00139,0.00138,-0.00005,0.017,0.017,0,116,116,0,0.01629,High Risk
5.50115,24.3125,0.00141,0.017,116,5.50115,5.50569,0,24.29167,24.28571,0,0.00142,0.00142,0,0.017,0.017,0,116,116,0,0.03246,High Risk
5.50115,24.3125,0.00142,0.017,116,5.49207,5.48429,0.03177,24.3125,24.30357,0,0.00142,0.00149,-0.00032,0.017,0.017,0,116,116,0,0.07812,High Risk
5.41036,24.1875,0.00233,0.017,116,5.44365,5.42787,-0.03178,24.1875,24.20536,0,0.00177,0.00167,0.0008,0.017,0.017,0,116,116,0,0.10384,High Risk
5.55109,24.125,0.00148,0.017,116,5.5405,5.5472,0.00908,24.10417,24.09821,0,0.00154,0.00155,-0.00009,0.017,0.017,0,116,116,0,0.0416,High Risk
5.5647,24.0625,0.00185,0.017,116,5.56167,5.56081,0.00454,24.0625,24.07143,0,0.00174,0.00167,0.00016,0.017,0.017,0,116,116,0,0.02639,High Risk
5.5647,24.125,0.00153,0.017,116,5.5647,5.57119,0.00454,24.08333,24.07143,0.0625,0.00155,0.00158,0,0.017,0.017,0,116,116,0,0.05873,High Risk
5.5647,24,0.00156,0.017,116,5.56773,5.56859,-0.00908,24.04167,24.05357,-0.0625,0.00141,0.00148,0.00007,0.017,0.017,0,116,116,0,0.02311,High Risk
5.57378,24.0625,0.0015,0.017,116,5.56621,5.54006,0.00454,24.04167,24.01786,0.0625,0.0015,0.0015,-0.00002,0.017,0.017,0,116,116,0,0.11984,High Risk
5.45122,23.9375,0.00169,0.017,116,5.44063,5.43501,0.00908,23.95833,23.94643,-0.0625,0.0017,0.00181,-0.00005,0.017,0.017,0,116,116,0,0.06446,High Risk
5.56016,23.9375,0.00157,0.017,116,5.54806,5.54136,0.01815,23.9375,23.92857,0,0.00151,0.00147,0.00011,0.017,0.017,0,116,116,0,0.03673,High Risk
5.53747,23.875,0.00152,0.017,116,5.54806,5.53877,0.01362,23.91667,23.92857,-0.0625,0.00149,0.00149,0.00006,0.017,0.017,0,116,116,0,0.0547,High Risk
5.54201,23.9375,0.00148,0.017,116,5.53142,5.53682,0.01362,23.89583,23.91071,0.0625,0.00138,0.00144,-0.00002,0.017,0.017,0,116,116,0,0.06063,High Risk
5.52385,23.875,0.00144,0.017,116,5.52234,5.51801,0.00908,23.875,23.88393,0,0.00144,0.00139,0,0.017,0.017,0,116,116,0,0.02757,High Risk
5.53293,23.75,0.00111,0.017,116,5.54201,5.54201,-0.01362,23.77083,23.75893,-0.0625,0.00112,0.00111,-0.00002,0.017,0.017,0,116,116,0,0.03809,High Risk
5.50569,23.75,0.00124,0.017,116,5.5072,5.50634,-0.00454,23.75,23.75,0,0.00114,0.00117,0.00029,0.017,0.017,0,116,116,0,0.0037,High Risk
4.70675,23.8125,0.38286,0.017,116,4.90043,5.06017,-0.15434,23.79167,23.78571,0.0625,0.13399,0.05885,0.36667,0.017,0.017,0,116,116,0,0.71877,High Risk
5.13345,23.8125,0.00257,0.017,116,5.07898,5.08871,0.01815,23.79167,23.80357,0,0.00496,0.00462,-0.00094,0.017,0.017,0,116,116,0,0.24863,High Risk
5.25148,24.5625,0.0014,0.017,116,5.25299,5.25537,-0.01362,24.5625,24.55357,0,0.0014,0.0014,0,0.017,0.017,0,116,116,0,0.03174,High Risk
5.27418,24.75,0.00138,0.017,116,5.27418,5.2664,-0.00454,24.75,24.75,0,0.00139,0.00138,-0.00003,0.017,0.017,0,116,116,0,0.01554,High Risk
5.2424,24.9375,0.0015,0.017,116,5.18944,5.21322,-0.01362,24.91667,24.92857,0.0625,0.00151,0.00152,0.00004,0.017,0.017,0,116,116,0,0.14441,High Risk
5.2651,25.625,0.0014,0.017,116,5.25753,5.25213,0,25.60417,25.58036,0,0.00141,0.00141,-0.00004,0.017,0.017,0,116,116,0,0.03839,Moderate Risk
5.27872,25.625,0.00131,0.017,116,5.26359,5.26186,0.0227,25.66667,25.67857,-0.0625,0.00121,0.00127,0.00031,0.017,0.017,0,116,116,0,0.02999,High Risk
5.2651,25.8125,0.00069,0.017,116,5.27267,5.26769,-0.00454,25.85417,25.86607,-0.0625,0.0009,0.00097,-0.00032,0.017,0.017,0,116,116,0,0.02934,High Risk
5.26964,25.875,0.00102,0.017,116,5.26813,5.27807,0.00908,25.89583,25.88393,-0.0625,0.00092,0.00094,0.0003,0.017,0.017,0,116,116,0,0.05304,High Risk
5.37859,25.0625,0.00103,0.017,116,5.38313,5.4175,-0.00454,25.10417,25.10714,-0.0625,0.00104,0.00101,-0.00001,0.017,0.017,0,116,116,0,0.09682,High Risk
5.54201,24.1875,0.00109,0.017,116,5.54201,5.54201,0,24.20833,24.22321,0,0.0011,0.00112,-0.00002,0.017,0.017,0,116,116,0,0.01676,High Risk
5.2651,26,0.00146,0.017,116,5.29385,5.27937,-0.00454,25.97917,25.99107,0,0.00148,0.00148,-0.00002,0.017,0.017,0,116,116,0,0.07262,High Risk
5.26056,26,0.00144,0.017,116,5.26813,5.27223,0,26.02083,26.02679,0,0.00144,0.00148,0,0.017,0.017,0,116,116,0,0.03492,Moderate Risk
5.33773,26.25,0.00118,0.017,116,5.28628,5.27807,0.08625,26.29167,26.29464,-0.0625,0.00121,0.00121,-0.00003,0.017,0.017,0,116,116,0,0.07014,High Risk
5.26964,26.3125,0.00106,0.017,116,5.30898,5.29363,-0.11349,26.27083,26.28571,0.0625,0.00114,0.00117,-0.00011,0.017,0.017,0,116,116,0,0.11286,Moderate Risk
5.2878,26.125,0.00072,0.017,116,5.31352,5.30207,-0.06809,26.16667,26.15179,-0.0625,0.00074,0.00075,-0.00003,0.017,0.017,0,116,116,0,0.06603,Moderate Risk
5.35589,25.9375,0.00047,0.017,116,5.35589,5.35394,0,25.9375,25.94643,0,0.00048,0.00045,-0.00001,0.017,0.017,0,116,116,0,0.01906,High Risk
5.36951,25.5,0.00216,0.017,116,5.36497,5.36432,0.00454,25.45833,25.44643,0.0625,0.00214,0.00213,0.00007,0.017,0.017,0,116,116,0,0.01815,Moderate Risk
5.36951,25.25,0.00218,0.017,116,5.39069,5.38313,-0.01362,25.27083,25.28571,0,0.0022,0.00229,0,0.017,0.017,0,116,116,0,0.05245,High Risk
5.29234,25.1875,0.00245,0.017,116,5.35135,5.36627,-0.08171,25.1875,25.1875,0,0.00245,0.00242,0,0.017,0.017,0,116,116,0,0.06679,High Risk
5.36043,24.9375,0.00202,0.017,116,5.3801,5.40777,0.00454,24.91667,24.91964,0,0.00241,0.00236,-0.00068,0.017,0.017,0,116,116,0,0.08399,High Risk
5.38313,24.8125,0.00266,0.017,116,5.368,5.39156,0.00454,24.85417,24.88393,-0.0625,0.00261,0.0025,0.00013,0.017,0.017,0,116,116,0,0.11385,High Risk
5.42398,24.6875,0.00249,0.017,116,5.43457,5.43825,-0.01816,24.70833,24.70536,0,0.00258,0.00255,-0.00013,0.017,0.017,0,116,116,0,0.02865,High Risk
5.32411,24.3125,0.00175,0.017,116,5.32714,5.32995,-0.00454,24.3125,24.29464,0,0.00164,0.00161,0.00033,0.017,0.017,0,116,116,0,0.02248,High Risk
5.31049,24.375,0.00177,0.017,116,5.3226,5.32476,-0.0227,24.3125,24.3125,0.0625,0.00176,0.00168,0.00003,0.017,0.017,0,116,116,0,0.03261,High Risk
5.27872,24.5625,0.00182,0.017,116,5.28175,5.28521,-0.00454,24.60417,24.59821,-0.0625,0.00177,0.00173,0.00008,0.017,0.017,0,116,116,0,0.02836,High Risk
5.2878,24.9375,0.0014,0.017,116,5.28326,5.28261,0.00454,24.9375,24.9375,0,0.00162,0.00157,-0.00031,0.017,0.017,0,116,116,0,0.02781,High Risk
5.28326,25.5625,0.00106,0.017,116,5.27872,5.27872,0.00908,25.5625,25.55357,0,0.0012,0.00126,-0.00036,0.017,0.017,0,116,116,0,0.02126,Moderate Risk
5.27872,25.625,0.00094,0.017,116,5.27872,5.28585,0,25.625,25.625,0,0.00104,0.00104,-0.00031,0.017,0.017,0,116,116,0,0.03803,High Risk
5.28326,25.8125,0.00138,0.017,116,5.28326,5.28067,-0.00454,25.79167,25.79464,0.0625,0.0014,0.00138,-0.00002,0.017,0.017,0,116,116,0,0.02433,High Risk
5.27418,25.9375,0.00153,0.017,116,5.27267,5.27677,0.00908,25.95833,25.95536,-0.0625,0.00156,0.00157,-0.00004,0.017,0.017,0,116,116,0,0.02797,High Risk
5.29234,26,0.00105,0.017,116,5.29234,5.29364,-0.00454,26,25.99107,0,0.00105,0.00106,0,0.017,0.017,0,116,116,0,0.01869,High Risk
5.30141,25.9375,0.00076,0.017,116,5.32865,5.33254,-0.02724,25.9375,25.94643,0,0.00076,0.00076,0,0.017,0.017,0,116,116,0,0.05491,Moderate Risk
5.21517,25.9375,0.00087,0.017,116,5.21668,5.22554,0.01816,25.9375,25.92857,0,0.00095,0.00085,-0.00033,0.017,0.017,0,116,116,0,0.04945,Moderate Risk
5.28326,25.9375,0.00052,0.017,116,5.28326,5.2891,-0.01362,25.9375,25.9375,0,0.00051,0.00051,0,0.017,0.017,0,116,116,0,0.02208,Moderate Risk
5.30141,25.9375,0.00037,0.017,116,5.29536,5.29688,0.01361,25.9375,25.91964,0,0.00048,0.00051,-0.00017,0.017,0.017,0,116,116,0,0.03698,High Risk
5.39674,25.8125,0.00037,0.017,116,5.39977,5.3935,-0.00908,25.8125,25.79464,0,0.00039,0.00039,-0.00002,0.017,0.017,0,116,116,0,0.04438,High Risk
5.2651,25.6875,0.0005,0.017,116,5.34681,5.36367,-0.12256,25.70833,25.71429,0,0.00045,0.00045,0.00013,0.017,0.017,0,116,116,0,0.10461,Moderate Risk
5.37859,25.6875,0.00052,0.017,116,5.3801,5.38378,0,25.72917,25.73214,-0.0625,0.00052,0.00051,-0.00001,0.017,0.017,0,116,116,0,0.05176,Moderate Risk
5.38766,25.75,0.00057,0.017,116,5.38918,5.38378,-0.00908,25.75,25.74107,0,0.00055,0.00054,0.00003,0.017,0.017,0,116,116,0,0.02611,Moderate Risk
5.41036,25.5625,0.00038,0.017,116,5.40733,5.40906,0.00908,25.5625,25.5625,0,0.00037,0.00037,0.00001,0.017,0.017,0,116,116,0,0.01359,High Risk
5.4149,25.5625,0.00038,0.017,116,5.41187,5.40777,0.01362,25.5625,25.58036,0,0.00038,0.00037,0,0.017,0.017,0,116,116,0,0.02995,High Risk
5.42852,25.5625,0.00036,0.017,116,5.42701,5.42917,0.00454,25.5625,25.58036,0,0.00037,0.00037,-0.00001,0.017,0.017,0,116,116,0,0.02343,High Risk
5.42398,25.4375,0.00081,0.017,116,5.42852,5.43565,-0.00908,25.47917,25.47321,-0.0625,0.00081,0.00082,-0.00001,0.017,0.017,0,116,116,0,0.05728,High Risk
5.42398,25.4375,0.00088,0.017,116,5.42701,5.42333,-0.00908,25.4375,25.4375,0,0.00085,0.00083,0.00006,0.017,0.017,0,116,116,0,0.01337,High Risk
5.46938,25.375,0.00076,0.017,116,5.46181,5.46289,0.00908,25.39583,25.38393,-0.0625,0.00072,0.00075,0.00014,0.017,0.017,0,116,116,0,0.02462,High Risk
5.47391,25.375,0.00075,0.017,116,5.47997,5.47327,-0.0227,25.375,25.36607,0,0.00074,0.00073,0.00003,0.017,0.017,0,116,116,0,0.03434,High Risk
5.47845,25.375,0.00079,0.017,116,5.46938,5.47002,0.01815,25.375,25.375,0,0.00075,0.00074,-0.00002,0.017,0.017,0,116,116,0,0.01536,High Risk
5.43306,25.3125,0.00132,0.017,116,5.43306,5.43047,0.02724,25.3125,25.32143,0,0.00136,0.00135,-0.0001,0.017,0.017,0,116,116,0,0.04456,High Risk
5.42398,25.25,0.00153,0.017,116,5.43306,5.43436,-0.00908,25.27083,25.27679,-0.0625,0.0015,0.00148,0.00004,0.017,0.017,0,116,116,0,0.02817,High Risk
5.43306,25.125,0.00148,0.017,116,5.44214,5.44668,-0.01816,25.14583,25.15179,0,0.00144,0.00145,0.00007,0.017,0.017,0,116,116,0,0.05081,High Risk
5.4376,25.125,0.00171,0.017,116,5.43155,5.43047,0.01362,25.125,25.11607,0,0.00172,0.00169,-0.00001,0.017,0.017,0,116,116,0,0.02226,High Risk
5.42398,25.0625,0.00191,0.017,116,5.46937,5.44992,-0.14072,25.0625,25.0625,0,0.00197,0.00193,0,0.017,0.017,0,116,116,0,0.10715,High Risk
5.42852,24.9375,0.00205,0.017,116,5.43003,5.42852,-0.00908,24.95833,24.97321,-0.0625,0.00203,0.00201,0.00002,0.017,0.017,0,116,116,0,0.02848,High Risk
5.43306,24.9375,0.002,0.017,116,5.4376,5.44019,-0.01816,24.89583,24.91964,0.0625,0.00199,0.00199,0.00005,0.017,0.017,0,116,116,0,0.03259,High Risk
5.43306,24.875,0.00237,0.017,116,5.43609,5.43306,-0.00454,24.875,24.88393,0,0.00218,0.00211,0.00028,0.017,0.017,0,116,116,0,0.02592,High Risk
5.44214,24.9375,0.00202,0.017,116,5.44517,5.44344,-0.01362,24.91667,24.89286,0,0.00201,0.00201,0.00002,0.017,0.017,0,116,116,0,0.03321,High Risk
5.46938,24.8125,0.00191,0.017,116,5.46484,5.4603,0.01362,24.8125,24.83036,0,0.00191,0.00191,0,0.017,0.017,0,116,116,0,0.02914,High Risk
5.47391,24.8125,0.00196,0.017,116,5.46937,5.46808,0,24.8125,24.82143,0,0.00195,0.00193,0,0.017,0.017,0,116,116,0,0.0265,High Risk
5.48299,24.8125,0.00255,0.017,116,5.47543,5.4791,0.01361,24.79167,24.79464,0,0.00222,0.00215,0.00046,0.017,0.017,0,116,116,0,0.03082,High Risk
5.47391,24.75,0.00196,0.017,116,5.47391,5.47326,0.00453,24.75,24.75,0,0.002,0.00192,-0.00004,0.017,0.017,0,116,116,0,0.00661,High Risk
5.47391,24.625,0.00203,0.017,116,5.47391,5.46613,-0.00454,24.625,24.64286,0,0.00206,0.00204,-0.00006,0.017,0.017,0,116,116,0,0.03081,High Risk
5.47845,24.625,0.00191,0.017,116,5.47694,5.47456,0,24.60417,24.60714,0.0625,0.00191,0.00191,0,0.017,0.017,0,116,116,0,0.02495,High Risk
5.42852,24.5625,0.0016,0.017,116,5.43155,5.42982,-0.00454,24.54167,24.53571,0,0.00159,0.00156,0.00001,0.017,0.017,0,116,116,0,0.03547,High Risk
5.45576,24.5,0.00113,0.017,116,5.45122,5.44409,-0.00454,24.47917,24.49107,0,0.00119,0.0012,-0.00009,0.017,0.017,0,116,116,0,0.041,High Risk
5.36043,24.5625,0.00141,0.017,116,5.35892,5.34422,0.00454,24.54167,24.52679,0,0.00142,0.00142,-0.00001,0.017,0.017,0,116,116,0,0.11492,High Risk
5.35589,24.5625,0.00108,0.017,116,5.35589,5.35784,0,24.54167,24.54464,0.0625,0.00132,0.00138,-0.00036,0.017,0.017,0,116,116,0,0.02037,High Risk
5.33319,24.625,0.00148,0.017,116,5.3347,5.33903,-0.00908,24.60417,24.60714,0,0.00149,0.00151,-0.00002,0.017,0.017,0,116,116,0,0.03674,High Risk
5.29688,25,0.0016,0.017,116,5.2878,5.2878,0.01362,25,25,0,0.00162,0.00161,-0.00005,0.017,0.017,0,116,116,0,0.00912,High Risk
5.2878,25.0625,0.00156,0.017,116,5.2878,5.2878,0,25.0625,25.0625,0,0.00153,0.00151,0.00004,0.017,0.017,0,116,116,0,0.00748,High Risk
5.2878,25.125,0.00157,0.017,116,5.29234,5.29039,-0.00908,25.08333,25.07143,0.0625,0.00154,0.00153,0.00001,0.017,0.017,0,116,116,0,0.01901,High Risk
5.28326,25.125,0.00106,0.017,116,5.2878,5.2865,-0.00454,25.16667,25.16071,-0.0625,0.00122,0.00136,-0.0001,0.017,0.017,0,116,116,0,0.02568,High Risk
5.2878,25.1875,0.00144,0.017,116,5.28629,5.28521,0,25.1875,25.17857,0,0.00146,0.00144,-0.00004,0.017,0.017,0,116,116,0,0.02076,High Risk
5.2878,25.375,0.00137,0.017,116,5.28477,5.28261,0.00454,25.33333,25.33036,0.0625,0.00137,0.00138,0.00001,0.017,0.017,0,116,116,0,0.02156,High Risk
5.27418,25.9375,0.00152,0.017,116,5.26661,5.26056,0.00454,25.9375,25.94643,0,0.00151,0.0015,-0.00005,0.017,0.017,0,116,116,0,0.08639,Moderate Risk
5.28326,26,0.00159,0.017,116,5.27267,5.26769,0.00908,26,26,0,0.00159,0.0016,0,0.017,0.017,0,116,116,0,0.04516,Moderate Risk
5.13345,26.0625,0.00251,0.017,116,5.08503,5.0699,0.08171,26.0625,26.05357,0,0.00371,0.00447,-0.00242,0.017,0.017,0,116,116,0,0.09548,Moderate Risk
5.02451,26.0625,0.00585,0.017,116,5.02602,5.04785,0.03178,26.04167,26.05357,0,0.00573,0.00497,-0.00092,0.017,0.017,0,116,116,0,0.11044,Moderate Risk
5.10622,26.0625,0.00322,0.017,116,5.18642,5.17042,-0.13618,26.04167,26.03571,0.0625,0.00232,0.00282,0.00136,0.017,0.017,0,116,116,0,0.19446,Moderate Risk
5.00635,26.25,0.00333,0.017,116,4.94734,4.90389,0.01362,26.25,26.25,0,0.06222,0.08904,-0.0001,0.017,0.017,0,116,116,0,0.45874,High Risk
5.32411,26.3125,0.00057,0.017,116,5.32865,5.31438,-0.0454,26.27083,26.25893,0.0625,0.00071,0.00073,-0.00021,0.017,0.017,0,116,116,0,0.06481,High Risk
5.31503,26.25,0.00079,0.017,116,5.31806,5.31698,0,26.20833,26.21429,0.0625,0.00079,0.00079,0.00001,0.017,0.017,0,116,116,0,0.03143,High Risk
5.27872,26.1875,0.00084,0.017,116,5.2999,5.29104,-0.02723,26.1875,26.1875,0,0.00082,0.00081,0.00004,0.017,0.017,0,116,116,0,0.03701,High Risk
5.30595,26.1875,0.00079,0.017,116,5.29082,5.29752,0.02269,26.1875,26.1875,0,0.0008,0.0008,-0.00002,0.017,0.017,0,116,116,0,0.03035,High Risk
5.30595,26.1875,0.00086,0.017,116,5.32865,5.328,-0.04994,26.1875,26.19643,0,0.00084,0.00082,0.00005,0.017,0.017,0,116,116,0,0.04171,Moderate Risk
5.31503,26.125,0.00088,0.017,116,5.32562,5.33384,-0.01362,26.125,26.13393,0,0.00089,0.00089,-0.00003,0.017,0.017,0,116,116,0,0.03243,High Risk
5.31503,26.0625,0.0011,0.017,116,5.32411,5.32541,-0.00908,26.08333,26.08929,0,0.00109,0.00098,0,0.017,0.017,0,116,116,0,0.02954,High Risk
5.31503,26,0.00146,0.017,116,5.31654,5.32281,0.00454,26.04167,26.03571,-0.0625,0.00147,0.00145,0.00021,0.017,0.017,0,116,116,0,0.05609,Moderate Risk
5.32865,26,0.00168,0.017,116,5.33168,5.3306,-0.00454,26,26.00893,0,0.00165,0.00159,0.00003,0.017,0.017,0,116,116,0,0.01913,Moderate Risk
5.33319,26,0.00165,0.017,116,5.33622,5.34616,-0.00908,26,26,0,0.00165,0.00159,0,0.017,0.017,0,116,116,0,0.03894,Moderate Risk
5.35135,25.9375,0.00168,0.017,116,5.35438,5.35265,-0.00454,25.97917,25.99107,-0.0625,0.00168,0.00167,0.00002,0.017,0.017,0,116,116,0,0.01872,Moderate Risk
5.35589,25.9375,0.00177,0.017,116,5.35589,5.35589,0,25.9375,25.91964,0,0.00182,0.00175,-0.00009,0.017,0.017,0,116,116,0,0.01553,High Risk
5.35589,25.875,0.00174,0.017,116,5.36799,5.36108,-0.00454,25.91667,25.91964,-0.0625,0.00174,0.00176,-0.00001,0.017,0.017,0,116,116,0,0.03901,High Risk
5.36043,25.875,0.00174,0.017,116,5.36346,5.36108,-0.00908,25.875,25.875,0,0.00173,0.00172,0.00002,0.017,0.017,0,116,116,0,0.00821,High Risk
5.37859,25.8125,0.0013,0.017,116,5.37556,5.37081,0,25.77083,25.78571,0.0625,0.0014,0.00157,-0.00038,0.017,0.017,0,116,116,0,0.02851,High Risk
5.36951,25.8125,0.00131,0.017,116,5.37254,5.37146,0,25.8125,25.78571,0,0.00145,0.00152,-0.00043,0.017,0.017,0,116,116,0,0.02747,High Risk
5.37405,25.75,0.00171,0.017,116,5.37102,5.36821,0,25.75,25.74107,0,0.00168,0.0017,0.00002,0.017,0.017,0,116,116,0,0.02825,High Risk
5.3922,25.625,0.00171,0.017,116,5.39977,5.40063,-0.01362,25.625,25.64286,0,0.00173,0.00173,0,0.017,0.017,0,116,116,0,0.025,High Risk
5.40128,25.5625,0.00191,0.017,116,5.40128,5.39998,-0.00454,25.58333,25.60714,-0.0625,0.00189,0.00183,0.00005,0.017,0.017,0,116,116,0,0.02916,High Risk
5.4149,25.5625,0.00203,0.017,116,5.41339,5.41295,0.00908,25.54167,25.54464,0.0625,0.00198,0.00197,0.00008,0.017,0.017,0,116,116,0,0.02905,High Risk
5.4149,25.5625,0.00196,0.017,116,5.42095,5.41749,0,25.5625,25.5625,0,0.00195,0.00196,0.00001,0.017,0.017,0,116,116,0,0.03961,High Risk
5.4149,25.5625,0.00195,0.017,116,5.4149,5.42203,0,25.5625,25.5625,0,0.00192,0.00193,0.00004,0.017,0.017,0,116,116,0,0.03476,High Risk
5.42852,25.5,0.00191,0.017,116,5.42701,5.42982,-0.00454,25.47917,25.48214,0,0.00192,0.00192,-0.00004,0.017,0.017,0,116,116,0,0.02538,High Risk
5.43306,25.4375,0.00195,0.017,116,5.42549,5.42333,0.01362,25.4375,25.41964,0,0.00184,0.00195,-0.00003,0.017,0.017,0,116,116,0,0.02779,High Risk
5.40128,25.25,0.00186,0.017,116,5.33924,5.30401,0.10894,25.25,25.25,0,0.00277,0.00372,-0.00139,0.017,0.017,0,116,116,0,0.14727,High Risk
5.27872,24.75,0.00581,0.017,116,5.30898,5.34032,-0.04539,24.75,24.75893,0,0.00443,0.0039,0.00081,0.017,0.017,0,116,116,0,0.0909,High Risk
5.36497,24.125,0.00317,0.017,116,5.35892,5.36043,0.03178,24.125,24.10714,0,0.00365,0.00386,-0.00176,0.017,0.017,0,116,116,0,0.07461,High Risk
5.00181,25.875,0.0075,0.017,116,4.99727,4.99662,-0.00908,25.85417,25.83036,0,0.00839,0.04284,-0.00015,0.017,0.017,0,116,116,0,0.46217,High Risk
5.01997,26,0.00715,0.017,116,5.05174,5.06212,-0.06355,26,25.99107,0,0.00609,0.00601,0.00247,0.017,0.017,0,116,116,0,0.12921,High Risk
5.05628,26.5,0.00163,0.017,116,5.1153,5.1153,-0.03632,26.5,26.49107,0,0.00143,0.00193,0.00033,0.017,0.017,0,116,116,0,0.1077,Moderate Risk
5.16523,26.3125,0.00182,0.017,116,5.2197,5.23138,-0.07263,26.33333,26.33036,-0.0625,0.0016,0.00152,0.00032,0.017,0.017,0,116,116,0,0.07804,Moderate Risk
5.0926,26.0625,0.00416,0.017,116,5.08806,5.03813,0.02724,26.0625,26.08929,0,0.00454,0.07088,-0.0011,0.017,0.017,0,116,116,0,0.60468,High Risk
5.06536,25.875,0.00577,0.017,116,5.18641,5.21257,-0.18612,25.875,25.90179,0,0.00305,0.00255,0.00432,0.017,0.017,0,116,116,0,0.17855,High Risk
5.40128,25,0.00247,0.017,116,5.36194,5.16588,0.03177,25,25.00893,0,0.00276,0.35477,-0.00006,0.017,0.017,0,116,116,0,1.89163,High Risk
5.34227,24.8125,0.00377,0.017,116,5.35892,5.36886,-0.00908,24.8125,24.8125,0,0.00355,0.00331,0,0.017,0.017,0,116,116,0,0.05331,High Risk
5.31049,24.6875,0.00251,0.017,116,5.30747,5.31892,0.02723,24.70833,24.72321,-0.0625,0.00399,0.00428,-0.00286,0.017,0.017,0,116,116,0,0.05605,High Risk
5.32865,24.25,0.00416,0.017,116,5.36951,5.36497,-0.06809,24.25,24.25,0,0.00363,0.00362,0.00091,0.017,0.017,0,116,116,0,0.0435,High Risk
5.50569,24,0.00207,0.017,116,5.50418,5.49531,0,24,24.01786,0,0.00209,0.00225,0,0.017,0.017,0,116,116,0,0.04107,High Risk
5.45122,24,0.00174,0.017,116,5.44971,5.45057,0.00908,23.97917,24,0.0625,0.0017,0.00179,0.00018,0.017,0.017,0,116,116,0,0.03822,High Risk
5.2878,24.125,0.00191,0.017,116,5.34681,5.3494,-0.11348,24.10417,24.08929,0,0.00186,0.00181,0.00008,0.017,0.017,0,116,116,0,0.08307,High Risk
5.2651,24.25,0.00191,0.017,116,5.26359,5.29688,0.01362,24.25,24.25893,0,0.00191,0.00193,0.00003,0.017,0.017,0,116,116,0,0.09316,High Risk
5.30595,24.875,0.00162,0.017,116,5.30898,5.30725,0.01361,24.875,24.875,0,0.00151,0.00155,0.00036,0.017,0.017,0,116,116,0,0.0218,High Risk
5.38313,24.875,0.00135,0.017,116,5.38464,5.38572,0,24.91667,24.91964,-0.0625,0.00134,0.00127,0.00005,0.017,0.017,0,116,116,0,0.03115,High Risk
5.67819,24.5,0.00078,0.017,116,5.67516,5.67365,0.00908,24.54167,24.54464,-0.0625,0.00078,0.00076,0,0.017,0.017,0,116,116,0,0.02447,High Risk
5.67365,24.5,0.00056,0.017,116,5.68424,5.67819,-0.01362,24.52083,24.53571,-0.0625,0.00064,0.00072,-0.00022,0.017,0.017,0,116,116,0,0.0343,High Risk
5.69635,24.5,0.00056,0.017,116,5.70694,5.70024,0.00908,24.5,24.5,0,0.00058,0.00056,-0.00002,0.017,0.017,0,116,116,0,0.05955,High Risk
5.74174,24.25,0.00106,0.017,116,5.74931,5.76055,-0.00908,24.27083,24.30357,0,0.00117,0.00121,-0.00016,0.017,0.017,0,116,116,0,0.06359,High Risk
5.7372,24.25,0.00145,0.017,116,5.69635,5.68273,0.06355,24.27083,24.25893,0,0.0015,0.00146,-0.00011,0.017,0.017,0,116,116,0,0.06177,High Risk
5.68727,24.3125,0.00169,0.017,116,5.69332,5.70284,-0.00908,24.27083,24.26786,0.0625,0.00154,0.00164,0.00044,0.017,0.017,0,116,116,0,0.03712,High Risk
5.64641,24.1875,0.00227,0.017,116,5.64036,5.63215,0.00454,24.1875,24.1875,0,0.0022,0.00208,0.00009,0.017,0.017,0,116,116,0,0.01961,High Risk
5.6328,24.125,0.00191,0.017,116,5.61313,5.62696,0,24.16667,24.16071,-0.0625,0.00191,0.00184,0,0.017,0.017,0,116,116,0,0.06487,High Risk
5.69181,24.0625,0.00231,0.017,116,5.68727,5.68143,0,24.08333,24.09821,-0.0625,0.00235,0.00236,-0.00006,0.017,0.017,0,116,116,0,0.03756,High Risk
5.69181,24.125,0.00239,0.017,116,5.69181,5.68662,0,24.125,24.10714,0,0.00217,0.00227,-0.00002,0.017,0.017,0,116,116,0,0.03422,High Risk
5.69635,24.0625,0.00229,0.017,116,5.69938,5.6983,-0.00908,24.08333,24.08929,-0.0625,0.00227,0.00227,0.00011,0.017,0.017,0,116,116,0,0.03175,High Risk
5.69635,24.125,0.00239,0.017,116,5.69938,5.6983,0,24.10417,24.08929,0.0625,0.00229,0.00227,0.0001,0.017,0.017,0,116,116,0,0.03176,High Risk
5.7599,24,0.00218,0.017,116,5.75082,5.74887,0.01362,24.02083,24.03571,0,0.00217,0.00222,0.00002,0.017,0.017,0,116,116,0,0.03774,High Risk
5.7599,24,0.002,0.017,116,5.76141,5.75925,-0.00454,24,24,0,0.002,0.00199,-0.00002,0.017,0.017,0,116,116,0,0.01615,High Risk
5.76444,24,0.00157,0.017,116,5.76293,5.75731,0.01362,23.97917,23.98214,0.0625,0.00186,0.00196,-0.00043,0.017,0.017,0,116,116,0,0.0358,High Risk
5.72812,24,0.00188,0.017,116,5.7372,5.73655,-0.01816,23.97917,23.96429,0,0.00186,0.0018,0.00005,0.017,0.017,0,116,116,0,0.03474,High Risk
5.68727,23.9375,0.00174,0.017,116,5.68878,5.70024,0,23.9375,23.9375,0,0.00163,0.00169,-0.00001,0.017,0.017,0,116,116,0,0.02563,High Risk
5.56016,23.9375,0.00099,0.017,116,5.5647,5.56989,-0.00454,23.95833,23.95536,0,0.00117,0.00119,-0.00026,0.017,0.017,0,116,116,0,0.04758,High Risk
5.31049,24.125,0.00178,0.017,116,5.31049,5.32087,0.00454,24.08333,24.07143,0.0625,0.00164,0.00172,0,0.017,0.017,0,116,116,0,0.05265,High Risk
5.03813,24.5,0.00725,0.017,116,5.05326,5.06471,-0.01815,24.47917,24.47321,0.0625,0.00638,0.00639,0.00089,0.017,0.017,0,116,116,0,0.10368,High Risk
8.0024,25,4.96314,0.017,116,8.00542,7.95376,0.0681,25,25,0,3.67623,3.71159,3.23889,0.017,0.017,0,116,116,0,3.10223,High Risk
7.82536,25,1.54059,0.017,116,7.87378,7.82471,-0.14526,25.02083,25.01786,-0.0625,3.6081,4.19406,-3.06675,0.017,0.017,0,116,116,0,2.52598,High Risk
6.83575,25,3.55222,0.017,116,6.84029,6.88893,0.01815,24.9375,24.9375,0.0625,3.64134,3.7645,0.07828,0.017,0.017,0,116,116,0,0.60156,High Risk
5.15161,24.9375,1.21456,0.017,116,5.15766,5.18274,-0.01362,24.95833,24.97321,-0.0625,2.94148,2.88513,-2.56918,0.017,0.017,0,116,116,0,2.40334,High Risk
8.059,27.47,0,0.01,139,7.15033,7.38629,1.354,24.98667,25.82714,4.06,0.009,0.012,-0.017,0.011,0.00943,0.006,139,139,0,2.55478,High Risk
7.241,28.83,0.022,0.004,139,7.91467,7.90557,-1.336,25.53333,28.25429,5,0.017,0.02586,0.012,0.01,0.32543,-0.003,139,139,0,4.48796,High Risk
6.469,32.62,0.038,0.031,139,7.235,7.49957,0.351,31.98333,27.85429,1.13,0.03567,0.03529,-0.004,0.894,0.82914,-0.96,139,139,0,6.30843,High Risk
6.086,19.52,0.049,0.019,139,6.46267,6.92914,-0.209,20.81,21.61,-1.12,0.03867,0.03457,0.008,0.147,0.08614,-0.062,139,139,0,3.26738,High Risk
8.984,21.02,0.004,1.89,139,7.74867,7.78043,2.771,23.85667,23.04857,-5.75,0.02233,0.02457,-0.025,1.009,0.91329,0.996,139,139,0,4.30685,High Risk
6.071,26.39,0.03,0.756,139,6.60033,6.90314,-0.193,23.96667,23.08857,-0.57,0.02567,0.02957,-0.001,0.25667,0.13986,0.744,139,139,0,3.6632,High Risk
6.47,23.44,0.022,0.002,139,6.699,7.02714,-0.72,24.60333,25.23,1.07,0.02333,0.02314,-0.026,0.008,0.56457,-0.008,139,139,0,3.13563,High Risk
6.349,28.26,0.025,0.964,139,7.11267,7.41929,-1.064,28.89667,26.23,-0.84,0.035,0.02929,-0.011,0.633,0.43371,0.959,139,139,0,4.16283,High Risk
9.0642,33.77,0.0313,1.7881,139,8.15267,7.92544,-0.25,27.88,27.97857,3.22,0.03033,0.03204,-0.0005,0.9952,0.9653,1.2071,139,139,0,6.63724,Moderate Risk
9.0631,33.9,0.0302,1.3768,139,7.283,7.56727,2.5796,32.97667,30.78286,1.81,0.03397,0.03763,-0.004,1.30797,1.0017,0.1782,139,139,0,5.69786,Moderate Risk
9.429,31.83,0.0493,0.1717,139,9.27553,8.863,0.2705,31.35,29.81571,0.14,0.04333,0.0373,0.0075,1.09707,0.84326,-1.7406,139,139,0,4.76321,Moderate Risk
6.3769,32.21,0.0465,1.2182,139,7.2552,7.09239,-2.926,28.23333,24.84143,13.68,0.03807,0.03859,0.0057,1.0736,1.12223,0.3894,139,139,0,6.42685,Moderate Risk
6.4446,18.97,0.0482,1.0092,139,6.3586,7.64679,0.0291,27.63667,28.21429,-11.77,0.0419,0.03991,0.001,0.86207,0.88829,0.5716,139,139,0,6.55725,Moderate Risk
9.4265,33.87,0.0359,0.2184,139,8.35473,8.88956,3.2141,27.76667,26.15,15.49,0.04117,0.04169,-0.0095,0.20393,0.616,0.1489,139,139,0,5.86192,Moderate Risk
6.2255,32.37,0.0374,0.1578,139,8.32167,8.44127,-3.0875,32.81,29.94,0.18,0.03507,0.03816,0.0055,0.22013,0.53816,-0.1264,139,139,0,5.66295,Moderate Risk
6.1238,31.69,0.0474,0.245,139,6.1704,7.04661,-0.1285,31.25333,29.91,1.51,0.04073,0.04136,0.016,0.28523,0.842,-0.1879,139,139,0,5.61284,Moderate Risk
9.1599,30.27,0.0389,0.0899,139,7.2554,7.54101,2.8774,26.99667,26.22429,10.32,0.04277,0.03814,-0.0043,0.71187,0.72633,-0.7113,139,139,0,6.63482,Moderate Risk
9.0693,18.97,0.0341,0.3984,139,8.173,7.92584,2.9524,26.74333,29.46429,-11.58,0.0342,0.03676,-0.0045,0.88647,1.20839,-0.0563,139,139,0,5.36407,Moderate Risk
9.3086,18.16,0.0454,0.5375,139,8.2862,7.56951,-0.0405,22.86667,26.25143,-12.74,0.039,0.03956,0.0137,0.84447,0.79276,-0.1032,139,139,0,6.55943,Moderate Risk
9.4932,19.51,0.0435,1.1781,139,8.42517,8.96284,-0.0016,28.64333,28.85857,-14.46,0.04103,0.0419,0.0064,1.28563,1.19959,0.2803,139,139,0,5.59079,Moderate Risk
9.4172,31.35,0.0354,1.4495,139,8.3321,7.57314,0.2036,28.13667,28.28286,-2.46,0.03377,0.04026,0.0031,0.59213,0.85299,1.2038,139,139,0,6.50744,Moderate Risk
9.4003,33.44,0.04,1.0187,139,9.22953,7.55211,0.1301,28.93667,27.25571,13.82,0.03623,0.03119,0.0116,0.89517,1.30267,-0.1234,139,139,0,7.02352,Moderate Risk
6.0878,30.83,0.0445,0.1494,139,7.22213,7.5238,-0.0905,32.59667,26.95143,-2.69,0.04267,0.03607,0.001,0.93647,1.13694,-1.4919,139,139,0,6.96185,Moderate Risk
6.1946,19.05,0.0257,0.0706,139,6.2275,7.42994,0.0763,27.81333,28.16714,-12.32,0.03077,0.0364,-0.0077,0.8816,1.02279,-1.1742,139,139,0,6.23639,Moderate Risk
9.4921,33.8,0.0372,0.2488,139,8.38457,7.54983,0.1188,32.33333,30.06429,2.7,0.0382,0.03589,0.0021,0.67403,0.6847,0.0666,139,139,0,5.7971,Moderate Risk
6.3625,18.46,0.0476,0.998,139,8.44503,7.61566,-3.118,23.63,26.35857,-0.17,0.04083,0.037,0.0099,0.5425,0.67374,0.6173,139,139,0,7.04961,Moderate Risk
9.4668,33.98,0.0262,1.4201,139,9.1875,8.35051,0.4225,33.63333,30.70286,0.82,0.03457,0.03497,-0.0151,1.76287,1.10214,-0.5632,139,139,0,5.41705,Moderate Risk
6.4265,33.16,0.0292,1.8136,139,8.31253,8.36196,-3.0403,33.43333,32.60143,-0.82,0.03223,0.0344,0.003,1.739,1.13517,0.3935,139,139,0,3.6236,Moderate Risk
9.1007,19.1,0.0299,1.4543,139,8.20837,7.4345,-0.2192,23.5,24.59,-12.57,0.03123,0.03694,-0.0068,1.1087,0.93254,-0.0759,139,139,0,6.45326,Moderate Risk
9.4694,31.02,0.0458,0.6126,139,8.32523,7.89831,3.2758,32.30333,30.31,-2.41,0.0375,0.03569,0.0178,0.9984,1.12957,0.1657,139,139,0,5.94715,Moderate Risk
6.1142,33.76,0.035,1.8294,139,7.21337,7.53021,-0.2833,32.71667,28.66857,0.61,0.0389,0.03937,-0.0103,1.23457,1.12533,0.3687,139,139,0,6.49775,Moderate Risk
6.4489,33.11,0.0423,0.7638,139,6.2678,7.11766,0.316,27.34,24.35286,2.59,0.03717,0.03227,0.0142,0.98287,0.72301,-0.8888,139,139,0,6.15989,Moderate Risk
6.2438,19.77,0.0437,0.4907,139,6.1712,6.63281,0.0226,23.86667,26.88,1.72,0.04063,0.04321,0.0098,1.07783,1.07003,-0.9222,139,139,0,6.09311,Moderate Risk
6.4655,31,0.0296,0.4075,139,7.37817,7.61946,0.1056,31.42667,31.95857,-0.39,0.0363,0.03407,-0.0049,0.7401,0.88119,0.1116,139,139,0,3.54657,Moderate Risk
9.0357,18.96,0.0306,0.8818,139,8.15173,7.94677,2.7121,23.48667,24.62143,-13.86,0.03573,0.03597,0.0006,0.69533,1.16614,0.7768,139,139,0,6.83119,Moderate Risk
6.3464,18.2,0.0462,1.896,139,6.1358,7.4656,0.3057,22.76333,26.63429,-1.53,0.03893,0.03567,0.0091,1.36617,1.21649,1.6712,139,139,0,6.99366,Moderate Risk
9.1787,33.9,0.0388,1.8303,139,9.08787,8.34301,0.1022,28.15,26.78714,3.17,0.0441,0.04059,-0.0049,1.4703,1.36054,-0.1677,139,139,0,6.50495,Moderate Risk
9.4811,19.71,0.0368,1.8955,139,8.31777,7.9899,3.3212,23.69667,26.37143,-0.11,0.03503,0.03841,0.0056,1.23593,0.81776,0.5489,139,139,0,6.80707,Moderate Risk
8.46,20.08,0.012,0.006,139,7.9434,7.37136,-0.5991,24.02,27.06857,-13.73,0.03533,0.03693,-0.0348,0.4414,0.77774,-0.3393,139,139,0,6.71753,Low Risk
8.29,24.65,0.01,0.001,139,8.60303,7.67719,-0.17,26.18,25.77857,4.57,0.02293,0.03219,-0.002,0.11743,0.61589,-0.005,139,139,0,6.28954,Low Risk
8.17,21.17,0.008,0.016,139,8.30667,7.55814,-0.12,21.96667,26.23143,-3.48,0.01,0.02901,-0.002,0.00767,0.48411,0.015,139,139,0,5.83937,Low Risk
7.42,27.19,0.019,0.004,139,7.96,7.69539,-0.75,24.33667,25.39429,6.02,0.01233,0.02586,0.011,0.007,0.43373,-0.012,139,139,0,5.32267,Low Risk
6.95,26.68,0.003,0.009,139,7.51333,7.8086,-0.47,25.01333,24.53571,-0.51,0.01,0.02086,-0.016,0.00967,0.19346,0.005,139,139,0,4.60508,Low Risk
7.61,25.59,0.013,0.008,139,7.32667,7.99416,0.66,26.48667,25.59571,-1.09,0.01167,0.01597,0.01,0.007,0.05561,-0.001,139,139,0,3.70732,Low Risk
8.53,25.67,0.021,0.011,139,7.69667,7.91857,0.92,25.98,24.43286,0.08,0.01233,0.01229,0.008,0.00933,0.00786,0.003,139,139,0,2.58143,Low Risk
6.88,24.67,0.009,0.008,139,7.67333,7.69286,-1.65,25.31,25.08857,-1,0.01433,0.01186,-0.012,0.009,0.00814,-0.003,139,139,0,2.30837,Low Risk
6.55,23.71,0.009,0.009,139,7.32,7.44429,-0.33,24.68333,24.95429,-0.96,0.013,0.01171,0,0.00933,0.00929,0.001,139,139,0,2.46685,Low Risk
8.52,20.35,0.024,0.003,139,7.31667,7.49429,1.97,22.91,24.83714,-3.36,0.014,0.014,0.015,0.00667,0.00743,-0.006,139,139,0,2.73557,Low Risk
7.38,28.65,0.008,0.004,139,7.48333,7.48857,-1.14,24.23667,25.04571,8.3,0.01367,0.01243,-0.016,0.00533,0.00743,0.001,139,139,0,2.88526,Low Risk
7.05,29.61,0.006,0.001,139,7.65,7.50286,-0.33,26.20333,25.46429,0.96,0.01267,0.01286,-0.002,0.00267,0.00629,-0.003,139,139,0,3.11139,Low Risk
8.53,29.1,0.023,0.011,139,7.65333,7.63429,1.48,29.12,25.96571,-0.51,0.01233,0.01429,0.017,0.00533,0.00671,0.01,139,139,0,3.44749,Low Risk
6.76,27.55,0.017,0.014,139,7.44667,7.38143,-1.77,28.75333,26.23429,-1.55,0.01533,0.01371,-0.006,0.00867,0.00714,0.003,139,139,0,3.37443,Low Risk
7.13,22.86,0.01,0,139,7.47333,7.41714,0.37,26.50333,25.97571,-4.69,0.01667,0.01386,-0.007,0.00833,0.006,-0.014,139,139,0,3.43374,Low Risk
8.51,23.3,0.01,0.008,139,7.46667,7.69714,1.38,24.57,25.91714,0.44,0.01233,0.014,0,0.00733,0.00586,0.008,139,139,0,3.4341,Low Risk
7.26,24.71,0.012,0.004,139,7.63333,7.51714,-1.25,23.62333,26.54,1.41,0.01067,0.01229,0.002,0.004,0.006,-0.004,139,139,0,2.86136,Low Risk
8.26,25.69,0.008,0.019,139,8.01,7.64286,1,24.56667,26.11714,0.98,0.01,0.01229,-0.004,0.01033,0.00814,0.015,139,139,0,2.88237,Low Risk
8.2,26.03,0.024,0.007,139,7.90667,7.80714,-0.06,25.47667,25.60571,0.34,0.01467,0.01486,0.016,0.01,0.009,-0.012,139,139,0,2.59554,Low Risk
7.2,22.38,0.022,0.018,139,7.88667,7.61714,-1,24.7,24.64571,-3.65,0.018,0.01471,-0.002,0.01467,0.01,0.011,139,139,0,2.33295,Low Risk
6.99,25.76,0.013,0.002,139,7.46333,7.65,-0.21,24.72333,24.39,3.38,0.01967,0.01414,-0.009,0.009,0.00829,-0.016,139,139,0,2.05883,Low Risk
7.17,23.68,0.003,0,139,7.12,7.65571,0.18,23.94,24.50714,-2.08,0.01267,0.01314,-0.01,0.00667,0.00829,-0.002,139,139,0,1.99594,Low Risk
6.9,22.72,0.014,0.001,139,7.02,7.42571,-0.27,24.05333,24.42429,-0.96,0.01,0.01371,0.011,0.001,0.00729,0.001,139,139,0,1.89693,Low Risk
7.15,29.86,0.01,0.003,139,7.07333,7.41,0.25,25.42,25.16,7.14,0.009,0.01343,-0.004,0.00133,0.00714,0.002,139,139,0,2.43647,Low Risk
6.79,26.48,0.015,0.013,139,6.94667,7.2,-0.36,26.35333,25.27286,-3.38,0.013,0.01443,0.005,0.00567,0.00629,0.01,139,139,0,2.2499,Low Risk
7.87,23.91,0.001,0.016,139,7.27,7.15286,1.08,26.75,24.97,-2.57,0.00867,0.01114,-0.014,0.01067,0.00757,0.003,139,139,0,2.02935,Low Risk
8.15,21.16,0.017,0.007,139,7.60333,7.28857,0.28,23.85,24.79571,-2.75,0.011,0.01043,0.016,0.012,0.006,-0.009,139,139,0,2.47422,Low Risk
7.6,23.08,0.019,0.009,139,7.87333,7.37571,-0.55,22.71667,24.41286,1.92,0.01233,0.01129,0.002,0.01067,0.007,0.002,139,139,0,2.4754,Low Risk
7.72,20.41,0.02,0.008,139,7.82333,7.45429,0.12,21.55,23.94571,-2.67,0.01867,0.01371,0.001,0.008,0.00814,-0.001,139,139,0,2.67446,Low Risk
8.88,23.8,0.022,0.018,139,8.06667,7.73714,1.16,22.43,24.1,3.39,0.02033,0.01486,0.002,0.01167,0.01057,0.01,139,139,0,2.98051,Low Risk
6.99,27.24,0.017,0.019,139,7.86333,7.71429,-1.89,23.81667,23.72571,3.44,0.01967,0.01586,-0.005,0.015,0.01286,0.001,139,139,0,2.67761,Low Risk
8.59,27.77,0.023,0.004,139,8.15333,7.97143,1.6,26.27,23.91,0.53,0.02067,0.017,0.006,0.01367,0.01157,-0.015,139,139,0,2.67558,Low Risk
7.25,21,0.022,0.016,139,7.61,7.88286,-1.34,25.33667,23.49429,-6.77,0.02067,0.02,-0.001,0.013,0.01157,0.012,139,139,0,2.88479,Low Risk
8.11,29.2,0.016,0.009,139,7.98333,7.87714,0.86,25.99,24.64286,8.2,0.02033,0.01986,-0.006,0.00967,0.01186,-0.007,139,139,0,3.11136,Low Risk
7.7,26.87,0.01,0.01,139,7.68667,7.89143,-0.41,25.69,25.18429,-2.33,0.016,0.01857,-0.006,0.01167,0.012,0.001,139,139,0,3.10947,Low Risk
6.65,21.14,0.013,0.019,139,7.48667,7.73857,-1.05,25.73667,25.28857,-5.73,0.013,0.01757,0.003,0.01267,0.01357,0.009,139,139,0,3.32666,Low Risk
7.71,27.59,0.001,0.003,139,7.35333,7.57143,1.06,25.2,25.83,6.45,0.008,0.01457,-0.012,0.01067,0.01143,-0.016,139,139,0,3.01117,Low Risk
8.1,27.47,0.003,0.014,139,7.48667,7.73,0.39,25.4,25.86286,-0.12,0.00567,0.01257,0.002,0.012,0.01071,0.011,139,139,0,2.96172,Low Risk
7.46,28.18,0.014,0.007,139,7.75667,7.56857,-0.64,27.74667,25.92143,0.71,0.006,0.01129,0.011,0.008,0.01114,-0.007,139,139,0,2.73348,Low Risk
7.15,26,0.025,0.002,139,7.57,7.55429,-0.31,27.21667,26.63571,-2.18,0.014,0.01171,0.011,0.00767,0.00914,-0.005,139,139,0,2.37323,Low Risk
8.02,25.68,0.009,0.006,139,7.54333,7.54143,0.87,26.62,26.13286,-0.32,0.016,0.01071,-0.016,0.005,0.00871,0.004,139,139,0,2.21877,Low Risk
7.54,28.25,0.023,0.015,139,7.57,7.51857,-0.48,26.64333,26.33,2.57,0.019,0.01257,0.014,0.00767,0.00943,0.009,139,139,0,2.27446,Low Risk
7.41,29.66,0.012,0.016,139,7.65667,7.62714,-0.13,27.86333,27.54714,1.41,0.01467,0.01243,-0.011,0.01233,0.009,0.001,139,139,0,1.38362,Low Risk
6.63,20.48,0.011,0.014,139,7.19333,7.47286,-0.78,26.13,26.53143,-9.18,0.01533,0.01386,-0.001,0.015,0.01057,-0.002,139,139,0,2.52036,Low Risk
7.76,21.62,0.024,0.002,139,7.26667,7.42429,1.13,23.92,25.69571,1.14,0.01567,0.01686,0.013,0.01067,0.00886,-0.012,139,139,0,2.63978,Low Risk
8.05,28.31,0.016,0.008,139,7.48,7.50857,0.29,23.47,25.71429,6.69,0.017,0.01714,-0.008,0.008,0.009,0.006,139,139,0,2.76698,Low Risk
8.87,20.1,0.021,0.018,139,8.22667,7.75429,0.82,23.34333,24.87143,-8.21,0.02033,0.01657,0.005,0.00933,0.01129,0.01,139,139,0,3.42174,Low Risk
8.37,26.58,0.008,0.008,139,8.43,7.80429,-0.5,24.99667,25,6.48,0.015,0.01643,-0.013,0.01133,0.01157,-0.01,139,139,0,3.51292,Low Risk
8.71,28.53,0.014,0.002,139,8.65,7.97143,0.34,25.07,25.04,1.95,0.01433,0.01514,0.006,0.00933,0.00971,-0.006,139,139,0,3.65355,Low Risk
7.63,23.7,0.016,0.005,139,8.23667,8.00286,-1.08,26.27,24.18857,-4.83,0.01267,0.01571,0.002,0.005,0.00814,0.003,139,139,0,3.34502,Low Risk
7.94,27.22,0.02,0.013,139,8.09333,8.19,0.31,26.48333,25.15143,3.52,0.01667,0.017,0.004,0.00667,0.008,0.008,139,139,0,2.63857,Low Risk
8.06,23.87,0.011,0.017,139,7.87667,8.23286,0.12,24.93,25.47286,-3.35,0.01567,0.01514,-0.009,0.01167,0.01014,0.004,139,139,0,2.42151,Low Risk
7.1,29.31,0.001,0.007,139,7.7,8.09714,-0.96,26.8,25.61571,5.44,0.01067,0.013,-0.01,0.01233,0.01,-0.01,139,139,0,2.86595,Low Risk
6.83,24.72,0.02,0.019,139,7.33,7.80571,-0.27,25.96667,26.27571,-4.59,0.01067,0.01286,0.019,0.01433,0.01014,0.012,139,139,0,2.47544,Low Risk
7.13,25.24,0.02,0.003,139,7.02,7.62857,0.3,26.42333,26.08429,0.52,0.01367,0.01457,0,0.00967,0.00943,-0.016,139,139,0,2.46858,Low Risk
7.08,20.35,0.017,0.016,139,7.01333,7.39571,-0.05,23.43667,24.91571,-4.89,0.019,0.015,-0.003,0.01267,0.01143,0.013,139,139,0,2.38656,Low Risk
7.13,22.22,0.024,0.014,139,7.11333,7.32429,0.05,22.60333,24.70429,1.87,0.02033,0.01614,0.007,0.011,0.01271,-0.002,139,139,0,2.45951,Low Risk
7.01,28.08,0.01,0.013,139,7.07333,7.19143,-0.12,23.55,24.82714,5.86,0.017,0.01471,-0.014,0.01433,0.01271,-0.001,139,139,0,2.37281,Low Risk
8.47,21.11,0.003,0.011,139,7.53667,7.25,1.46,23.80333,24.43286,-6.97,0.01233,0.01357,-0.007,0.01267,0.01186,-0.002,139,139,0,2.82729,Low Risk
7.66,24.41,0.016,0,139,7.71333,7.33,-0.81,24.53333,23.73286,3.3,0.00967,0.01571,0.013,0.008,0.01086,-0.011,139,139,0,2.4825,Low Risk
6.7,26.77,0.022,0.017,139,7.61,7.31143,-0.96,24.09667,24.02571,2.36,0.01367,0.016,0.006,0.00933,0.01057,0.017,139,139,0,2.63888,Low Risk
6.64,24.6,0.004,0.015,139,7,7.24143,-0.06,25.26,23.93429,-2.17,0.014,0.01371,-0.018,0.01067,0.01229,-0.002,139,139,0,2.72825,Low Risk
8.12,20.2,0.013,0.002,139,7.15333,7.39,1.48,23.85667,23.91286,-4.4,0.013,0.01314,0.009,0.01133,0.01029,-0.013,139,139,0,2.89015,Low Risk
6.8,26.9,0.012,0.018,139,7.18667,7.34286,-1.32,23.9,24.58143,6.7,0.00967,0.01143,-0.001,0.01167,0.01086,0.016,139,139,0,2.98933,Low Risk
7.75,22.27,0.007,0.007,139,7.55667,7.44857,0.95,23.12333,23.75143,-4.63,0.01067,0.011,-0.005,0.009,0.01,-0.011,139,139,0,2.8112,Low Risk
8.05,22.18,0.02,0.003,139,7.53333,7.38857,0.3,23.78333,23.90429,-0.09,0.013,0.01343,0.013,0.00933,0.00886,-0.004,139,139,0,2.56539,Low Risk
7.07,20.8,0.011,0.016,139,7.62333,7.30429,-0.98,21.75,23.38857,-1.38,0.01267,0.01271,-0.009,0.00867,0.01114,0.013,139,139,0,2.67958,Low Risk
8.91,25.41,0.002,0.011,139,8.01,7.62,1.84,22.79667,23.19429,4.61,0.011,0.00986,-0.009,0.01,0.01029,-0.005,139,139,0,2.90058,Low Risk
8.38,25.94,0.004,0.006,139,8.12,7.86857,-0.53,24.05,23.38571,0.53,0.00567,0.00986,0.002,0.011,0.009,-0.005,139,139,0,2.81176,Low Risk
7.47,20.74,0.013,0.008,139,8.25333,7.77571,-0.91,24.03,23.46286,-5.2,0.00633,0.00986,0.009,0.00833,0.00986,0.002,139,139,0,2.76883,Low Risk
7.23,21.82,0.007,0.015,139,7.69333,7.83714,-0.24,22.83333,22.73714,1.08,0.008,0.00914,-0.006,0.00967,0.00943,0.007,139,139,0,2.37741,Low Risk
8.75,24.13,0.011,0.008,139,7.81667,7.98,1.52,22.23,23.00286,2.31,0.01033,0.00971,0.004,0.01033,0.00957,-0.007,139,139,0,2.56446,Low Risk
7.46,21.68,0.02,0.007,139,7.81333,7.89571,-1.29,22.54333,22.93143,-2.45,0.01267,0.00971,0.009,0.01,0.01014,-0.001,139,139,0,2.63228,Low Risk
6.53,28.82,0.021,0.003,139,7.58,7.81857,-0.93,24.87667,24.07714,7.14,0.01733,0.01114,0.001,0.006,0.00829,-0.004,139,139,0,3.21126,Low Risk
6.83,29.1,0.014,0.008,139,6.94,7.52143,0.3,26.53333,24.60429,0.28,0.01833,0.01286,-0.007,0.006,0.00786,0.005,139,139,0,3.32668,Low Risk
8.08,24.31,0.02,0.012,139,7.14667,7.47857,1.25,27.41,24.37143,-4.79,0.01833,0.01514,0.006,0.00767,0.00871,0.004,139,139,0,3.20498,Low Risk
7.88,21.31,0.009,0.007,139,7.59667,7.53714,-0.2,24.90667,24.45286,-3,0.01433,0.01457,-0.011,0.009,0.00857,-0.005,139,139,0,3.18805,Low Risk
7.13,25.07,0.001,0.005,139,7.69667,7.52286,-0.75,23.56333,24.91714,3.76,0.01,0.01371,-0.008,0.008,0.00714,-0.002,139,139,0,3.10118,Low Risk
7.49,27.96,0.021,0.005,139,7.5,7.34286,0.36,24.78,25.46429,2.89,0.01033,0.01514,0.02,0.00567,0.00671,0,139,139,0,2.75194,Low Risk
6.94,25.99,0.008,0.017,139,7.18667,7.26857,-0.55,26.34,26.08,-1.97,0.01,0.01343,-0.013,0.009,0.00814,0.012,139,139,0,2.55516,Low Risk
8.41,26.8,0.01,0.011,139,7.61333,7.53714,1.47,26.91667,25.79143,0.81,0.013,0.01186,0.002,0.011,0.00929,-0.006,139,139,0,2.5078,Low Risk
8.48,24.67,0.019,0.013,139,7.94333,7.77286,0.07,25.82,25.15857,-2.13,0.01233,0.01257,0.009,0.01367,0.01,0.002,139,139,0,2.2867,Low Risk
7.7,27.12,0.024,0.005,139,8.19667,7.71857,-0.78,26.19667,25.56,2.45,0.01767,0.01314,0.005,0.00967,0.009,-0.008,139,139,0,2.29621,Low Risk
6.71,22.89,0.003,0.018,139,7.63,7.55143,-0.99,24.89333,25.78571,-4.23,0.01533,0.01229,-0.021,0.012,0.01057,0.013,139,139,0,2.26422,Low Risk
8.05,20.29,0.016,0.019,139,7.48667,7.68286,1.34,23.43333,25.10286,-2.6,0.01433,0.01443,0.013,0.014,0.01257,0.001,139,139,0,2.74625,Low Risk
8.93,24.99,0.002,0.009,139,7.89667,7.88857,0.88,22.72333,24.67857,4.7,0.007,0.01171,-0.014,0.01533,0.01314,-0.01,139,139,0,2.8641,Low Risk
7.75,21.95,0.011,0.018,139,8.24333,8.00429,-1.18,22.41,24.10143,-3.04,0.00967,0.01214,0.009,0.01533,0.01329,0.009,139,139,0,2.71018,Low Risk
7.69,29.64,0.024,0.017,139,8.12333,7.90143,-0.06,25.52667,24.50714,7.69,0.01233,0.01414,0.013,0.01467,0.01414,-0.001,139,139,0,3.00493,Low Risk
9,27.63,0.015,0.003,139,8.14667,7.97571,1.31,26.40667,24.93,-2.01,0.01667,0.01357,-0.009,0.01267,0.01271,-0.014,139,139,0,3.29813,Low Risk
8.29,26.13,0.002,0,139,8.32667,8.06,-0.71,27.8,24.78857,-1.5,0.01367,0.01043,-0.013,0.00667,0.012,-0.003,139,139,0,3.24805,Low Risk
7.67,23.86,0.007,0.008,139,8.32,8.19714,-0.62,25.87333,24.92714,-2.27,0.008,0.011,0.005,0.00367,0.01057,0.008,139,139,0,2.76875,Low Risk
6.55,29.11,0.018,0.007,139,7.50333,7.98286,-1.12,26.36667,26.18714,5.25,0.009,0.01129,0.011,0.005,0.00886,-0.001,139,139,0,3.11766,Low Risk
7.79,25.36,0.024,0.015,139,7.33667,7.82,1.24,26.11,26.24,-3.75,0.01633,0.01443,0.006,0.01,0.00971,0.008,139,139,0,2.88668,Low Risk
8.24,27.5,0.008,0.003,139,7.52667,7.89,0.45,27.32333,27.03286,2.14,0.01667,0.014,-0.016,0.00833,0.00757,-0.012,139,139,0,2.55278,Low Risk
6.69,24.08,0.01,0.019,139,7.57333,7.74714,-1.55,25.64667,26.23857,-3.42,0.014,0.012,0.002,0.01233,0.00786,0.016,139,139,0,2.75482,Low Risk
6.7,23.41,0.017,0.004,139,7.21,7.41857,0.01,24.99667,25.63571,-0.67,0.01167,0.01229,0.007,0.00867,0.008,-0.015,139,139,0,2.57764,Low Risk
8.06,27.47,0,0.01,139,7.15,7.38571,1.36,24.98667,25.82714,4.06,0.009,0.012,-0.017,0.011,0.00943,0.006,139,139,0,2.55358,Low Risk
7.53,28.05,0.011,0.014,139,7.43,7.36571,-0.53,26.31,26.42571,0.58,0.00933,0.01257,0.011,0.00933,0.01029,0.004,139,139,0,2.51091,Low Risk
7.55,23.94,0.015,0.015,139,7.71333,7.50857,0.02,26.48667,25.68714,-4.11,0.00867,0.01214,0.004,0.013,0.01143,0.001,139,139,0,2.21674,Low Risk
7.85,27.75,0.022,0.013,139,7.64333,7.51714,0.3,26.58,26.02857,3.81,0.016,0.01186,0.007,0.014,0.01114,-0.002,139,139,0,2.29429,Low Risk
6.69,25.08,0.015,0.006,139,7.36333,7.29571,-1.16,25.59,25.68286,-2.67,0.01733,0.01286,-0.007,0.01133,0.01157,-0.007,139,139,0,2.20121,Low Risk
7.93,23.94,0.019,0.019,139,7.49,7.47286,1.24,25.59,25.66286,-1.14,0.01867,0.01414,0.004,0.01267,0.01157,0.013,139,139,0,2.15816,Low Risk
8.58,23.83,0.01,0.007,139,7.73333,7.74143,0.65,24.28333,25.72286,-0.11,0.01467,0.01314,-0.009,0.01067,0.012,-0.012,139,139,0,2.15764,Low Risk
7.24,28.83,0.022,0.004,139,7.91667,7.62429,-1.34,25.53333,25.91714,5,0.017,0.01629,0.012,0.01,0.01114,-0.003,139,139,0,2.29527,Low Risk
8.11,27.3,0.016,0.012,139,7.97667,7.70714,0.87,26.65333,25.81,-1.53,0.016,0.017,-0.006,0.00767,0.01086,0.008,139,139,0,2.2911,Low Risk
6.84,27.66,0.015,0.01,139,7.39667,7.60571,-1.27,27.93,26.34143,0.36,0.01767,0.017,-0.001,0.00867,0.01014,-0.002,139,139,0,2.4159,Low Risk
8.61,24.89,0.001,0.005,139,7.85333,7.71429,1.77,26.61667,25.93286,-2.77,0.01067,0.014,-0.014,0.009,0.009,-0.005,139,139,0,2.59248,Low Risk
8.56,24.08,0.016,0.019,139,8.00333,7.98143,-0.05,25.54333,25.79,-0.81,0.01067,0.01414,0.015,0.01133,0.01086,0.014,139,139,0,2.45963,Low Risk
8.38,28.74,0.01,0.01,139,8.51667,8.04571,-0.18,25.90333,26.47571,4.66,0.009,0.01286,-0.006,0.01133,0.00957,-0.009,139,139,0,2.52813,Low Risk
8.79,22.48,0.005,0.018,139,8.57667,8.07571,0.41,25.1,26.28286,-6.26,0.01033,0.01214,-0.005,0.01567,0.01114,0.008,139,139,0,2.74556,Low Risk
7.63,20.17,0.012,0.003,139,8.26667,8.13143,-1.16,23.79667,25.04571,-2.31,0.009,0.01071,0.007,0.01033,0.011,-0.015,139,139,0,2.92412,Low Risk
8.26,20.97,0.017,0.006,139,8.22667,8.15286,0.63,21.20667,24.14143,0.8,0.01133,0.01086,0.005,0.009,0.01014,0.003,139,139,0,3.00422,Low Risk
8.19,28.08,0.007,0.008,139,8.02667,8.34571,-0.07,23.07333,24.20143,7.11,0.012,0.00971,-0.01,0.00567,0.00986,0.002,139,139,0,2.42368,Low Risk
7.52,29.82,0.017,0.008,139,7.99,8.19,-0.67,26.29,24.90571,1.74,0.01367,0.012,0.01,0.00733,0.01029,0,139,139,0,2.91374,Low Risk
8.77,24.95,0.024,0.019,139,8.16,8.22,1.25,27.61667,25.03,-4.87,0.016,0.01314,0.007,0.01167,0.01029,0.011,139,139,0,2.97561,Low Risk
8.65,24.3,0.011,0.004,139,8.31333,8.25857,-0.12,26.35667,24.39571,-0.65,0.01733,0.01329,-0.013,0.01033,0.00943,-0.015,139,139,0,2.84575,Low Risk
7.09,26.96,0.007,0.015,139,8.17,8.01571,-1.56,25.40333,25.03571,2.66,0.014,0.01357,-0.004,0.01267,0.009,0.011,139,139,0,3.04072,Low Risk
7.91,22.19,0.02,0.019,139,7.88333,8.05571,0.82,24.48333,25.32429,-4.77,0.01267,0.01471,0.013,0.01267,0.01129,0.004,139,139,0,2.80131,Low Risk
7.75,20.76,0.01,0.011,139,7.58333,7.98286,-0.16,23.30333,25.29429,-1.43,0.01233,0.01371,-0.01,0.015,0.012,-0.008,139,139,0,2.82991,Low Risk
8.87,24.61,0.015,0.002,139,8.17667,8.08,1.12,22.52,24.79857,3.85,0.015,0.01486,0.005,0.01067,0.01114,-0.009,139,139,0,2.88233,Low Risk
6.54,23.84,0.004,0.001,139,7.72,7.94,-2.33,23.07,23.94429,-0.77,0.00967,0.013,-0.011,0.00467,0.01014,-0.001,139,139,0,2.79687,Low Risk
7.27,22.41,0.006,0.013,139,7.56,7.72571,0.73,23.62,23.58143,-1.43,0.00833,0.01043,0.002,0.00533,0.00929,0.012,139,139,0,2.69437,Low Risk
8.92,27.6,0.022,0.004,139,7.57667,7.76429,1.65,24.61667,24.05286,5.19,0.01067,0.012,0.016,0.006,0.00929,-0.009,139,139,0,3.0638,Low Risk
8.62,29.65,0.003,0.015,139,8.27,7.98286,-0.3,26.55333,24.43714,2.05,0.01033,0.01143,-0.019,0.01067,0.00929,0.011,139,139,0,3.37378,Low Risk
6.75,20.95,0.007,0.007,139,8.09667,7.81714,-1.87,26.06667,24.26,-8.7,0.01067,0.00957,0.004,0.00867,0.00757,-0.008,139,139,0,3.6933,Low Risk
6.6,27.8,0.006,0.009,139,7.32333,7.65286,-0.15,26.13333,25.26571,6.85,0.00533,0.009,-0.001,0.01033,0.00729,0.002,139,139,0,3.81018,Low Risk
8.77,21.89,0.007,0.009,139,7.37333,7.63857,2.17,23.54667,24.87714,-5.91,0.00667,0.00786,0.001,0.00833,0.00829,0,139,139,0,3.89869,Low Risk
7.88,20.09,0,0.007,139,7.75,7.83,-0.89,23.26,24.34143,-1.8,0.00433,0.00729,-0.007,0.00833,0.00914,-0.002,139,139,0,3.89912,Low Risk
8.61,24.1,0.003,0.014,139,8.42,8.02143,0.73,22.02667,24.58286,4.01,0.00333,0.00686,0.003,0.01,0.00929,0.007,139,139,0,3.86164,Low Risk
7.28,21.41,0.016,0.013,139,7.92333,7.78714,-1.33,21.86667,23.69857,-2.69,0.00633,0.006,0.013,0.01133,0.01057,-0.001,139,139,0,3.69449,Low Risk
7.8,25.33,0.017,0.002,139,7.89667,7.67,0.52,23.61333,23.08143,3.92,0.012,0.008,0.001,0.00967,0.00871,-0.011,139,139,0,3.09077,Low Risk
6.99,25.58,0.025,0.001,139,7.35667,7.70429,-0.81,24.10667,23.74286,0.25,0.01933,0.01057,0.008,0.00533,0.00786,-0.001,139,139,0,2.99631,Low Risk
6.53,26.93,0.022,0.009,139,7.10667,7.69429,-0.46,25.94667,23.61857,1.35,0.02133,0.01286,-0.003,0.004,0.00786,0.008,139,139,0,2.92845,Low Risk
8.87,28.76,0.001,0.019,139,7.46333,7.70857,2.34,27.09,24.6,1.83,0.016,0.012,-0.021,0.00967,0.00929,0.01,139,139,0,3.22547,Low Risk
7.83,20.2,0.018,0.002,139,7.74333,7.70143,-1.04,25.29667,24.61571,-8.56,0.01367,0.01457,0.017,0.01,0.00857,-0.017,139,139,0,3.20631,Low Risk
6.75,26.87,0.002,0,139,7.81667,7.43571,-1.08,25.27667,25.01143,6.67,0.007,0.01443,-0.016,0.007,0.00657,-0.002,139,139,0,3.17359,Low Risk
7.63,29.86,0.02,0.014,139,7.40333,7.48571,0.88,25.64333,26.21857,2.99,0.01333,0.015,0.018,0.00533,0.00671,0.014,139,139,0,3.17776,Low Risk
8.37,29.86,0.002,0.015,139,7.58333,7.56714,0.74,28.86333,26.86571,0,0.008,0.01286,-0.018,0.00967,0.00857,0.001,139,139,0,3.43019,Low Risk
7.83,24.56,0.016,0.005,139,7.94333,7.68714,-0.54,28.09333,26.72,-5.3,0.01267,0.01157,0.014,0.01133,0.00914,-0.01,139,139,0,3.39904,Low Risk
8.82,23.48,0.016,0.018,139,8.34,8.01429,0.99,25.96667,26.22714,-1.08,0.01133,0.01071,0,0.01267,0.01043,0.013,139,139,0,3.32966,Low Risk
7.49,29.83,0.018,0.012,139,8.04667,7.81714,-1.33,25.95667,26.38,6.35,0.01667,0.01314,0.002,0.01167,0.00943,-0.006,139,139,0,3.22617,Low Risk
6.9,24.86,0.012,0.012,139,7.73667,7.68429,-0.59,26.05667,27.04571,-4.97,0.01533,0.01229,-0.006,0.014,0.01086,0,139,139,0,2.90412,Low Risk
8.62,23.15,0.003,0.008,139,7.67,7.95143,1.72,25.94667,26.51429,-1.71,0.011,0.01243,-0.009,0.01067,0.012,-0.004,139,139,0,2.97109,Low Risk
6.91,23.81,0.02,0.002,139,7.47667,7.84857,-1.71,23.94,25.65,0.66,0.01167,0.01243,0.017,0.00733,0.01029,-0.006,139,139,0,3.05205,Low Risk
8.64,20.18,0.02,0.015,139,8.05667,7.88714,1.73,22.38,24.26714,-3.63,0.01433,0.015,0,0.00833,0.01029,0.013,139,139,0,3.10376,Low Risk
8.61,25.04,0.016,0.017,139,8.05333,7.99857,-0.03,23.01,24.33571,4.86,0.01867,0.015,-0.004,0.01133,0.012,0.002,139,139,0,3.19598,Low Risk
7.71,21.27,0.008,0.007,139,8.32,7.84,-0.9,22.16333,24.02,-3.77,0.01467,0.01386,-0.008,0.013,0.01043,-0.01,139,139,0,3.15246,Low Risk
8.43,23.05,0.013,0.017,139,8.25,7.97429,0.72,23.12,23.05143,1.78,0.01233,0.01314,0.005,0.01367,0.01114,0.01,139,139,0,2.50518,Low Risk
8.61,22.56,0.003,0.016,139,8.25,8.21857,0.18,22.29333,22.72286,-0.49,0.008,0.01186,-0.01,0.01333,0.01171,-0.001,139,139,0,2.14874,Low Risk
7.5,20.02,0.01,0.004,139,8.18,8.05857,-1.11,21.87667,22.27571,-2.54,0.00867,0.01286,0.007,0.01233,0.01114,-0.012,139,139,0,2.32704,Low Risk
7.9,27.73,0.015,0.013,139,8.00333,8.2,0.4,23.43667,22.83571,7.71,0.00933,0.01214,0.005,0.011,0.01271,0.009,139,139,0,2.36829,Low Risk
7.79,26.62,0.022,0.002,139,7.73,8.07857,-0.11,24.79,23.75571,-1.11,0.01567,0.01243,0.007,0.00633,0.01086,-0.011,139,139,0,2.34383,Low Risk
7.23,23.98,0.002,0.013,139,7.64,7.88143,-0.56,26.11,23.60429,-2.64,0.013,0.01043,-0.02,0.00933,0.01029,0.011,139,139,0,2.37738,Low Risk
8.8,25.01,0.017,0.011,139,7.94,8.03714,1.57,25.20333,24.13857,1.03,0.01367,0.01171,0.015,0.00867,0.01086,-0.002,139,139,0,2.49211,Low Risk
7.51,26.13,0.018,0.018,139,7.84667,7.90571,-1.29,25.04,24.57857,1.12,0.01233,0.01243,0.001,0.014,0.011,0.007,139,139,0,2.51628,Low Risk
8.77,21.33,0.003,0.017,139,8.36,7.92857,1.26,24.15667,24.40286,-4.8,0.01267,0.01243,-0.015,0.01533,0.01114,-0.001,139,139,0,2.67952,Low Risk
7.71,22.83,0.023,0.007,139,7.99667,7.95857,-1.06,23.43,24.80429,1.5,0.01467,0.01429,0.02,0.014,0.01157,-0.01,139,139,0,2.34961,Low Risk
7.52,28.37,0.002,0.015,139,8,7.90429,-0.19,24.17667,24.89571,5.54,0.00933,0.01243,-0.021,0.013,0.01186,0.008,139,139,0,2.471,Low Risk
8.25,28.66,0.002,0.015,139,7.82667,7.97,0.73,26.62,25.18714,0.29,0.009,0.00957,0,0.01233,0.01371,0,139,139,0,2.66251,Low Risk
8.6,20.55,0.02,0.002,139,8.12333,8.16571,0.35,25.86,24.69714,-8.11,0.008,0.01214,0.018,0.01067,0.01214,-0.013,139,139,0,2.80347,Low Risk
6.98,24.93,0.003,0.01,139,7.94333,7.90571,-1.62,24.71333,24.68571,4.38,0.00833,0.01014,-0.017,0.009,0.012,0.008,139,139,0,2.94701,Low Risk
8.67,28.3,0,0.006,139,8.08333,8.07143,1.69,24.59333,24.99571,3.37,0.00767,0.00757,-0.003,0.006,0.01029,-0.004,139,139,0,3.13296,Low Risk
8.04,29.18,0,0.012,139,7.89667,7.96714,-0.63,27.47,26.11714,0.88,0.001,0.00714,0,0.00933,0.00957,0.006,139,139,0,2.93075,Low Risk
7.61,28.01,0.014,0.01,139,8.10667,7.95286,-0.43,28.49667,26.85714,-1.17,0.00467,0.00586,0.014,0.00933,0.01,-0.002,139,139,0,2.80115,Low Risk
8.13,29.79,0.024,0.003,139,7.92667,8.04,0.52,28.99333,27.06,1.78,0.01267,0.009,0.01,0.00833,0.00829,-0.007,139,139,0,2.82663,Low Risk
6.8,25.71,0.003,0.016,139,7.51333,7.83286,-1.33,27.83667,26.63857,-4.08,0.01367,0.00914,-0.021,0.00967,0.00843,0.013,139,139,0,3.10105,Low Risk
8.28,20.64,0.002,0.013,139,7.73667,7.78714,1.48,25.38,26.65143,-5.07,0.00967,0.00657,-0.001,0.01067,0.01,-0.003,139,139,0,2.99078,Low Risk
6.76,20.86,0.016,0.011,139,7.28,7.75571,-1.52,22.40333,26.07,0.22,0.007,0.00843,0.014,0.01333,0.01014,-0.002,139,139,0,3.41852,Low Risk
7.92,29.77,0.005,0.018,139,7.65333,7.64857,1.16,23.75667,26.28,8.91,0.00767,0.00914,-0.011,0.014,0.01186,0.007,139,139,0,3.28916,Low Risk
8.34,24.49,0.006,0.001,139,7.67333,7.69143,0.42,25.04,25.61,-5.28,0.009,0.01,0.001,0.01,0.01029,-0.017,139,139,0,3.27957,Low Risk
8.8,28.94,0.005,0.006,139,8.35333,7.86143,0.46,27.73333,25.74286,4.45,0.00533,0.00871,-0.001,0.00833,0.00971,0.005,139,139,0,3.56889,Low Risk
8.7,29.11,0.023,0.011,139,8.61333,7.94286,-0.1,27.51333,25.64571,0.17,0.01133,0.00857,0.018,0.006,0.01086,0.005,139,139,0,3.63337,Low Risk
7.43,29.61,0.011,0.01,139,8.31,8.03286,-1.27,29.22,26.20286,0.5,0.013,0.00971,-0.012,0.009,0.01,-0.001,139,139,0,3.54083,Low Risk
8.27,27.78,0.011,0.015,139,8.13333,8.03143,0.84,28.83333,27.22286,-1.83,0.015,0.011,0,0.012,0.01029,0.005,139,139,0,3.13979,Low Risk
7.45,29.48,0.005,0.009,139,7.71667,8.13,-0.82,28.95667,28.45429,1.7,0.009,0.00943,-0.006,0.01133,0.01,-0.006,139,139,0,2.05331,Low Risk
7.61,26.79,0.023,0.019,139,7.77667,8.08571,0.16,28.01667,28.02857,-2.69,0.013,0.012,0.018,0.01433,0.01014,0.01,139,139,0,2.11321,Low Risk
7.08,27.14,0.02,0.019,139,7.38,7.90571,-0.53,27.80333,28.40714,0.35,0.016,0.014,-0.003,0.01567,0.01271,0,139,139,0,1.95094,Low Risk
7.96,21.38,0.004,0.013,139,7.55,7.78571,0.88,25.10333,27.32714,-5.76,0.01567,0.01386,-0.016,0.017,0.01371,-0.006,139,139,0,2.56023,Low Risk
6.54,20.83,0.005,0.01,139,7.19333,7.47714,-1.42,23.11667,26.14429,-0.55,0.00967,0.01129,0.001,0.014,0.01357,-0.003,139,139,0,2.95071,Low Risk
7.52,21.12,0.02,0.016,139,7.34,7.49,0.98,21.11,24.93143,0.29,0.00967,0.01257,0.015,0.013,0.01443,0.006,139,139,0,2.98517,Low Risk
7.46,23.69,0.013,0.004,139,7.17333,7.37429,-0.06,21.88,24.34714,2.57,0.01267,0.01286,-0.007,0.01,0.01286,-0.012,139,139,0,2.65035,Low Risk
6.86,29.65,0.008,0.018,139,7.28,7.29,-0.6,24.82,24.37143,5.96,0.01367,0.01329,-0.005,0.01267,0.01414,0.014,139,139,0,2.745,Low Risk
8.35,23.62,0.002,0.014,139,7.55667,7.39571,1.49,25.65333,23.91857,-6.03,0.00767,0.01029,-0.006,0.012,0.01343,-0.004,139,139,0,2.94445,Low Risk
7.31,29.3,0.019,0.017,139,7.50667,7.42857,-1.04,27.52333,24.22714,5.68,0.00967,0.01014,0.017,0.01633,0.01314,0.003,139,139,0,3.12716,Low Risk
7.46,20.96,0.024,0.002,139,7.70667,7.35714,0.15,24.62667,24.16714,-8.34,0.015,0.013,0.005,0.011,0.01157,-0.015,139,139,0,3.06795,Low Risk
8.97,21.22,0.001,0.011,139,7.91333,7.70429,1.51,23.82667,24.22286,0.26,0.01467,0.01243,-0.023,0.01,0.01171,0.009,139,139,0,3.3257,Low Risk
8.06,24.89,0.005,0.017,139,8.16333,7.78143,-0.91,22.35667,24.76143,3.67,0.01,0.01029,0.004,0.01,0.01186,0.006,139,139,0,3.20854,Low Risk
7.51,29.23,0.004,0.016,139,8.18,7.78857,-0.55,25.11333,25.55286,4.34,0.00333,0.009,-0.001,0.01467,0.01357,-0.001,139,139,0,3.36564,Low Risk
7.08,21.35,0.005,0.001,139,7.55,7.82,-0.43,25.15667,24.36714,-7.88,0.00467,0.00857,0.001,0.01133,0.01114,-0.015,139,139,0,3.1776,Low Risk
8.91,21.44,0.008,0.011,139,7.83333,7.9,1.83,24.00667,24.05571,0.09,0.00567,0.00943,0.003,0.00933,0.01071,0.01,139,139,0,3.45842,Low Risk
6.86,23.33,0.022,0.02,139,7.61667,7.83571,-2.05,22.04,23.20286,1.89,0.01167,0.00986,0.014,0.01067,0.01114,0.009,139,139,0,3.21354,Low Risk
7.5,24.55,0.013,0.016,139,7.75667,7.84143,0.64,23.10667,23.71571,1.22,0.01433,0.00829,-0.009,0.01567,0.01314,-0.004,139,139,0,3.13214,Low Risk
7.83,20.08,0.015,0.005,139,7.39667,7.67857,0.33,22.65333,23.55286,-4.47,0.01667,0.01029,0.002,0.01367,0.01229,-0.011,139,139,0,2.90663,Low Risk
6.75,24.08,0.014,0.008,139,7.36,7.49143,-1.08,22.90333,23.43714,4,0.014,0.01157,-0.001,0.00967,0.011,0.003,139,139,0,2.9951,Low Risk
7.95,21.81,0.012,0.003,139,7.51,7.55429,1.2,21.99,22.37714,-2.27,0.01367,0.01271,-0.002,0.00533,0.00914,-0.005,139,139,0,2.34045,Low Risk
6.76,28.73,0.002,0.002,139,7.15333,7.50857,-1.19,24.87333,23.43143,6.92,0.00933,0.01229,-0.01,0.00433,0.00929,-0.001,139,139,0,3.01599,Low Risk
7.99,25.49,0.005,0.007,139,7.56667,7.37714,1.23,25.34333,24.01,-3.24,0.00633,0.01186,0.003,0.004,0.00871,0.005,139,139,0,2.53503,Low Risk
7.7,28.61,0.01,0.015,139,7.48333,7.49714,-0.29,27.61,24.76429,3.12,0.00567,0.01014,0.005,0.008,0.008,0.008,139,139,0,2.68505,Low Risk
8.54,20.53,0.014,0.008,139,8.07667,7.64571,0.84,24.87667,24.19,-8.08,0.00967,0.01029,0.004,0.01,0.00686,-0.007,139,139,0,3.13575,Low Risk
7.93,25.11,0.011,0.017,139,8.05667,7.66,-0.61,24.75,24.90857,4.58,0.01167,0.00971,-0.003,0.01333,0.00857,0.009,139,139,0,2.90227,Low Risk
7.03,21.46,0.012,0.012,139,7.83333,7.7,-0.9,22.36667,24.53429,-3.65,0.01233,0.00943,0.001,0.01233,0.00914,-0.005,139,139,0,2.91779,Low Risk
7.58,24.39,0.023,0.014,139,7.51333,7.64714,0.55,23.65333,24.90286,2.93,0.01533,0.011,0.011,0.01433,0.01071,0.002,139,139,0,2.79757,Low Risk
7.58,24.55,0.011,0.011,139,7.39667,7.76429,0,23.46667,24.30571,0.16,0.01533,0.01229,-0.012,0.01233,0.012,-0.003,139,139,0,2.27728,Low Risk
8.68,23.18,0.005,0.002,139,7.94667,7.86286,1.1,24.04,23.97571,-1.37,0.013,0.01229,-0.006,0.009,0.01129,-0.009,139,139,0,2.49324,Low Risk
8.37,29.26,0.007,0.008,139,8.21,7.95857,-0.31,25.66333,24.06857,6.08,0.00767,0.01186,0.002,0.007,0.01029,0.006,139,139,0,2.63778,Low Risk
7.49,27.22,0,0.009,139,8.18,7.80857,-0.88,26.55333,25.02429,-2.04,0.004,0.00986,-0.007,0.00633,0.01043,0.001,139,139,0,2.42319,Low Risk
6.92,26.37,0.021,0.001,139,7.59333,7.66429,-0.57,27.61667,25.20429,-0.85,0.00933,0.01129,0.021,0.006,0.00814,-0.008,139,139,0,2.62384,Low Risk
7.85,29.46,0.023,0.014,139,7.42,7.78143,0.93,27.68333,26.34714,3.09,0.01467,0.01286,0.002,0.008,0.00843,0.013,139,139,0,2.41793,Low Risk
6.55,27.3,0.012,0.006,139,7.10667,7.63429,-1.3,27.71,26.76286,-2.16,0.01867,0.01129,-0.011,0.007,0.00729,-0.008,139,139,0,2.67304,Low Risk
6.8,25.22,0.016,0.02,139,7.06667,7.52286,0.25,27.32667,26.85857,-2.08,0.017,0.012,0.004,0.01333,0.00857,0.014,139,139,0,2.75466,Low Risk
8.09,26.47,0.008,0.002,139,7.14667,7.43857,1.29,26.33,27.32857,1.25,0.012,0.01243,-0.008,0.00933,0.00857,-0.018,139,139,0,2.18828,Low Risk
7.71,27.36,0.004,0,139,7.53333,7.34429,-0.38,26.35,27.05714,0.89,0.00933,0.012,-0.004,0.00733,0.00743,-0.002,139,139,0,1.84312,Low Risk
8.99,28.71,0.006,0.004,139,8.26333,7.55857,1.28,27.51333,27.27,1.35,0.006,0.01286,0.002,0.002,0.00671,0.004,139,139,0,2.4578,Low Risk
8.15,28.67,0.014,0.016,139,8.28333,7.73429,-0.84,28.24667,27.59857,-0.04,0.008,0.01186,0.008,0.00667,0.00886,0.012,139,139,0,2.4134,Low Risk
8.93,22.29,0.018,0.009,139,8.69,7.88857,0.78,26.55667,26.57429,-6.38,0.01267,0.01114,0.004,0.00967,0.00814,-0.007,139,139,0,3.03416,Low Risk
8.7,23.01,0.004,0.006,139,8.59333,8.19571,-0.23,24.65667,25.96143,0.72,0.012,0.01,-0.014,0.01033,0.00814,-0.003,139,139,0,2.85411,Low Risk
8.26,24.1,0.005,0.006,139,8.63,8.40429,-0.44,23.13333,25.80143,1.09,0.009,0.00843,0.001,0.007,0.00614,0,139,139,0,2.29974,Low Risk
6.71,21.92,0.011,0.02,139,7.89,8.20714,-1.55,23.01,25.15143,-2.18,0.00667,0.00886,0.006,0.01067,0.00871,0.014,139,139,0,3.12132,Low Risk
7.6,21.95,0.016,0.015,139,7.52333,8.19143,0.89,22.65667,24.37857,0.03,0.01067,0.01057,0.005,0.01367,0.01086,-0.005,139,139,0,3.16258,Low Risk
6.5,21.5,0.006,0.003,139,6.93667,7.83571,-1.1,21.79,23.34857,-0.45,0.011,0.01057,-0.01,0.01267,0.01071,-0.012,139,139,0,3.14689,Low Risk
8.2,28.55,0.002,0.013,139,7.43333,7.84286,1.7,24,23.33143,7.05,0.008,0.00886,-0.004,0.01033,0.01029,0.01,139,139,0,3.13272,Low Risk
8.44,29.31,0.009,0.009,139,7.71333,7.77286,0.24,26.45333,24.33429,0.76,0.00567,0.00757,0.007,0.00833,0.01029,-0.004,139,139,0,3.37396,Low Risk
8.78,27.8,0.003,0.014,139,8.47333,7.78429,0.34,28.55333,25.01857,-1.51,0.00467,0.00743,-0.006,0.012,0.01143,0.005,139,139,0,3.49039,Low Risk
7.39,21.58,0.012,0.014,139,8.20333,7.66,-1.39,26.23,24.65857,-6.22,0.008,0.00843,0.009,0.01233,0.01257,0,139,139,0,3.57454,Low Risk
7.86,27.29,0.002,0.003,139,8.01,7.82429,0.47,25.55667,25.42571,5.71,0.00567,0.00714,-0.01,0.01033,0.01014,-0.011,139,139,0,3.30485,Low Risk
8.13,21.94,0.018,0.01,139,7.79333,7.9,0.27,23.60333,25.42429,-5.35,0.01067,0.00743,0.016,0.009,0.00943,0.007,139,139,0,3.30747,Low Risk
6.94,24.58,0.009,0.011,139,7.64333,7.96286,-1.19,24.60333,25.86429,2.64,0.00967,0.00786,-0.009,0.008,0.01057,0.001,139,139,0,2.8522,Low Risk
8.96,28.55,0.019,0.011,139,8.01,8.07143,2.02,25.02333,25.86429,3.97,0.01533,0.01029,0.01,0.01067,0.01029,0,139,139,0,3.06312,Low Risk
6.51,21.32,0.012,0.008,139,7.47,7.79571,-2.45,24.81667,24.72286,-7.23,0.01333,0.01071,-0.007,0.01,0.01014,-0.003,139,139,0,3.41739,Low Risk
6.99,26.14,0.014,0.011,139,7.48667,7.54,0.48,25.33667,24.48571,4.82,0.015,0.01229,0.002,0.01,0.00971,0.003,139,139,0,3.16034,Low Risk
7.67,26.38,0.007,0.014,139,7.05667,7.58,0.68,24.61333,25.17143,0.24,0.011,0.01157,-0.007,0.011,0.00971,0.003,139,139,0,3.03757,Low Risk
7.89,27.52,0.004,0.01,139,7.51667,7.58429,0.22,26.68,25.20429,1.14,0.00833,0.01186,-0.003,0.01167,0.01071,-0.004,139,139,0,3.05568,Low Risk
7.14,22.57,0.006,0.011,139,7.56667,7.44286,-0.75,25.49,25.29429,-4.95,0.00567,0.01014,0.002,0.01167,0.01086,0.001,139,139,0,2.94773,Low Risk
8.99,25.49,0.017,0.002,139,8.00667,7.73571,1.85,25.19333,25.42429,2.92,0.009,0.01129,0.011,0.00767,0.00957,-0.009,139,139,0,3.22913,Low Risk
7.62,29.38,0.006,0.009,139,7.91667,7.54429,-1.37,25.81333,25.54286,3.89,0.00967,0.00943,-0.011,0.00733,0.00929,0.007,139,139,0,2.98536,Low Risk
6.64,29.5,0.003,0.003,139,7.75,7.56286,-0.98,28.12333,26.71143,0.12,0.00867,0.00814,-0.003,0.00467,0.00857,-0.006,139,139,0,2.74304,Low Risk
8.24,26.06,0.017,0.014,139,7.5,7.74143,1.6,28.31333,26.7,-3.44,0.00867,0.00857,0.014,0.00867,0.009,0.011,139,139,0,2.72565,Low Risk
7.09,28.11,0.005,0.02,139,7.32333,7.65857,-1.15,27.89,26.94714,2.05,0.00833,0.00829,-0.012,0.01233,0.00986,0.006,139,139,0,2.8307,Low Risk
7.25,23.15,0.009,0.018,139,7.52667,7.56714,0.16,25.77333,26.32286,-4.96,0.01033,0.009,0.004,0.01733,0.011,-0.002,139,139,0,3.02118,Low Risk
7.14,22.72,0.014,0.008,139,7.16,7.56714,-0.11,24.66,26.34429,-0.43,0.00933,0.01014,0.005,0.01533,0.01057,-0.01,139,139,0,3.0049,Low Risk
6.72,24.29,0.003,0.015,139,7.03667,7.24286,-0.42,23.38667,26.17286,1.57,0.00867,0.00814,-0.011,0.01367,0.01243,0.007,139,139,0,2.54807,Low Risk
7.92,27.47,0.014,0.009,139,7.26,7.28571,1.2,24.82667,25.9,3.18,0.01033,0.00929,0.011,0.01067,0.01243,-0.006,139,139,0,2.4985,Low Risk
7.17,24.65,0.013,0.017,139,7.27,7.36143,-0.75,25.47,25.20714,-2.82,0.01,0.01071,-0.001,0.01367,0.01443,0.008,139,139,0,2.1023,Low Risk
6.58,29.84,0.015,0.009,139,7.22333,7.12429,-0.59,27.32,25.74714,5.19,0.014,0.01043,0.002,0.01167,0.01371,-0.008,139,139,0,2.23299,Low Risk
8.1,28.49,0.004,0.014,139,7.28333,7.26857,1.52,27.66,25.80143,-1.35,0.01067,0.01029,-0.011,0.01333,0.01286,0.005,139,139,0,2.53193,Low Risk
8,23.22,0.007,0.013,139,7.56,7.37571,-0.1,27.18333,25.81143,-5.27,0.00867,0.01,0.003,0.012,0.01214,-0.001,139,139,0,2.65353,Low Risk
6.98,21.79,0.02,0.001,139,7.69333,7.35286,-1.02,24.5,25.67857,-1.43,0.01033,0.01086,0.013,0.00933,0.01114,-0.012,139,139,0,2.77575,Low Risk
8.22,28.55,0.011,0.012,139,7.73333,7.56714,1.24,24.52,26.28714,6.76,0.01267,0.012,-0.009,0.00867,0.01071,0.011,139,139,0,2.83301,Low Risk
7.28,28.6,0.003,0.005,139,7.49333,7.47571,-0.94,26.31333,26.44857,0.05,0.01133,0.01043,-0.008,0.006,0.01014,-0.007,139,139,0,2.85893,Low Risk
7.57,21.05,0.007,0.011,139,7.69,7.53286,0.29,26.06667,25.93429,-7.55,0.007,0.00957,0.004,0.00933,0.00929,0.006,139,139,0,3.12047,Low Risk
7.45,27.61,0.016,0.004,139,7.43333,7.65714,-0.12,25.75333,25.61571,6.56,0.00867,0.00971,0.009,0.00667,0.00857,-0.007,139,139,0,2.65671,Low Risk
8.06,21.39,0.013,0.02,139,7.69333,7.65143,0.61,23.35,24.60143,-6.22,0.012,0.011,-0.003,0.01167,0.00943,0.016,139,139,0,2.67219,Low Risk
8.46,26.07,0.01,0.014,139,7.99,7.71714,0.4,25.02333,25.00857,4.68,0.013,0.01143,-0.003,0.01267,0.00957,-0.006,139,139,0,2.82884,Low Risk
7.99,27.93,0.009,0.006,139,8.17,7.86143,-0.47,25.13,25.88571,1.86,0.01067,0.00986,-0.001,0.01333,0.01029,-0.008,139,139,0,2.52709,Low Risk
8.13,22.12,0.022,0.013,139,8.19333,7.84857,0.14,25.37333,24.96714,-5.81,0.01367,0.01143,0.013,0.011,0.01043,0.007,139,139,0,2.52364,Low Risk
7.97,20.32,0.016,0.011,139,8.03,7.94714,-0.16,23.45667,23.78429,-1.8,0.01567,0.01329,-0.006,0.01,0.01129,-0.002,139,139,0,2.33995,Low Risk
6.9,28.03,0.011,0.016,139,7.66667,7.85143,-1.07,23.49,24.78143,7.71,0.01633,0.01386,-0.005,0.01333,0.012,0.005,139,139,0,2.72984,Low Risk
6.61,20.39,0,0.005,139,7.16,7.73143,-0.29,22.91333,23.75,-7.64,0.009,0.01157,-0.011,0.01067,0.01214,-0.011,139,139,0,3.13432,Low Risk
6.84,27.41,0.006,0.005,139,6.78333,7.55714,0.23,25.27667,24.61,7.02,0.00567,0.01057,0.006,0.00867,0.01,0,139,139,0,3.27619,Low Risk
7.21,23.39,0.016,0.005,139,6.88667,7.37857,0.37,23.73,24.22714,-4.02,0.00733,0.01143,0.01,0.005,0.00871,0,139,139,0,3.03568,Low Risk
8.39,24.16,0.013,0.004,139,7.48,7.43571,1.18,24.98667,23.68857,0.77,0.01167,0.012,-0.003,0.00467,0.00843,-0.001,139,139,0,2.99156,Low Risk
7.54,21.94,0.01,0.019,139,7.71333,7.35143,-0.85,23.16333,23.66286,-2.22,0.013,0.01029,-0.003,0.00933,0.00929,0.015,139,139,0,2.86911,Low Risk
6.86,29.47,0.019,0.019,139,7.59667,7.19286,-0.68,25.19,24.97,7.53,0.014,0.01071,0.009,0.014,0.01043,0,139,139,0,2.92182,Low Risk
8.34,21.36,0.006,0.018,139,7.58,7.39857,1.48,24.25667,24.01714,-8.11,0.01167,0.01,-0.013,0.01867,0.01071,-0.001,139,139,0,3.12265,Low Risk
8.17,24.69,0.006,0.001,139,7.79,7.62143,-0.17,25.17333,24.63143,3.33,0.01033,0.01086,0,0.01267,0.01014,-0.017,139,139,0,2.8261,Low Risk
8.09,28.51,0.012,0.006,139,8.2,7.8,-0.08,24.85333,24.78857,3.82,0.008,0.01171,0.006,0.00833,0.01029,0.005,139,139,0,2.76421,Low Risk
7.86,22.47,0.024,0.007,139,8.04,7.89286,-0.23,25.22333,24.65714,-6.04,0.014,0.01286,0.012,0.00467,0.01057,0.001,139,139,0,2.69309,Low Risk
7.13,24.31,0.018,0.004,139,7.69333,7.71286,-0.73,25.09667,24.67857,1.84,0.018,0.01357,-0.006,0.00567,0.01057,-0.003,139,139,0,2.72475,Low Risk
6.68,29.94,0.003,0.02,139,7.22333,7.59,-0.45,25.57333,25.82143,5.63,0.015,0.01257,-0.015,0.01033,0.01071,0.016,139,139,0,3.11531,Low Risk
7.47,29.28,0.015,0.006,139,7.09333,7.67714,0.79,27.84333,25.79429,-0.66,0.012,0.012,0.012,0.01,0.00886,-0.014,139,139,0,2.95055,Low Risk
8.89,20.43,0.019,0.014,139,7.68,7.75571,1.42,26.55,25.66143,-8.85,0.01233,0.01386,0.004,0.01333,0.00829,0.008,139,139,0,3.30188,Low Risk
6.56,25.48,0.009,0.009,139,7.64,7.52571,-2.33,25.06333,25.77429,5.05,0.01433,0.01429,-0.01,0.00967,0.00943,-0.005,139,139,0,3.47944,Low Risk
7.98,20.01,0.008,0.019,139,7.81,7.51,1.42,21.97333,24.56,-5.47,0.012,0.01371,-0.001,0.014,0.01129,0.01,139,139,0,3.62644,Low Risk
8.71,27.25,0.006,0.008,139,7.75,7.63143,0.73,24.24667,25.24286,7.24,0.00767,0.01114,-0.002,0.012,0.01143,-0.011,139,139,0,3.85183,Low Risk
7.95,26.19,0.004,0.018,139,8.21333,7.74857,-0.76,24.48333,25.51143,-1.06,0.006,0.00914,-0.002,0.015,0.01343,0.01,139,139,0,3.80155,Low Risk
8.29,23.72,0.001,0.005,139,8.31667,7.97857,0.34,25.72,24.62286,-2.47,0.00367,0.00886,-0.003,0.01033,0.01129,-0.013,139,139,0,3.31586,Low Risk
8.29,22.94,0.003,0.002,139,8.17667,8.09571,0,24.28333,23.71714,-0.78,0.00267,0.00714,0.002,0.00833,0.01071,-0.003,139,139,0,2.93156,Low Risk
7.45,20.55,0.02,0.004,139,8.01,7.89,-0.84,22.40333,23.73429,-2.39,0.008,0.00729,0.017,0.00367,0.00929,0.002,139,139,0,2.80448,Low Risk
6.89,27.01,0.004,0.009,139,7.54333,7.93714,-0.56,23.5,23.95286,6.46,0.009,0.00657,-0.016,0.005,0.00929,0.005,139,139,0,2.71081,Low Risk
6.89,28.93,0.024,0.016,139,7.07667,7.78143,0,25.49667,25.22714,1.92,0.016,0.00886,0.02,0.00967,0.00886,0.007,139,139,0,2.91941,Low Risk
7.66,27.26,0.005,0.013,139,7.14667,7.63143,0.77,27.73333,25.22857,-1.67,0.011,0.00871,-0.019,0.01267,0.00957,-0.003,139,139,0,2.66468,Low Risk
6.59,25.86,0.013,0.011,139,7.04667,7.43714,-1.07,27.35,25.18143,-1.4,0.014,0.01,0.008,0.01333,0.00857,-0.002,139,139,0,2.84422,Low Risk
8.32,29.52,0.006,0.014,139,7.52333,7.44143,1.73,27.54667,26.01,3.66,0.008,0.01071,-0.007,0.01267,0.00986,0.003,139,139,0,3.01672,Low Risk
8.38,23.61,0.012,0.007,139,7.76333,7.45429,0.06,26.33,26.10571,-5.91,0.01033,0.012,0.006,0.01067,0.01057,-0.007,139,139,0,3.00442,Low Risk
7.63,20.91,0.011,0.009,139,8.11,7.48,-0.75,24.68,26.15714,-2.7,0.00967,0.01071,-0.001,0.01,0.01129,0.002,139,139,0,2.95626,Low Risk
7.22,24.87,0,0.013,139,7.74333,7.52714,-0.41,23.13,25.85143,3.96,0.00767,0.01014,-0.011,0.00967,0.01186,0.004,139,139,0,2.89073,Low Risk
6.86,21.66,0.005,0.006,139,7.23667,7.52286,-0.36,22.48,24.81286,-3.21,0.00533,0.00743,0.005,0.00933,0.01043,-0.007,139,139,0,2.90181,Low Risk
7.73,22.57,0.019,0.007,139,7.27,7.53286,0.87,23.03333,24.14286,0.91,0.008,0.00943,0.014,0.00867,0.00957,0.001,139,139,0,2.85349,Low Risk
7.41,20.02,0.008,0.014,139,7.33333,7.65,-0.32,21.41667,23.30857,-2.55,0.01067,0.00871,-0.011,0.009,0.01,0.007,139,139,0,2.71771,Low Risk
8.45,27.63,0.009,0.008,139,7.86333,7.66857,1.04,23.40667,23.03857,7.61,0.012,0.00914,0.001,0.00967,0.00914,-0.006,139,139,0,2.47859,Low Risk
6.85,27.64,0.017,0.009,139,7.57,7.45,-1.6,25.09667,23.61429,0.01,0.01133,0.00986,0.008,0.01033,0.00943,0.001,139,139,0,2.69933,Low Risk
8.37,20.16,0.015,0.004,139,7.89,7.55571,1.52,25.14333,23.50714,-7.48,0.01367,0.01043,-0.002,0.007,0.00871,-0.005,139,139,0,2.96038,Low Risk
8.05,21.24,0.01,0.015,139,7.75667,7.67429,-0.32,23.01333,22.98857,1.08,0.014,0.01186,-0.005,0.00933,0.009,0.011,139,139,0,2.98317,Low Risk
8.77,20.8,0.02,0.015,139,8.39667,7.94714,0.72,20.73333,22.86571,-0.44,0.015,0.014,0.01,0.01133,0.01029,0,139,139,0,3.02341,Low Risk
8.29,20.78,0.017,0.009,139,8.37,8.02714,-0.48,20.94,22.61,-0.02,0.01567,0.01371,-0.003,0.013,0.01057,-0.006,139,139,0,3.07571,Low Risk
6.79,25.91,0.024,0.001,139,7.95,7.93857,-1.5,22.49667,23.45143,5.13,0.02033,0.016,0.007,0.00833,0.00871,-0.008,139,139,0,3.31709,Low Risk
8.68,24.96,0.022,0.013,139,7.92,7.97143,1.89,23.88333,23.07,-0.95,0.021,0.01786,-0.002,0.00767,0.00943,0.012,139,139,0,3.16467,Low Risk
6.66,24.93,0.015,0.009,139,7.37667,7.94429,-2.02,25.26667,22.68286,-0.03,0.02033,0.01757,-0.007,0.00767,0.00943,-0.004,139,139,0,2.97405,Low Risk
6.5,26.48,0.024,0.019,139,7.28,7.67714,-0.16,25.45667,23.58571,1.55,0.02033,0.01886,0.009,0.01367,0.01157,0.01,139,139,0,3.26566,Low Risk
7.27,28.41,0.012,0.015,139,6.81,7.56571,0.77,26.60667,24.61,1.93,0.017,0.01914,-0.012,0.01433,0.01157,-0.004,139,139,0,3.4155,Low Risk
7.49,20.17,0.015,0.007,139,7.08667,7.38286,0.22,25.02,24.52,-8.24,0.017,0.01843,0.003,0.01367,0.01043,-0.008,139,139,0,3.18214,Low Risk
7.21,28.44,0.01,0.008,139,7.32333,7.22857,-0.28,25.67333,25.61429,8.27,0.01233,0.01743,-0.005,0.01,0.01029,0.001,139,139,0,2.87959,Low Risk
8.12,27.72,0.02,0.003,139,7.60667,7.41857,0.91,25.44333,25.87286,-0.72,0.015,0.01686,0.01,0.006,0.01057,-0.005,139,139,0,3.01237,Low Risk
7.15,22.89,0.01,0.013,139,7.49333,7.2,-0.97,26.35,25.57714,-4.83,0.01333,0.01514,-0.01,0.008,0.01057,0.01,139,139,0,2.6425,Low Risk
8.97,27.01,0.007,0.004,139,8.08,7.53,1.82,25.87333,25.87429,4.12,0.01233,0.014,-0.003,0.00667,0.00986,-0.009,139,139,0,3.17833,Low Risk
8.18,29.13,0.006,0.018,139,8.1,7.77,-0.79,26.34333,26.25286,2.12,0.00767,0.01143,-0.001,0.01167,0.00971,0.014,139,139,0,3.05789,Low Risk
8.17,29.45,0.019,0,139,8.44,7.89857,-0.01,28.53,26.40143,0.32,0.01067,0.01243,0.013,0.00733,0.00757,-0.018,139,139,0,3.07331,Low Risk
8.47,22.68,0.018,0.001,139,8.27333,8.03857,0.3,27.08667,26.76,-6.77,0.01433,0.01286,-0.001,0.00633,0.00671,0.001,139,139,0,2.74017,Low Risk
6.67,21.54,0.011,0.015,139,7.77,7.96143,-1.8,24.55667,25.77429,-1.14,0.016,0.013,-0.007,0.00533,0.00771,0.014,139,139,0,3.2434,Low Risk
7.11,23.71,0.009,0.001,139,7.41667,7.81714,0.44,22.64333,25.20143,2.17,0.01267,0.01143,-0.002,0.00567,0.00743,-0.014,139,139,0,3.33205,Low Risk
7.77,22.23,0.022,0.018,139,7.18333,7.90571,0.66,22.49333,25.10714,-1.48,0.014,0.01314,0.013,0.01133,0.00814,0.017,139,139,0,3.27636,Low Risk
8.66,20.26,0.019,0.015,139,7.84667,7.86143,0.89,22.06667,24.14286,-1.97,0.01667,0.01486,-0.003,0.01133,0.00971,-0.003,139,139,0,3.30786,Low Risk
8.99,21.81,0.007,0.002,139,8.47333,7.97714,0.33,21.43333,23.09714,1.55,0.016,0.015,-0.012,0.01167,0.00743,-0.013,139,139,0,3.19716,Low Risk
8.02,22.44,0.007,0.009,139,8.55667,7.95571,-0.97,21.50333,22.09571,0.63,0.011,0.01329,0,0.00867,0.00871,0.007,139,139,0,2.2272,Low Risk
6.56,29.97,0.012,0.012,139,7.85667,7.68286,-1.46,24.74,23.13714,7.53,0.00867,0.01243,0.005,0.00767,0.01029,0.003,139,139,0,3.50221,Low Risk
8.76,26.55,0.005,0.012,139,7.78,7.98143,2.2,26.32,23.85286,-3.42,0.008,0.01157,-0.007,0.011,0.00986,0,139,139,0,3.48593,Low Risk
8.47,21.18,0.012,0.004,139,7.93,8.17571,-0.29,25.9,23.49143,-5.37,0.00967,0.012,0.007,0.00933,0.01029,-0.008,139,139,0,3.41084,Low Risk
7.77,28.25,0.023,0.003,139,8.33333,8.17571,-0.7,25.32667,24.35143,7.07,0.01333,0.01214,0.011,0.00633,0.00814,-0.001,139,139,0,3.5921,Low Risk
8.39,27.31,0.013,0.01,139,8.21,8.13714,0.62,25.58,25.35857,-0.94,0.016,0.01129,-0.01,0.00567,0.00743,0.007,139,139,0,3.37894,Low Risk
8.03,27.14,0.015,0.01,139,8.06333,8,-0.36,27.56667,26.12,-0.17,0.017,0.01243,0.002,0.00767,0.00857,0,139,139,0,3.02466,Low Risk
7.56,25.57,0.022,0.002,139,7.99333,7.93429,-0.47,26.67333,26.56714,-1.57,0.01667,0.01457,0.007,0.00733,0.00757,-0.008,139,139,0,2.85646,Low Risk
7.12,23.81,0.011,0.006,139,7.57,8.01429,-0.44,25.50667,25.68714,-1.76,0.016,0.01443,-0.011,0.006,0.00671,0.004,139,139,0,2.38213,Low Risk
7.02,23.47,0.008,0.003,139,7.23333,7.76571,-0.1,24.28333,25.24714,-0.34,0.01367,0.01486,-0.003,0.00367,0.00543,-0.003,139,139,0,2.42782,Low Risk
7.31,20.85,0.019,0.001,139,7.15,7.6,0.29,22.71,25.2,-2.62,0.01267,0.01586,0.011,0.00333,0.005,-0.002,139,139,0,2.32315,Low Risk
7.39,22.12,0.021,0.008,139,7.24,7.54571,0.08,22.14667,24.32429,1.27,0.016,0.01557,0.002,0.004,0.00571,0.007,139,139,0,2.2357,Low Risk
7.52,20.89,0.014,0.015,139,7.40667,7.42143,0.13,21.28667,23.40714,-1.23,0.018,0.01571,-0.007,0.008,0.00643,0.007,139,139,0,1.85421,Low Risk
7.79,27.6,0.017,0.013,139,7.56667,7.38714,0.27,23.53667,23.47286,6.71,0.01733,0.016,0.003,0.012,0.00686,-0.002,139,139,0,1.78122,Low Risk
8.77,20.7,0.011,0.019,139,8.02667,7.56,0.98,23.06333,22.77714,-6.9,0.014,0.01443,-0.006,0.01567,0.00929,0.006,139,139,0,2.43013,Low Risk
6.79,25.86,0.003,0.01,139,7.78333,7.51286,-1.98,24.72,23.07,5.16,0.01033,0.01329,-0.008,0.014,0.00986,-0.009,139,139,0,2.66254,Low Risk
6.95,22.83,0.012,0.013,139,7.50333,7.50286,0.16,23.13,22.97857,-3.03,0.00867,0.01386,0.009,0.014,0.01129,0.003,139,139,0,2.67816,Low Risk
7.67,25.22,0.014,0.007,139,7.13667,7.55429,0.72,24.63667,23.60286,2.39,0.00967,0.01314,0.002,0.01,0.01214,-0.006,139,139,0,2.63554,Low Risk
7.28,29.74,0.013,0.005,139,7.3,7.53857,-0.39,25.93,24.69143,4.52,0.013,0.012,-0.001,0.00833,0.01171,-0.002,139,139,0,3.01894,Low Risk
8.83,26.84,0.014,0.019,139,7.92667,7.72571,1.55,27.26667,25.54143,-2.9,0.01367,0.012,0.001,0.01033,0.01229,0.014,139,139,0,3.14799,Low Risk
8.69,24.01,0.008,0.003,139,8.26667,7.85429,-0.14,26.86333,25.02857,-2.83,0.01167,0.01071,-0.006,0.009,0.01086,-0.016,139,139,0,3.25251,Low Risk
8.97,21.05,0.01,0.011,139,8.83,7.88286,0.28,23.96667,25.07857,-2.96,0.01067,0.01057,0.002,0.011,0.00971,0.008,139,139,0,3.28314,Low Risk
6.99,24.15,0.01,0.02,139,8.21667,7.91143,-1.98,23.07,24.83429,3.1,0.00933,0.01157,0,0.01133,0.01114,0.009,139,139,0,3.20375,Low Risk
8.55,25.48,0.007,0.018,139,8.17,8.14,1.56,23.56,25.21286,1.33,0.009,0.01086,-0.003,0.01633,0.01186,-0.002,139,139,0,2.9624,Low Risk
8.04,22.31,0,0.013,139,7.86,8.19286,-0.51,23.98,24.79714,-3.17,0.00567,0.00886,-0.007,0.017,0.01271,-0.005,139,139,0,3.02554,Low Risk
7.09,20.06,0.006,0.003,139,7.89333,8.16571,-0.95,22.61667,23.41429,-2.25,0.00433,0.00786,0.006,0.01133,0.01243,-0.01,139,139,0,2.86199,Low Risk
8.48,25.41,0.005,0.014,139,7.87,8.11571,1.39,22.59333,23.21,5.35,0.00367,0.00657,-0.001,0.01,0.01171,0.011,139,139,0,2.63773,Low Risk
7.58,28.8,0.019,0.013,139,7.71667,7.95714,-0.9,24.75667,23.89429,3.39,0.01,0.00814,0.014,0.01,0.01314,-0.001,139,139,0,3.03986,Low Risk
6.82,23.78,0.02,0.016,139,7.62667,7.65,-0.76,25.99667,24.28429,-5.02,0.01467,0.00957,0.001,0.01433,0.01386,0.003,139,139,0,2.8219,Low Risk
7.93,28.26,0.008,0.015,139,7.44333,7.78429,1.11,26.94667,24.87143,4.48,0.01567,0.00929,-0.012,0.01467,0.01314,-0.001,139,139,0,2.89506,Low Risk
6.82,21.53,0.01,0.001,139,7.19,7.53714,-1.11,24.52333,24.30714,-6.73,0.01267,0.00971,0.002,0.01067,0.01071,-0.014,139,139,0,2.98394,Low Risk
7.04,26,0.006,0.01,139,7.26333,7.39429,0.22,25.26333,24.83429,4.47,0.008,0.01057,-0.004,0.00867,0.01029,0.009,139,139,0,2.90443,Low Risk
7.67,28.38,0.011,0.008,139,7.17667,7.47714,0.63,25.30333,26.02286,2.38,0.009,0.01129,0.005,0.00633,0.011,-0.002,139,139,0,2.60579,Low Risk
7.72,23.22,0.023,0.018,139,7.47667,7.36857,0.05,25.86667,25.71,-5.16,0.01333,0.01386,0.012,0.012,0.01157,0.01,139,139,0,2.39146,Low Risk
6.98,24.06,0.02,0.004,139,7.45667,7.28286,-0.74,25.22,25.03286,0.84,0.018,0.014,-0.003,0.01,0.01029,-0.014,139,139,0,2.25946,Low Risk
6.8,24.15,0.01,0.002,139,7.16667,7.28,-0.18,23.81,25.08571,0.09,0.01767,0.01257,-0.01,0.008,0.00829,-0.002,139,139,0,2.25219,Low Risk
8.19,25.78,0.018,0.008,139,7.32333,7.31714,1.39,24.66333,24.73143,1.63,0.016,0.014,0.008,0.00467,0.00729,0.006,139,139,0,2.1996,Low Risk
8.98,21.29,0.001,0.014,139,7.99,7.62571,0.79,23.74,24.69714,-4.49,0.00967,0.01271,-0.017,0.008,0.00914,0.006,139,139,0,2.70143,Low Risk
8.14,21.04,0.021,0.015,139,8.43667,7.78286,-0.84,22.70333,23.98857,-0.25,0.01333,0.01486,0.02,0.01233,0.00986,0.001,139,139,0,2.78725,Low Risk
7.07,21.44,0.023,0.014,139,8.06333,7.69714,-1.07,21.25667,22.99714,0.4,0.015,0.01657,0.002,0.01433,0.01071,-0.001,139,139,0,2.50712,Low Risk
8.57,24.4,0.001,0.015,139,7.92667,7.81857,1.5,22.29333,23.16571,2.96,0.015,0.01343,-0.022,0.01467,0.01029,0.001,139,139,0,2.68097,Low Risk
7.43,24.72,0.011,0.006,139,7.69,7.88286,-1.14,23.52,23.26,0.32,0.01167,0.01214,0.01,0.01167,0.01057,-0.009,139,139,0,2.59764,Low Risk
8.24,26.87,0.02,0.013,139,8.08,8.08857,0.81,25.33,23.64857,2.15,0.01067,0.01357,0.009,0.01133,0.01214,0.007,139,139,0,2.50648,Low Risk
8.11,23.59,0.002,0.002,139,7.92667,8.07714,-0.13,25.06,23.33571,-3.28,0.011,0.01129,-0.018,0.007,0.01129,-0.011,139,139,0,2.4096,Low Risk
6.56,23.09,0.008,0.019,139,7.63667,7.73143,-1.55,24.51667,23.59286,-0.5,0.01,0.01229,0.006,0.01133,0.012,0.017,139,139,0,2.47405,Low Risk
7.24,20.41,0.005,0.01,139,7.30333,7.60286,0.68,22.36333,23.50286,-2.68,0.005,0.01,-0.003,0.01033,0.01129,-0.009,139,139,0,2.53492,Low Risk
8.76,29.48,0.022,0.012,139,7.52,7.84429,1.52,24.32667,24.65143,9.07,0.01167,0.00986,0.017,0.01367,0.011,0.002,139,139,0,3.04521,Low Risk
8.15,20.75,0.019,0.012,139,8.05,7.78429,-0.61,23.54667,24.13,-8.73,0.01533,0.01243,-0.003,0.01133,0.01057,0,139,139,0,3.12529,Low Risk
7.25,29.5,0.007,0.008,139,8.05333,7.75857,-0.9,26.57667,24.81286,8.75,0.016,0.01186,-0.012,0.01067,0.01086,-0.004,139,139,0,3.45709,Low Risk
7.95,22.32,0.012,0.002,139,7.78333,7.71714,0.7,24.19,24.16286,-7.18,0.01267,0.01071,0.005,0.00733,0.00929,-0.006,139,139,0,3.3988,Low Risk
7.43,20.85,0.019,0.005,139,7.54333,7.62,-0.52,24.22333,23.77143,-1.47,0.01267,0.01314,0.007,0.005,0.00971,0.003,139,139,0,3.46801,Low Risk
6.92,27.29,0.008,0.005,139,7.43333,7.67143,-0.51,23.48667,24.37143,6.44,0.013,0.01314,-0.011,0.004,0.00771,0,139,139,0,3.40391,Low Risk
6.6,27.54,0.007,0.01,139,6.98333,7.58,-0.32,25.22667,25.39,0.25,0.01133,0.01343,-0.001,0.00667,0.00771,0.005,139,139,0,3.4873,Low Risk
8.96,28.95,0.021,0.004,139,7.49333,7.60857,2.36,27.92667,25.31429,1.41,0.012,0.01329,0.014,0.00633,0.00657,-0.006,139,139,0,3.55163,Low Risk
7.96,26.03,0.014,0.007,139,7.84,7.58143,-1,27.50667,26.06857,-2.92,0.014,0.01257,-0.007,0.007,0.00586,0.003,139,139,0,3.23079,Low Risk
8.05,24.82,0.009,0.004,139,8.32333,7.69571,0.09,26.6,25.4,-1.21,0.01467,0.01286,-0.005,0.005,0.00529,-0.003,139,139,0,3.0555,Low Risk
7.2,23.21,0.002,0.01,139,7.73667,7.58857,-0.85,24.68667,25.52714,-1.61,0.00833,0.01143,-0.007,0.007,0.00643,0.006,139,139,0,3.00957,Low Risk
8.76,24.63,0.012,0.014,139,8.00333,7.77857,1.56,24.22,26.06714,1.42,0.00767,0.01043,0.01,0.00933,0.00771,0.004,139,139,0,2.81933,Low Risk
7.6,24.57,0.017,0.009,139,7.85333,7.87571,-1.16,24.13667,25.67857,-0.06,0.01033,0.01171,0.005,0.011,0.00829,-0.005,139,139,0,2.66558,Low Risk
7.11,25.9,0.01,0.019,139,7.82333,7.94857,-0.49,25.03333,25.44429,1.33,0.013,0.01214,-0.007,0.014,0.00957,0.01,139,139,0,2.34926,Low Risk
6.61,27.35,0.016,0.015,139,7.10667,7.61286,-0.5,25.94,25.21571,1.45,0.01433,0.01143,0.006,0.01433,0.01114,-0.004,139,139,0,2.10311,Low Risk
6.8,29.99,0.024,0,139,6.84,7.44714,0.19,27.74667,25.78143,2.64,0.01667,0.01286,0.008,0.01133,0.01014,-0.015,139,139,0,2.64818,Low Risk
7.74,28.28,0.004,0.018,139,7.05,7.40286,0.94,28.54,26.27571,-1.71,0.01467,0.01214,-0.02,0.011,0.01214,0.018,139,139,0,2.64844,Low Risk
8.25,22.8,0.003,0.01,139,7.59667,7.55286,0.51,27.02333,26.21714,-5.48,0.01033,0.01229,-0.001,0.00933,0.01214,-0.008,139,139,0,2.80903,Low Risk
7.31,28.32,0.023,0.013,139,7.76667,7.34571,-0.94,26.46667,26.74429,5.52,0.01,0.01386,0.02,0.01367,0.012,0.003,139,139,0,2.38965,Low Risk
6.53,25.28,0.018,0.014,139,7.36333,7.19286,-0.78,25.46667,26.84571,-3.04,0.01467,0.014,-0.005,0.01233,0.01271,0.001,139,139,0,2.46605,Low Risk
8.13,20.07,0.017,0,139,7.32333,7.33857,1.6,24.55667,26.01286,-5.21,0.01933,0.015,-0.001,0.009,0.01,-0.014,139,139,0,3.21179,Low Risk
6.97,27.57,0.021,0.013,139,7.21,7.39,-1.16,24.30667,26.04429,7.5,0.01867,0.01571,0.004,0.009,0.00971,0.013,139,139,0,3.12043,Low Risk
7.8,28.51,0.015,0.015,139,7.63333,7.53286,0.83,25.38333,25.83286,0.94,0.01767,0.01443,-0.006,0.00933,0.01186,0.002,139,139,0,2.91608,Low Risk
8.82,22.25,0.007,0.003,139,7.86333,7.68714,1.02,26.11,24.97143,-6.26,0.01433,0.01486,-0.008,0.01033,0.00971,-0.012,139,139,0,3.27465,Low Risk
7.67,24.5,0.001,0.014,139,8.09667,7.60429,-1.15,25.08667,25.21429,2.25,0.00767,0.01457,-0.006,0.01067,0.01029,0.011,139,139,0,3.13507,Low Risk
8.67,28.87,0.022,0.014,139,8.38667,7.79857,1,25.20667,25.29286,4.37,0.01,0.01443,0.021,0.01033,0.01043,0,139,139,0,3.34565,Low Risk
7.55,20.93,0.002,0.015,139,7.96333,7.94429,-1.12,24.76667,24.67143,-7.94,0.00833,0.01214,-0.02,0.01433,0.01057,0.001,139,139,0,3.16242,Low Risk
8.72,24.96,0.012,0.017,139,8.31333,8.02857,1.17,24.92,25.37,4.03,0.012,0.01143,0.01,0.01533,0.013,0.002,139,139,0,2.98754,Low Risk
7.43,22.29,0.016,0.012,139,7.9,8.09429,-1.29,22.72667,24.61571,-2.67,0.01,0.01071,0.004,0.01467,0.01286,-0.005,139,139,0,2.79563,Low Risk
6.83,21.11,0.018,0.02,139,7.66,7.95571,-0.6,22.78667,23.55857,-1.18,0.01533,0.01114,0.002,0.01633,0.01357,0.008,139,139,0,2.97576,Low Risk
7.57,24.5,0.009,0.018,139,7.27667,7.77714,0.74,22.63333,23.88,3.39,0.01433,0.01143,-0.009,0.01667,0.01571,-0.002,139,139,0,2.76505,Low Risk
7.48,20.32,0.018,0.001,139,7.29333,7.75,-0.09,21.97667,23.28286,-4.18,0.015,0.01386,0.009,0.013,0.01386,-0.017,139,139,0,2.92059,Low Risk
8.96,22.34,0.013,0.015,139,8.00333,7.79143,1.48,22.38667,22.35,2.02,0.01333,0.01257,-0.005,0.01133,0.014,0.014,139,139,0,2.42853,Low Risk
8.95,24.91,0.005,0.01,139,8.46333,7.99143,-0.01,22.52333,22.91857,2.57,0.012,0.013,-0.008,0.00867,0.01329,-0.005,139,139,0,2.684,Low Risk
7.27,23.44,0.003,0.004,139,8.39333,7.78429,-1.68,23.56333,22.70143,-1.47,0.007,0.01171,-0.002,0.00967,0.01143,-0.006,139,139,0,2.52734,Low Risk
8.83,25.91,0.016,0,139,8.35,7.98429,1.56,24.75333,23.21857,2.47,0.008,0.01171,0.013,0.00467,0.00971,-0.004,139,139,0,2.84293,Low Risk
8.5,22.32,0.003,0.019,139,8.2,8.22286,-0.33,23.89,23.39143,-3.59,0.00733,0.00957,-0.013,0.00767,0.00957,0.019,139,139,0,2.46673,Low Risk
8.84,28.9,0.02,0.001,139,8.72333,8.40429,0.34,25.71,24.02,6.58,0.013,0.01114,0.017,0.00667,0.00714,-0.018,139,139,0,2.87168,Low Risk
8.05,25.67,0.005,0.014,139,8.46333,8.48571,-0.79,25.63,24.78429,-3.23,0.00933,0.00929,-0.015,0.01133,0.009,0.013,139,139,0,2.43637,Low Risk
7.42,28.3,0.014,0.018,139,8.10333,8.26571,-0.63,27.62333,25.63571,2.63,0.013,0.00943,0.009,0.011,0.00943,0.004,139,139,0,2.60366,Low Risk
7.52,21.68,0.016,0.015,139,7.66333,8.06143,0.1,25.21667,25.17429,-6.62,0.01167,0.011,0.002,0.01567,0.01014,-0.003,139,139,0,2.77221,Low Risk
8.3,23.14,0.017,0.017,139,7.74667,8.20857,0.78,24.37333,25.13143,1.46,0.01567,0.013,0.001,0.01667,0.012,0.002,139,139,0,2.59506,Low Risk
8.08,25.77,0.022,0.016,139,7.96667,8.10143,-0.22,23.53,25.11143,2.63,0.01833,0.01386,0.005,0.016,0.01429,-0.001,139,139,0,2.45555,Low Risk
7.93,21.22,0.014,0.002,139,8.10333,8.02,-0.15,23.37667,24.95429,-4.55,0.01767,0.01543,-0.008,0.01167,0.01186,-0.014,139,139,0,2.49394,Low Risk
8.54,26.68,0.023,0.014,139,8.18333,7.97714,0.61,24.55667,24.63714,5.46,0.01967,0.01586,0.009,0.01067,0.01371,0.012,139,139,0,2.1437,Low Risk
6.87,21.81,0.002,0.02,139,7.78,7.80857,-1.67,23.23667,24.08571,-4.87,0.013,0.01543,-0.021,0.012,0.01457,0.006,139,139,0,2.56814,Low Risk
7.17,21.78,0.024,0.002,139,7.52667,7.77286,0.3,23.42333,23.15429,-0.03,0.01633,0.01686,0.022,0.012,0.01229,-0.018,139,139,0,2.33092,Low Risk
7.44,28.1,0.022,0.017,139,7.16,7.76143,0.27,23.89667,24.07143,6.32,0.016,0.01771,-0.002,0.013,0.01257,0.015,139,139,0,2.62043,Low Risk
6.76,20.57,0.001,0.006,139,7.12333,7.54143,-0.68,23.48333,23.70429,-7.53,0.01567,0.01543,-0.021,0.00833,0.011,-0.011,139,139,0,2.87261,Low Risk
8.35,25.83,0.016,0.001,139,7.51667,7.58,1.59,24.83333,23.71286,5.26,0.013,0.01457,0.015,0.008,0.00886,-0.005,139,139,0,2.96109,Low Risk
7.32,27.04,0.023,0.011,139,7.47667,7.49286,-1.03,24.48,24.54429,1.21,0.01333,0.01586,0.007,0.006,0.01014,0.01,139,139,0,2.93662,Low Risk
7.99,29.04,0.005,0.016,139,7.88667,7.41429,0.67,27.30333,24.88143,2,0.01467,0.01329,-0.018,0.00933,0.01043,0.005,139,139,0,2.89371,Low Risk
8.73,22.89,0.003,0.011,139,8.01333,7.68,0.74,26.32333,25.03571,-6.15,0.01033,0.01343,-0.002,0.01267,0.00914,-0.005,139,139,0,3.06904,Low Risk
7.22,28.6,0.016,0.004,139,7.98,7.68714,-1.51,26.84333,26.01,5.71,0.008,0.01229,0.013,0.01033,0.00943,-0.007,139,139,0,2.99698,Low Risk
8.35,24.1,0.001,0.006,139,8.1,7.81714,1.13,25.19667,25.43857,-4.5,0.00667,0.00929,-0.015,0.007,0.00786,0.002,139,139,0,3.01761,Low Risk
7.69,29.98,0.008,0.012,139,7.75333,7.95,-0.66,27.56,26.78286,5.88,0.00833,0.01029,0.007,0.00733,0.00871,0.006,139,139,0,2.47187,Low Risk
7.54,26.16,0.023,0.014,139,7.86,7.83429,-0.15,26.74667,26.83,-3.82,0.01067,0.01129,0.015,0.01067,0.01057,0.002,139,139,0,2.44026,Low Risk
8.57,29.6,0.002,0.012,139,7.93333,8.01286,1.03,28.58,27.19571,3.44,0.011,0.00829,-0.021,0.01267,0.01071,-0.002,139,139,0,2.55627,Low Risk
7.81,20.39,0.014,0.006,139,7.97333,7.98714,-0.76,25.38333,25.96,-9.21,0.013,0.00957,0.012,0.01067,0.00929,-0.006,139,139,0,2.98089,Low Risk
7.69,21.8,0.021,0.018,139,8.02333,7.83857,-0.12,23.93,25.80429,1.41,0.01233,0.01214,0.007,0.012,0.01029,0.012,139,139,0,2.86847,Low Risk
8.65,21.11,0.01,0.019,139,8.05,8.04286,0.96,21.1,24.73429,-0.69,0.015,0.01129,-0.011,0.01433,0.01243,0.001,139,139,0,2.92869,Low Risk
6.83,21.86,0.01,0.018,139,7.72333,7.82571,-1.82,21.59,24.41429,0.75,0.01367,0.01257,0,0.01833,0.01414,-0.001,139,139,0,3.3201,Low Risk
6.81,28.78,0.016,0.007,139,7.43,7.7,-0.02,23.91667,24.24286,6.92,0.012,0.01371,0.006,0.01467,0.01343,-0.011,139,139,0,3.41403,Low Risk
6.83,26.15,0.008,0.003,139,6.82333,7.59857,0.02,25.59667,24.24143,-2.63,0.01133,0.01157,-0.008,0.00933,0.01186,-0.004,139,139,0,3.55395,Low Risk
8.13,27.58,0.004,0.005,139,7.25667,7.53571,1.3,27.50333,23.95286,1.43,0.00933,0.01186,-0.004,0.005,0.01086,0.002,139,139,0,3.19649,Low Risk
8.95,25.45,0.011,0.01,139,7.97,7.69857,0.82,26.39333,24.67571,-2.13,0.00767,0.01143,0.007,0.006,0.01143,0.005,139,139,0,3.36937,Low Risk
7.97,21.97,0.024,0.018,139,8.35,7.73857,-0.98,25,24.7,-3.48,0.013,0.01186,0.013,0.011,0.01143,0.008,139,139,0,3.36965,Low Risk
7.54,27.61,0.021,0.006,139,8.15333,7.58,-0.43,25.01,25.62857,5.64,0.01867,0.01343,-0.003,0.01133,0.00957,-0.012,139,139,0,3.03554,Low Risk
6.52,21.72,0.007,0.013,139,7.34333,7.53571,-1.02,23.76667,25.60857,-5.89,0.01733,0.013,-0.014,0.01233,0.00886,0.007,139,139,0,3.1598,Low Risk
8.74,28.62,0.007,0.012,139,7.6,7.81143,2.22,25.98333,25.58571,6.9,0.01167,0.01171,0,0.01033,0.00957,-0.001,139,139,0,3.21823,Low Risk
8.94,28.32,0.013,0.009,139,8.06667,8.11286,0.2,26.22,25.89571,-0.3,0.009,0.01243,0.006,0.01133,0.01043,-0.003,139,139,0,3.25212,Low Risk
8.98,27.49,0.017,0.017,139,8.88667,8.23429,0.04,28.14333,25.88286,-0.83,0.01233,0.01429,0.004,0.01267,0.01214,0.008,139,139,0,3.36476,Low Risk
8.81,27.21,0.01,0.002,139,8.91,8.21429,-0.17,27.67333,26.13429,-0.28,0.01333,0.01414,-0.007,0.00933,0.011,-0.015,139,139,0,3.34809,Low Risk
6.96,25.23,0.015,0.009,139,8.25,8.07,-1.85,26.64333,26.6,-1.98,0.014,0.01286,0.005,0.00933,0.00971,0.007,139,139,0,3.29781,Low Risk
7.91,29.12,0.015,0.007,139,7.89333,8.12286,0.95,27.18667,26.81571,3.89,0.01333,0.012,0,0.006,0.00986,-0.002,139,139,0,3.33446,Low Risk
7.75,22.81,0.021,0.004,139,7.54,8.29857,-0.16,25.72,26.97143,-6.31,0.017,0.014,0.006,0.00667,0.00857,-0.003,139,139,0,2.668,Low Risk
8.66,21.11,0.007,0.016,139,8.10667,8.28714,0.91,24.34667,25.89857,-1.7,0.01433,0.014,-0.014,0.009,0.00914,0.012,139,139,0,3.03082,Low Risk
7.42,23.54,0.01,0.017,139,7.94333,8.07,-1.24,22.48667,25.21571,2.43,0.01267,0.01357,0.003,0.01233,0.01029,0.001,139,139,0,2.97972,Low Risk
8.76,21.18,0.021,0.015,139,8.28,8.03857,1.34,21.94333,24.31429,-2.36,0.01267,0.01414,0.011,0.016,0.01,-0.002,139,139,0,2.97711,Low Risk
8.04,26.06,0.005,0.016,139,8.07333,7.92857,-0.72,23.59333,24.15,4.88,0.012,0.01343,-0.016,0.016,0.012,0.001,139,139,0,2.73507,Low Risk
8.43,23.6,0.003,0.019,139,8.41,8.13857,0.39,23.61333,23.91714,-2.46,0.00967,0.01171,-0.002,0.01667,0.01343,0.003,139,139,0,2.42713,Low Risk
8.33,25.75,0.022,0.016,139,8.26667,8.19857,-0.1,25.13667,23.43571,2.15,0.01,0.01271,0.019,0.017,0.01471,-0.003,139,139,0,1.97612,Low Risk
8.93,26.19,0.019,0.015,139,8.56333,8.36714,0.6,25.18,23.91857,0.44,0.01467,0.01243,-0.003,0.01667,0.01629,-0.001,139,139,0,2.1321,Low Risk
8.48,27.21,0.019,0.013,139,8.58,8.34143,-0.45,26.38333,24.79,1.02,0.02,0.01414,0,0.01467,0.01586,-0.002,139,139,0,2.0602,Low Risk
7.65,25.57,0.015,0.001,139,8.35333,8.37429,-0.83,26.32333,25.08,-1.64,0.01767,0.01486,-0.004,0.00967,0.01357,-0.012,139,139,0,1.89272,Low Risk
8.41,24.5,0.008,0.008,139,8.18,8.32429,0.76,25.76,25.55429,-1.07,0.014,0.013,-0.007,0.00733,0.01257,0.007,139,139,0,1.39956,Low Risk
8.93,23.46,0.016,0.003,139,8.33,8.45143,0.52,24.51,25.18286,-1.04,0.013,0.01457,0.008,0.004,0.01071,-0.005,139,139,0,1.57014,Low Risk
7.14,20.6,0.019,0.006,139,8.16,8.26714,-1.79,22.85333,24.75429,-2.86,0.01433,0.01686,0.003,0.00567,0.00886,0.003,139,139,0,2.41997,Low Risk
8.79,24.44,0.022,0.013,139,8.28667,8.33286,1.65,22.83333,24.56714,3.84,0.019,0.01686,0.003,0.00733,0.00843,0.007,139,139,0,2.45733,Low Risk
7.34,22.21,0.01,0.018,139,7.75667,8.10571,-1.45,22.41667,23.99857,-2.23,0.017,0.01557,-0.012,0.01233,0.00886,0.005,139,139,0,2.53461,Low Risk
6.95,27.25,0.002,0.001,139,7.69333,7.88714,-0.39,24.63333,24.00429,5.04,0.01133,0.01314,-0.008,0.01067,0.00714,-0.017,139,139,0,2.73049,Low Risk
7.59,27.43,0.019,0.003,139,7.29333,7.87857,0.64,25.63,24.27,0.18,0.01033,0.01371,0.017,0.00733,0.00743,0.002,139,139,0,2.89432,Low Risk
8.4,22.61,0.004,0.011,139,7.64667,7.87714,0.81,25.76333,24,-4.82,0.00833,0.01314,-0.015,0.005,0.00786,0.008,139,139,0,2.92958,Low Risk
8.79,20.04,0.019,0.018,139,8.26,7.85714,0.39,23.36,23.51143,-2.57,0.014,0.01357,0.015,0.01067,0.01,0.007,139,139,0,3.07845,Low Risk
7.75,27.86,0.017,0,139,8.31333,7.94429,-1.04,23.50333,24.54857,7.82,0.01333,0.01329,-0.002,0.00967,0.00914,-0.018,139,139,0,2.99555,Low Risk
7.44,29.87,0.005,0.01,139,7.99333,7.75143,-0.31,25.92333,25.32429,2.01,0.01367,0.01086,-0.012,0.00933,0.00871,0.01,139,139,0,3.11698,Low Risk
8.43,26.08,0.013,0.009,139,7.87333,7.90714,0.99,27.93667,25.87714,-3.79,0.01167,0.01129,0.008,0.00633,0.00743,-0.001,139,139,0,3.01519,Low Risk
6.97,23.59,0.015,0.017,139,7.61333,7.91,-1.46,26.51333,25.35429,-2.49,0.011,0.01314,0.002,0.012,0.00971,0.008,139,139,0,3.02063,Low Risk
7.69,29.64,0.022,0.013,139,7.69667,7.92429,0.72,26.43667,25.67,6.05,0.01667,0.01357,0.007,0.013,0.01114,-0.004,139,139,0,3.16286,Low Risk
7.95,28.73,0.001,0.006,139,7.53667,7.86,0.26,27.32,26.54429,-0.91,0.01267,0.01314,-0.021,0.012,0.01043,-0.007,139,139,0,3.03567,Low Risk
8.64,24.35,0.014,0.001,139,8.09333,7.83857,0.69,27.57333,27.16,-4.38,0.01233,0.01243,0.013,0.00667,0.008,-0.005,139,139,0,2.41637,Low Risk
8.18,21.53,0.002,0.002,139,8.25667,7.9,-0.46,24.87,26.25571,-2.82,0.00567,0.01029,-0.012,0.003,0.00829,0.001,139,139,0,2.80856,Low Risk
6.98,26.51,0.009,0.019,139,7.93333,7.83429,-1.2,24.13,25.77571,4.98,0.00833,0.01086,0.007,0.00733,0.00957,0.017,139,139,0,2.77097,Low Risk
8.83,21.61,0.019,0.017,139,7.99667,7.89143,1.85,23.21667,25.13714,-4.9,0.01,0.01171,0.01,0.01267,0.01071,-0.002,139,139,0,3.11477,Low Risk
8,23.2,0.014,0.008,139,7.93667,8.03857,-0.83,23.77333,25.08143,1.59,0.014,0.01157,-0.005,0.01467,0.00943,-0.009,139,139,0,2.88744,Low Risk
8.13,21.49,0.004,0.001,139,8.32,8.10143,0.13,22.1,23.91714,-1.71,0.01233,0.009,-0.01,0.00867,0.00771,-0.007,139,139,0,2.60916,Low Risk
7.44,21.61,0.022,0.016,139,7.85667,8.02857,-0.69,22.1,22.9,0.12,0.01333,0.012,0.018,0.00833,0.00914,0.015,139,139,0,2.27129,Low Risk
7.32,22.52,0.002,0.006,139,7.63,7.84,-0.12,21.87333,22.63857,0.91,0.00933,0.01029,-0.02,0.00767,0.00986,-0.01,139,139,0,2.1873,Low Risk
6.58,24.83,0.008,0.013,139,7.11333,7.61143,-0.74,22.98667,23.11,2.31,0.01067,0.01114,0.006,0.01167,0.01143,0.007,139,139,0,2.49591,Low Risk
7.6,24.28,0.001,0.014,139,7.16667,7.7,1.02,23.87667,22.79143,-0.55,0.00367,0.01,-0.007,0.011,0.01071,0.001,139,139,0,2.11769,Low Risk
8.55,28.95,0.007,0.018,139,7.57667,7.66,0.95,26.02,23.84,4.67,0.00533,0.00829,0.006,0.015,0.01086,0.004,139,139,0,2.58613,Low Risk
8.13,22.88,0.005,0.009,139,8.09333,7.67857,-0.42,25.37,23.79429,-6.07,0.00433,0.007,-0.002,0.01367,0.011,-0.009,139,139,0,2.61986,Low Risk
8.99,23,0.019,0.019,139,8.55667,7.80143,0.86,24.94333,24.01,0.12,0.01033,0.00914,0.014,0.01533,0.01357,0.01,139,139,0,2.85939,Low Risk
8,25.65,0.002,0.011,139,8.37333,7.88143,-0.99,23.84333,24.58714,2.65,0.00867,0.00629,-0.017,0.013,0.01286,-0.008,139,139,0,2.73088,Low Risk
7.8,27.67,0.005,0.014,139,8.26333,7.95,-0.2,25.44,25.32286,2.02,0.00867,0.00671,0.003,0.01467,0.014,0.003,139,139,0,2.68413,Low Risk
6.68,29.06,0.002,0.01,139,7.49333,7.96429,-1.12,27.46,25.92714,1.39,0.003,0.00586,-0.003,0.01167,0.01357,-0.004,139,139,0,2.81326,Low Risk
8.16,23.66,0.02,0.001,139,7.54667,8.04429,1.48,26.79667,25.83857,-5.4,0.009,0.00857,0.018,0.00833,0.01171,-0.009,139,139,0,2.82089,Low Risk
7.53,23.06,0.015,0.006,139,7.45667,7.89857,-0.63,25.26,24.99714,-0.6,0.01233,0.00971,-0.005,0.00567,0.01,0.005,139,139,0,2.67906,Low Risk
7.15,26.04,0.008,0.007,139,7.61333,7.75857,-0.38,24.25333,25.44857,2.98,0.01433,0.01014,-0.007,0.00467,0.00971,0.001,139,139,0,2.6814,Low Risk
8.41,24.89,0.016,0.011,139,7.69667,7.67571,1.26,24.66333,25.71857,-1.15,0.013,0.00971,0.008,0.008,0.00857,0.004,139,139,0,2.28312,Low Risk
8.7,22.44,0.023,0.004,139,8.08667,7.77571,0.29,24.45667,25.26,-2.45,0.01567,0.01271,0.007,0.00733,0.00757,-0.007,139,139,0,2.67402,Low Risk
7.87,28.72,0.006,0.01,139,8.32667,7.78571,-0.83,25.35,25.41,6.28,0.015,0.01286,-0.017,0.00833,0.007,0.006,139,139,0,2.77327,Low Risk
7.63,25.31,0.01,0.018,139,8.06667,7.92143,-0.24,25.49,24.87429,-3.41,0.013,0.014,0.004,0.01067,0.00814,0.008,139,139,0,2.15017,Low Risk
8.84,27.32,0.005,0.004,139,8.11333,8.01857,1.21,27.11667,25.39714,2.01,0.007,0.01186,-0.005,0.01067,0.00857,-0.014,139,139,0,2.40416,Low Risk
6.71,24.05,0.02,0.009,139,7.72667,7.90143,-2.13,25.56,25.53857,-3.27,0.01167,0.01257,0.015,0.01033,0.009,0.005,139,139,0,2.65096,Low Risk
7.42,27.22,0.001,0.01,139,7.65667,7.94,0.71,26.19667,25.70714,3.17,0.00867,0.01157,-0.019,0.00767,0.00943,0.001,139,139,0,2.62671,Low Risk
6.58,27.04,0.011,0.016,139,6.90333,7.67857,-0.84,26.10333,26.01429,-0.18,0.01067,0.01086,0.01,0.01167,0.01014,0.006,139,139,0,2.86824,Low Risk
6.62,22.97,0.006,0.02,139,6.87333,7.38143,0.04,25.74333,26.09,-4.07,0.006,0.00843,-0.005,0.01533,0.01243,0.004,139,139,0,2.68883,Low Risk
8.1,20.81,0.009,0.008,139,7.1,7.41429,1.48,23.60667,24.96,-2.16,0.00867,0.00886,0.003,0.01467,0.01214,-0.012,139,139,0,2.96321,Low Risk
7.78,26.19,0.004,0.001,139,7.5,7.43571,-0.32,23.32333,25.08571,5.38,0.00633,0.008,-0.005,0.00967,0.00971,-0.007,139,139,0,3.00125,Low Risk
7.9,24.68,0.015,0.018,139,7.92667,7.30143,0.12,23.89333,24.70857,-1.51,0.00933,0.00943,0.011,0.009,0.01171,0.017,139,139,0,2.48835,Low Risk
7.2,29.53,0.014,0.018,139,7.62667,7.37143,-0.7,26.8,25.49143,4.85,0.011,0.00857,-0.001,0.01233,0.013,0,139,139,0,2.68081,Low Risk
8.2,23.35,0.004,0.002,139,7.76667,7.48286,1,25.85333,24.93857,-6.18,0.011,0.009,-0.01,0.01267,0.01186,-0.016,139,139,0,2.82629,Low Risk
8.07,26.94,0.024,0.004,139,7.82333,7.69571,-0.13,26.60667,24.92429,3.59,0.014,0.01086,0.02,0.008,0.01014,0.002,139,139,0,2.6178,Low Risk
8.27,24.65,0.018,0.011,139,8.18,7.93143,0.2,24.98,25.16429,-2.29,0.01533,0.01257,-0.006,0.00567,0.00886,0.007,139,139,0,2.12667,Low Risk
8.04,22.53,0.003,0.01,139,8.12667,7.92286,-0.23,24.70667,25.41,-2.12,0.015,0.01171,-0.015,0.00833,0.00914,-0.001,139,139,0,1.91841,Low Risk
7.62,24.77,0.002,0.011,139,7.97667,7.9,-0.42,23.98333,25.20714,2.24,0.00767,0.01143,-0.001,0.01067,0.01057,0.001,139,139,0,1.94118,Low Risk
8.32,26.12,0.013,0,139,7.99333,7.96,0.7,24.47333,25.41286,1.35,0.006,0.01114,0.011,0.007,0.008,-0.011,139,139,0,2.00999,Low Risk
8.96,24.49,0.008,0.015,139,8.3,8.21143,0.64,25.12667,24.69286,-1.63,0.00767,0.01029,-0.005,0.00867,0.00757,0.015,139,139,0,1.57617,Low Risk
7.84,20.86,0.012,0.009,139,8.37333,8.16,-1.12,23.82333,24.33714,-3.63,0.011,0.01143,0.004,0.008,0.00857,-0.006,139,139,0,1.90308,Low Risk
8.45,29.73,0.003,0.007,139,8.41667,8.21429,0.61,25.02667,24.73571,8.87,0.00767,0.00843,-0.009,0.01033,0.009,-0.002,139,139,0,2.28434,Low Risk
8.98,21.99,0.024,0.018,139,8.42333,8.31571,0.53,24.19333,24.35571,-7.74,0.013,0.00929,0.021,0.01133,0.01,0.011,139,139,0,2.5587,Low Risk
8.09,20.9,0.019,0.019,139,8.50667,8.32286,-0.89,24.20667,24.12286,-1.09,0.01533,0.01157,-0.005,0.01467,0.01129,0.001,139,139,0,2.66188,Low Risk
7.18,25.43,0.022,0.012,139,8.08333,8.26,-0.91,22.77333,24.21714,4.53,0.02167,0.01443,0.003,0.01633,0.01143,-0.007,139,139,0,2.90289,Low Risk
8.01,21.62,0.017,0.01,139,7.76,8.21571,0.83,22.65,23.57429,-3.81,0.01933,0.015,-0.005,0.01367,0.01286,-0.002,139,139,0,2.91772,Low Risk
8.09,20.05,0.021,0.006,139,7.76,8.09143,0.08,22.36667,22.94,-1.57,0.02,0.01686,0.004,0.00933,0.01157,-0.004,139,139,0,2.84512,Low Risk
8.78,25.46,0.005,0.006,139,8.29333,8.22571,0.69,22.37667,23.59714,5.41,0.01433,0.01586,-0.016,0.00733,0.01114,0,139,139,0,2.91843,Low Risk
8.04,26.31,0.02,0.001,139,8.30333,8.16714,-0.74,23.94,23.10857,0.85,0.01533,0.01829,0.015,0.00433,0.01029,-0.005,139,139,0,2.45801,Low Risk
8.86,23.93,0.006,0.009,139,8.56,8.15,0.82,25.23333,23.38571,-2.38,0.01033,0.01571,-0.014,0.00533,0.009,0.008,139,139,0,2.38829,Low Risk
7.14,25.67,0.019,0.012,139,8.01333,8.01429,-1.72,25.30333,24.06714,1.74,0.015,0.01571,0.013,0.00733,0.008,0.003,139,139,0,2.55503,Low Risk
7,20.83,0.01,0.007,139,7.66667,7.98857,-0.14,23.47667,23.41,-4.84,0.01167,0.014,-0.009,0.00933,0.00729,-0.005,139,139,0,2.72749,Low Risk
7.61,25.01,0,0.01,139,7.25,7.93143,0.61,23.83667,23.89429,4.18,0.00967,0.01157,-0.01,0.00967,0.00729,0.003,139,139,0,2.7204,Low Risk
8.69,20.86,0.004,0.008,139,7.76667,8.01714,1.08,22.23333,24.01,-4.15,0.00467,0.00914,0.004,0.00833,0.00757,-0.002,139,139,0,2.72913,Low Risk
7.37,22.52,0.004,0.006,139,7.89,7.81571,-1.32,22.79667,23.59,1.66,0.00267,0.009,0,0.008,0.00757,-0.002,139,139,0,2.61098,Low Risk
6.77,21.73,0.012,0.017,139,7.61,7.63429,-0.6,21.70333,22.93571,-0.79,0.00667,0.00786,0.008,0.01033,0.00986,0.011,139,139,0,2.64396,Low Risk
8.41,20.33,0.009,0.001,139,7.51667,7.57,1.64,21.52667,22.42143,-1.4,0.00833,0.00829,-0.003,0.008,0.00871,-0.016,139,139,0,2.5244,Low Risk
8.74,28.76,0.005,0.015,139,7.97333,7.79857,0.33,23.60667,22.86286,8.43,0.00867,0.00629,-0.004,0.011,0.00914,0.014,139,139,0,3.15377,Low Risk
6.97,20.58,0.003,0.019,139,8.04,7.79429,-1.77,23.22333,22.82714,-8.18,0.00567,0.00529,-0.002,0.01167,0.01086,0.004,139,139,0,3.17791,Low Risk
8.18,24.68,0.017,0.006,139,7.96333,7.87571,1.21,24.67333,22.78,4.1,0.00833,0.00771,0.014,0.01333,0.01029,-0.013,139,139,0,3.17583,Low Risk
7.79,26.07,0.017,0.017,139,7.64667,7.74714,-0.39,23.77667,23.52429,1.39,0.01233,0.00957,0,0.014,0.01157,0.011,139,139,0,3.05754,Low Risk
8.65,23.58,0.006,0.006,139,8.20667,7.93,0.86,24.77667,23.67571,-2.49,0.01333,0.00986,-0.011,0.00967,0.01157,-0.011,139,139,0,3.13667,Low Risk
7.25,24.46,0.009,0.005,139,7.89667,7.99857,-1.4,24.70333,24.06571,0.88,0.01067,0.00943,0.003,0.00933,0.00986,-0.001,139,139,0,2.87174,Low Risk
7.26,27.96,0.019,0.005,139,7.72,7.83429,0.01,25.33333,25.15571,3.5,0.01133,0.01086,0.01,0.00533,0.01043,0,139,139,0,2.81521,Low Risk
7.05,28.14,0.003,0.007,139,7.18667,7.59286,-0.21,26.85333,25.06714,0.18,0.01033,0.01057,-0.016,0.00567,0.00929,0.002,139,139,0,2.5999,Low Risk
6.85,23.03,0.02,0.004,139,7.05333,7.57571,-0.2,26.37667,25.41714,-5.11,0.014,0.013,0.017,0.00533,0.00714,-0.003,139,139,0,2.341,Low Risk
8.9,22.47,0.01,0.011,139,7.6,7.67857,2.05,24.54667,25.10143,-0.56,0.011,0.012,-0.01,0.00733,0.00786,0.007,139,139,0,2.78325,Low Risk
8.2,23.89,0.008,0.017,139,7.98333,7.73714,-0.7,23.13,24.79,1.42,0.01267,0.01071,-0.002,0.01067,0.00786,0.006,139,139,0,2.82807,Low Risk
8.51,21.64,0.021,0.009,139,8.53667,7.71714,0.31,22.66667,24.51286,-2.25,0.013,0.01286,0.013,0.01233,0.00829,-0.008,139,139,0,2.91538,Low Risk
7.84,27.51,0.014,0.01,139,8.18333,7.80143,-0.67,24.34667,24.94857,5.87,0.01433,0.01357,-0.007,0.012,0.009,0.001,139,139,0,2.97971,Low Risk
8.55,20.61,0.009,0.014,139,8.3,7.98571,0.71,23.25333,23.89857,-6.9,0.01467,0.01214,-0.005,0.011,0.01029,0.004,139,139,0,3.01523,Low Risk
7.16,20.91,0.013,0.014,139,7.85,8.00143,-1.39,23.01,22.86571,0.3,0.012,0.01357,0.004,0.01267,0.01129,0,139,139,0,2.707,Low Risk
8.24,29.4,0.008,0.001,139,7.98333,8.2,1.08,23.64,23.77571,8.49,0.01,0.01186,-0.005,0.00967,0.01086,-0.013,139,139,0,2.85006,Low Risk
8.63,25.84,0.012,0.008,139,8.01,8.16143,0.39,25.38333,24.25714,-3.56,0.011,0.01214,0.004,0.00767,0.01043,0.007,139,139,0,2.76417,Low Risk
6.72,28.58,0.011,0.018,139,7.86333,7.95,-1.91,27.94,24.92714,2.74,0.01033,0.01257,-0.001,0.009,0.01057,0.01,139,139,0,3.40501,Low Risk
8.91,23.8,0.02,0.011,139,8.08667,8.00714,2.19,26.07333,25.23571,-4.78,0.01433,0.01243,0.009,0.01233,0.01086,-0.007,139,139,0,3.41379,Low Risk
8.25,23.6,0.014,0.008,139,7.96,8.06571,-0.66,25.32667,24.67714,-0.2,0.015,0.01243,-0.006,0.01233,0.01057,-0.003,139,139,0,3.35965,Low Risk
6.69,22.92,0.01,0.02,139,7.95,7.8,-1.56,23.44,25.00714,-0.68,0.01467,0.01257,-0.004,0.013,0.01143,0.012,139,139,0,3.40175,Low Risk
8.86,20.86,0.006,0.016,139,7.93333,8.04286,2.17,22.46,25,-2.06,0.01,0.01157,-0.004,0.01467,0.01171,-0.004,139,139,0,3.46225,Low Risk
8.91,26.46,0.005,0.019,139,8.15333,8.13857,0.05,23.41333,24.58,5.6,0.007,0.01114,-0.001,0.01833,0.01429,0.003,139,139,0,3.302,Low Risk
7.47,29.33,0.02,0.012,139,8.41333,7.97286,-1.44,25.55,25.07857,2.87,0.01033,0.01229,0.015,0.01567,0.01486,-0.007,139,139,0,3.58837,Low Risk
7.94,25.44,0.024,0.005,139,8.10667,8.14714,0.47,27.07667,24.63,-3.89,0.01633,0.01414,0.004,0.012,0.013,-0.007,139,139,0,3.07849,Low Risk
8.54,26.7,0.006,0.011,139,7.98333,8.09429,0.6,27.15667,25.04429,1.26,0.01667,0.01214,-0.018,0.00933,0.013,0.006,139,139,0,3.02418,Low Risk
6.69,29.25,0.021,0.014,139,7.72333,7.87143,-1.85,27.13,25.85143,2.55,0.017,0.01314,0.015,0.01,0.01386,0.003,139,139,0,3.48451,Low Risk
8.66,25.75,0,0.011,139,7.96333,8.15286,1.97,27.23333,26.25571,-3.5,0.009,0.01171,-0.021,0.012,0.01257,-0.003,139,139,0,3.10327,Low Risk
6.95,29.13,0.003,0.008,139,7.43333,7.88,-1.71,28.04333,27.43714,3.38,0.008,0.01129,0.003,0.011,0.01143,-0.003,139,139,0,2.63069,Low Risk
8.59,29.28,0.021,0.014,139,8.06667,7.83429,1.64,28.05333,27.84,0.15,0.008,0.01357,0.018,0.011,0.01071,0.006,139,139,0,2.54886,Low Risk
8.6,22.88,0.008,0.016,139,8.04667,7.99571,0.01,27.09667,26.91857,-6.4,0.01067,0.01186,-0.013,0.01267,0.01129,0.002,139,139,0,2.92596,Low Risk
7.77,29.41,0.014,0.006,139,8.32,7.97143,-0.83,27.19,27.48571,6.53,0.01433,0.01043,0.006,0.012,0.01143,-0.01,139,139,0,2.96154,Low Risk
7.8,28.15,0.02,0.019,139,8.05667,7.86571,0.03,26.81333,27.69286,-1.26,0.014,0.01243,0.006,0.01367,0.01257,0.013,139,139,0,2.87952,Low Risk
7.42,25.25,0,0,139,7.66333,7.97,-0.38,27.60333,27.12143,-2.9,0.01133,0.00943,-0.02,0.00833,0.01057,-0.019,139,139,0,2.61628,Low Risk
8.81,28.2,0.008,0.007,139,8.01,7.99143,1.39,27.2,27.47143,2.95,0.00933,0.01057,0.008,0.00867,0.01,0.007,139,139,0,2.64358,Low Risk
8.25,26.97,0.011,0.006,139,8.16,8.17714,-0.56,26.80667,27.16286,-1.23,0.00633,0.01171,0.003,0.00433,0.00971,-0.001,139,139,0,2.24278,Low Risk
8.98,28.74,0,0.014,139,8.68,8.23286,0.73,27.97,27.08571,1.77,0.00633,0.00871,-0.011,0.009,0.00971,0.008,139,139,0,2.34168,Low Risk
8.92,25.68,0.011,0.008,139,8.71667,8.27857,-0.06,27.13,27.48571,-3.06,0.00733,0.00914,0.011,0.00933,0.00857,-0.006,139,139,0,2.06649,Low Risk
6.73,26.78,0.014,0.018,139,8.21,8.13,-2.19,27.06667,27.11,1.1,0.00833,0.00914,0.003,0.01333,0.01029,0.01,139,139,0,2.38984,Low Risk
7.43,20.29,0.006,0.013,139,7.69333,8.07714,0.7,24.25,25.98714,-6.49,0.01033,0.00714,-0.008,0.013,0.00943,-0.005,139,139,0,3.19384,Low Risk
7.83,27.59,0.015,0.009,139,7.33,8.13571,0.4,24.88667,26.32143,7.3,0.01167,0.00929,0.009,0.01333,0.01071,-0.004,139,139,0,3.13604,Low Risk
6.7,21.75,0.016,0.009,139,7.32,7.83429,-1.13,23.21,25.4,-5.84,0.01233,0.01043,0.001,0.01033,0.011,0,139,139,0,3.47601,Low Risk
8.26,25.6,0.009,0.018,139,7.59667,7.83571,1.56,24.98,25.20429,3.85,0.01333,0.01014,-0.007,0.012,0.01271,0.009,139,139,0,3.44159,Low Risk
7.37,25.32,0.002,0.008,139,7.44333,7.60571,-0.89,24.22333,24.71571,-0.28,0.009,0.01043,-0.007,0.01167,0.01186,-0.01,139,139,0,2.95669,Low Risk
6.78,23.04,0.019,0.014,139,7.47,7.3,-0.59,24.65333,24.33857,-2.28,0.01,0.01157,0.017,0.01333,0.01271,0.006,139,139,0,2.56951,Low Risk
8.85,27,0.018,0.003,139,7.66667,7.60286,2.07,25.12,24.37,3.96,0.013,0.01214,-0.001,0.00833,0.01057,-0.011,139,139,0,2.93449,Low Risk
7.02,29.52,0.009,0.018,139,7.55,7.54429,-1.83,26.52,25.68857,2.52,0.01533,0.01257,-0.009,0.01167,0.01129,0.015,139,139,0,2.95856,Low Risk
6.52,25.45,0.019,0.003,139,7.46333,7.35714,-0.5,27.32333,25.38286,-4.07,0.01533,0.01314,0.01,0.008,0.01043,-0.015,139,139,0,3.03488,Low Risk
8.67,22.59,0.018,0.007,139,7.40333,7.63857,2.15,25.85333,25.50286,-2.86,0.01533,0.01343,-0.001,0.00933,0.01014,0.004,139,139,0,3.07611,Low Risk
8.2,20.21,0.015,0.007,139,7.79667,7.63,-0.47,22.75,24.73286,-2.38,0.01733,0.01429,-0.003,0.00567,0.00857,0,139,139,0,3.42954,Low Risk
6.93,27.57,0.008,0.018,139,7.93333,7.56714,-1.27,23.45667,25.05429,7.36,0.01367,0.01514,-0.007,0.01067,0.01,0.011,139,139,0,3.58667,Low Risk
6.94,20.08,0.014,0.005,139,7.35667,7.59,0.01,22.62,24.63143,-7.49,0.01233,0.01443,0.006,0.01,0.00871,-0.013,139,139,0,3.7781,Low Risk
8.74,22.65,0.005,0.015,139,7.53667,7.57429,1.8,23.43333,24.01,2.57,0.009,0.01257,-0.009,0.01267,0.01043,0.01,139,139,0,3.6829,Low Risk
6.7,25.5,0.004,0.002,139,7.46,7.52857,-2.04,22.74333,23.43571,2.85,0.00767,0.01186,-0.001,0.00733,0.00814,-0.013,139,139,0,3.36983,Low Risk
6.68,21.39,0.013,0.013,139,7.37333,7.55143,-0.02,23.18,22.85571,-4.11,0.00733,0.011,0.009,0.01,0.00957,0.011,139,139,0,3.28272,Low Risk
6.56,24.46,0.008,0.007,139,6.64667,7.25,-0.12,23.78333,23.12286,3.07,0.00833,0.00957,-0.005,0.00733,0.00957,-0.006,139,139,0,3.14329,Low Risk
7.93,21.42,0.015,0.019,139,7.05667,7.21143,1.37,22.42333,23.29571,-3.04,0.012,0.00957,0.007,0.013,0.01129,0.012,139,139,0,2.96558,Low Risk
7.31,28.76,0.012,0.008,139,7.26667,7.26571,-0.62,24.88,23.46571,7.34,0.01167,0.01014,-0.003,0.01133,0.00986,-0.011,139,139,0,3.11495,Low Risk
7.81,25.5,0.014,0.012,139,7.68333,7.39,0.5,25.22667,24.24,-3.26,0.01367,0.01014,0.002,0.013,0.01086,0.004,139,139,0,2.96186,Low Risk
7.5,25.85,0.004,0.009,139,7.54,7.21286,-0.31,26.70333,24.69714,0.35,0.01,0.01,-0.01,0.00967,0.01,-0.003,139,139,0,2.45014,Low Risk
8.07,25.31,0.012,0.001,139,7.79333,7.40857,0.57,25.55333,24.67,-0.54,0.01,0.01114,0.008,0.00733,0.00986,-0.008,139,139,0,2.50237,Low Risk
8.08,28.6,0.01,0.005,139,7.88333,7.60857,0.01,26.58667,25.7,3.29,0.00867,0.01071,-0.002,0.005,0.00871,0.004,139,139,0,2.35246,Low Risk
7.36,25.07,0.011,0.007,139,7.83667,7.72286,-0.72,26.32667,25.78714,-3.53,0.011,0.01114,0.001,0.00433,0.00871,0.002,139,139,0,1.90137,Low Risk
8.89,27.36,0.017,0.017,139,8.11,7.86,1.53,27.01,26.63571,2.29,0.01267,0.01143,0.006,0.00967,0.00843,0.01,139,139,0,1.90582,Low Risk
7.33,28.57,0.006,0.008,139,7.86,7.86286,-1.56,27,26.60857,1.21,0.01133,0.01057,-0.011,0.01067,0.00843,-0.009,139,139,0,1.8795,Low Risk
8.18,21.14,0.006,0.019,139,8.13333,7.91571,0.85,25.69,25.98571,-7.43,0.00967,0.00943,0,0.01467,0.00943,0.011,139,139,0,2.42694,Low Risk
6.57,24.33,0.003,0.011,139,7.36,7.78286,-1.61,24.68,25.76857,3.19,0.005,0.00929,-0.003,0.01267,0.00971,-0.008,139,139,0,2.84905,Low Risk
8.65,22.85,0.014,0.014,139,7.8,7.86571,2.08,22.77333,25.41714,-1.48,0.00767,0.00957,0.011,0.01467,0.01157,0.003,139,139,0,3.09292,Low Risk
7.34,28.69,0.014,0.008,139,7.52,7.76,-1.31,25.29,25.43,5.84,0.01033,0.01014,0,0.011,0.012,-0.006,139,139,0,3.1325,Low Risk
8.8,20.67,0.002,0.01,139,8.26333,7.96571,1.46,24.07,24.80143,-8.02,0.01,0.00886,-0.012,0.01067,0.01243,0.002,139,139,0,3.51479,Low Risk
7.12,26.11,0.008,0.011,139,7.75333,7.71286,-1.68,25.15667,24.62286,5.44,0.008,0.00757,0.006,0.00967,0.01157,0.001,139,139,0,3.33697,Low Risk
6.69,23.44,0.004,0.011,139,7.53667,7.62143,-0.43,23.40667,23.89,-2.67,0.00467,0.00729,-0.004,0.01067,0.012,0,139,139,0,3.25214,Low Risk
7.21,22.7,0.021,0.01,139,7.00667,7.48286,0.52,24.08333,24.11286,-0.74,0.011,0.00943,0.017,0.01067,0.01071,-0.001,139,139,0,3.10555,Low Risk
7.26,25.7,0.009,0.001,139,7.05333,7.58143,0.05,23.94667,24.30857,3,0.01133,0.01029,-0.012,0.00733,0.00929,-0.009,139,139,0,2.97242,Low Risk
8.06,21.32,0.013,0.017,139,7.51,7.49714,0.8,23.24,24.09,-4.38,0.01433,0.01014,0.004,0.00933,0.00971,0.016,139,139,0,2.85733,Low Risk
7.95,21.35,0.009,0.016,139,7.75667,7.58429,-0.11,22.79,23.04143,0.03,0.01033,0.00943,-0.004,0.01133,0.01086,-0.001,139,139,0,2.53386,Low Risk
8.23,29.35,0.022,0.001,139,8.08,7.50286,0.28,24.00667,24.28143,8,0.01467,0.01229,0.013,0.01133,0.00957,-0.015,139,139,0,2.63234,Low Risk
6.86,23.36,0.003,0.018,139,7.68,7.46571,-1.37,24.68667,23.88857,-5.99,0.01133,0.01157,-0.019,0.01167,0.01057,0.017,139,139,0,2.65424,Low Risk
7.37,21.98,0.021,0.015,139,7.48667,7.56286,0.51,24.89667,23.68,-1.38,0.01533,0.014,0.018,0.01133,0.01114,-0.003,139,139,0,2.50465,Low Risk
8.06,20.72,0.007,0.018,139,7.43,7.68429,0.69,22.02,23.39714,-1.26,0.01033,0.012,-0.014,0.017,0.01229,0.003,139,139,0,2.61017,Low Risk
8.65,29.12,0.006,0.001,139,8.02667,7.88286,0.59,23.94,23.88571,8.4,0.01133,0.01157,-0.001,0.01133,0.01229,-0.017,139,139,0,3.06705,Low Risk
7.68,29.57,0.009,0.01,139,8.13,7.82857,-0.97,26.47,25.06429,0.45,0.00733,0.011,0.003,0.00967,0.01129,0.009,139,139,0,3.2343,Low Risk
8.23,23.59,0.004,0.012,139,8.18667,7.86857,0.55,27.42667,25.38429,-5.98,0.00633,0.01029,-0.005,0.00767,0.01071,0.002,139,139,0,3.14298,Low Risk
6.73,20.96,0.02,0.001,139,7.54667,7.65429,-1.5,24.70667,24.18571,-2.63,0.011,0.01,0.016,0.00767,0.01071,-0.011,139,139,0,3.28634,Low Risk
6.64,28.94,0.002,0.002,139,7.2,7.62286,-0.09,24.49667,24.98286,7.98,0.00867,0.00986,-0.018,0.005,0.00843,0.001,139,139,0,3.56305,Low Risk
8.56,23.84,0.018,0.019,139,7.31,7.79286,1.92,24.58,25.24857,-5.1,0.01333,0.00943,0.016,0.00733,0.009,0.017,139,139,0,3.60487,Low Risk
6.73,21.58,0.019,0.006,139,7.31,7.60286,-1.83,24.78667,25.37143,-2.26,0.013,0.01114,0.001,0.009,0.00729,-0.013,139,139,0,3.6841,Low Risk
7.02,26.42,0.002,0.012,139,7.43667,7.37,0.29,23.94667,24.98571,4.84,0.013,0.01057,-0.017,0.01233,0.00886,0.006,139,139,0,3.29772,Low Risk
8.48,20.38,0.02,0.003,139,7.41,7.48429,1.46,22.79333,23.67286,-6.04,0.01367,0.01214,0.018,0.007,0.00786,-0.009,139,139,0,3.35458,Low Risk
8.2,20.67,0.002,0.014,139,7.9,7.48,-0.28,22.49,23.25571,0.29,0.008,0.01186,-0.018,0.00967,0.00814,0.011,139,139,0,3.44822,Low Risk
7.67,25.39,0.001,0,139,8.11667,7.61429,-0.53,22.14667,23.88857,4.72,0.00767,0.00914,-0.001,0.00567,0.008,-0.014,139,139,0,3.27621,Low Risk
8.74,29.18,0.023,0.007,139,8.20333,7.91429,1.07,25.08,23.92286,3.79,0.00867,0.01214,0.022,0.007,0.00871,0.007,139,139,0,3.24491,Low Risk
7.52,21.67,0.018,0.01,139,7.97667,7.76571,-1.22,25.41333,23.61286,-7.51,0.014,0.01214,-0.005,0.00567,0.00743,0.003,139,139,0,3.20967,Low Risk
8.15,21.25,0.002,0.02,139,8.13667,7.96857,0.63,24.03333,23.56571,-0.42,0.01433,0.00971,-0.016,0.01233,0.00943,0.01,139,139,0,2.92638,Low Risk
8.9,20.14,0.015,0.011,139,8.19,8.23714,0.75,21.02,22.66857,-1.11,0.01167,0.01157,0.013,0.01367,0.00929,-0.009,139,139,0,2.73938,Low Risk
7.25,27.63,0.009,0.013,139,8.1,8.06143,-1.65,23.00667,23.70429,7.49,0.00867,0.01,-0.006,0.01467,0.01071,0.002,139,139,0,3.08399,Low Risk
8.31,27.23,0.019,0.007,139,8.15333,8.07714,1.06,25,24.64143,-0.4,0.01433,0.01243,0.01,0.01033,0.00971,-0.006,139,139,0,3.06088,Low Risk
8.38,28.54,0.021,0.02,139,7.98,8.17857,0.07,27.8,25.09143,1.31,0.01633,0.01529,0.002,0.01333,0.01257,0.013,139,139,0,3.16621,Low Risk
6.96,22.5,0.021,0.003,139,7.88333,7.92429,-1.42,26.09,24.13714,-6.04,0.02033,0.015,0,0.01,0.012,-0.017,139,139,0,3.16508,Low Risk
7.92,26.15,0.012,0.005,139,7.75333,7.98143,0.96,25.73,24.77714,3.65,0.018,0.01414,-0.009,0.00933,0.01129,0.002,139,139,0,3.06055,Low Risk
6.65,20.49,0.011,0.015,139,7.17667,7.76714,-1.27,23.04667,24.66857,-5.66,0.01467,0.01543,-0.001,0.00767,0.01057,0.01,139,139,0,3.44198,Low Risk
8.21,21.13,0.016,0.009,139,7.59333,7.66857,1.56,22.59,24.81,0.64,0.013,0.01557,0.005,0.00967,0.01029,-0.006,139,139,0,3.09302,Low Risk
8.17,23.48,0.023,0.017,139,7.67667,7.8,-0.04,21.7,24.21714,2.35,0.01667,0.01757,0.007,0.01367,0.01086,0.008,139,139,0,2.97043,Low Risk
6.84,24.72,0.019,0.02,139,7.74,7.59,-1.33,23.11,23.85857,1.24,0.01933,0.01757,-0.004,0.01533,0.01271,0.003,139,139,0,2.91623,Low Risk
8.73,20.8,0.022,0.017,139,7.91333,7.64,1.89,23,22.75286,-3.92,0.02133,0.01771,0.003,0.018,0.01229,-0.003,139,139,0,2.70519,Low Risk
6.92,26.82,0.004,0.008,139,7.49667,7.63429,-1.81,24.11333,23.37,6.02,0.015,0.01529,-0.018,0.015,0.013,-0.009,139,139,0,2.96181,Low Risk
7.86,25.25,0.022,0.006,139,7.83667,7.62571,0.94,24.29,23.24143,-1.57,0.016,0.01671,0.018,0.01033,0.01314,-0.002,139,139,0,2.88567,Low Risk
6.59,25.16,0.01,0.012,139,7.12333,7.61714,-1.27,25.74333,23.90857,-0.09,0.012,0.01657,-0.012,0.00867,0.01271,0.006,139,139,0,2.7868,Low Risk
8.54,29.4,0.016,0.016,139,7.66333,7.66429,1.95,26.60333,25.09,4.24,0.016,0.01657,0.006,0.01133,0.01371,0.004,139,139,0,3.09686,Low Risk
7.99,21.32,0.003,0.012,139,7.70667,7.63857,-0.55,25.29333,24.78143,-8.08,0.00967,0.01371,-0.013,0.01333,0.013,-0.004,139,139,0,3.23034,Low Risk
7.51,26.51,0.021,0.017,139,8.01333,7.73429,-0.48,25.74333,25.03714,5.19,0.01333,0.014,0.018,0.015,0.01257,0.005,139,139,0,3.12712,Low Risk
8.11,28.47,0.023,0.019,139,7.87,7.64571,0.6,25.43333,26.13286,1.96,0.01567,0.01414,0.002,0.016,0.01286,0.002,139,139,0,2.71006,Low Risk
7.42,23.46,0.004,0.006,139,7.68,7.71714,-0.69,26.14667,25.65286,-5.01,0.016,0.01414,-0.019,0.014,0.01257,-0.013,139,139,0,2.65773,Low Risk
9,20.68,0.004,0.019,139,8.17667,7.88,1.58,24.20333,25,-2.78,0.01033,0.01157,0,0.01467,0.01443,0.013,139,139,0,3.28852,Low Risk
8.27,20.11,0.018,0.01,139,8.23,8.12,-0.73,21.41667,24.27857,-0.57,0.00867,0.01271,0.014,0.01167,0.01414,-0.009,139,139,0,3.04935,Low Risk
6.99,20.07,0.014,0.015,139,8.08667,7.89857,-1.28,20.28667,22.94571,-0.04,0.012,0.01243,-0.004,0.01467,0.014,0.005,139,139,0,3.01429,Low Risk
8.57,22.92,0.003,0.013,139,7.94333,7.98143,1.58,21.03333,23.17429,2.85,0.01167,0.01243,-0.011,0.01267,0.01414,-0.002,139,139,0,3.07269,Low Risk
7.26,22.18,0.021,0.014,139,7.60667,7.94571,-1.31,21.72333,22.55571,-0.74,0.01267,0.01243,0.018,0.014,0.01371,0.001,139,139,0,2.96747,Low Risk
7.81,23.02,0.013,0.007,139,7.88,7.90286,0.55,22.70667,21.77714,0.84,0.01233,0.011,-0.008,0.01133,0.012,-0.007,139,139,0,2.22027,Low Risk
8.06,25.95,0.02,0.014,139,7.71,7.99429,0.25,23.71667,22.13286,2.93,0.018,0.01329,0.007,0.01167,0.01314,0.007,139,139,0,2.47953,Low Risk
6.51,25.64,0.002,0.011,139,7.46,7.63857,-1.55,24.87,22.84143,-0.31,0.01167,0.013,-0.018,0.01067,0.012,-0.003,139,139,0,2.67577,Low Risk
8.44,22.18,0.006,0.009,139,7.67,7.66286,1.93,24.59,23.13714,-3.46,0.00933,0.01129,0.004,0.01133,0.01186,-0.002,139,139,0,2.58435,Low Risk
7.03,23.91,0.021,0.014,139,7.32667,7.66857,-1.41,23.91,23.68571,1.73,0.00967,0.01229,0.015,0.01133,0.01171,0.005,139,139,0,2.32316,Low Risk
7.01,23.38,0.016,0.014,139,7.49333,7.44571,-0.02,23.15667,23.75143,-0.53,0.01433,0.01414,-0.005,0.01233,0.01186,0,139,139,0,2.13924,Low Risk
8.49,27.46,0.018,0.004,139,7.51,7.62143,1.48,24.91667,24.50571,4.08,0.01833,0.01371,0.002,0.01067,0.01043,-0.01,139,139,0,2.509,Low Risk
7.17,23.69,0.003,0.018,139,7.55667,7.53,-1.32,24.84333,24.60143,-3.77,0.01233,0.01229,-0.015,0.012,0.012,0.014,139,139,0,2.49836,Low Risk
8.58,24.23,0.023,0.005,139,8.08,7.60429,1.41,25.12667,24.35571,0.54,0.01467,0.01271,0.02,0.009,0.01071,-0.013,139,139,0,2.60753,Low Risk
8.99,25.71,0.02,0.003,139,8.24667,7.95857,0.41,24.54333,24.36571,1.48,0.01533,0.01529,-0.003,0.00867,0.00957,-0.002,139,139,0,2.57957,Low Risk
7.49,25.88,0.017,0.001,139,8.35333,7.82286,-1.5,25.27333,24.89429,0.17,0.02,0.01686,-0.003,0.003,0.00843,-0.002,139,139,0,2.43431,Low Risk
8.75,20.29,0.002,0.012,139,8.41,8.06857,1.26,23.96,24.37714,-5.59,0.013,0.01414,-0.015,0.00533,0.00814,0.011,139,139,0,2.80251,Low Risk
7.83,20.91,0.02,0.009,139,8.02333,8.18571,-0.92,22.36,24.02429,0.62,0.013,0.01471,0.018,0.00733,0.00743,-0.003,139,139,0,2.71796,Low Risk
6.71,25.01,0.025,0.018,139,7.76333,7.93143,-1.12,22.07,23.67429,4.1,0.01567,0.01571,0.005,0.013,0.00943,0.009,139,139,0,2.87021,Low Risk
7.55,29.18,0.004,0.011,139,7.36333,7.98571,0.84,25.03333,24.45857,4.17,0.01633,0.01586,-0.021,0.01267,0.00843,-0.007,139,139,0,3.18837,Low Risk
6.55,22.48,0.023,0.007,139,6.93667,7.69571,-1,25.55667,24.20857,-6.7,0.01733,0.01586,0.019,0.012,0.00871,-0.004,139,139,0,3.44794,Low Risk
8.75,26.53,0.015,0.007,139,7.61667,7.66143,2.2,26.06333,24.32571,4.05,0.014,0.01514,-0.008,0.00833,0.00929,0,139,139,0,3.38136,Low Risk
7.44,20.65,0.006,0.011,139,7.58,7.65429,-1.31,23.22,23.57857,-5.88,0.01467,0.01357,-0.009,0.00833,0.01071,0.004,139,139,0,3.47632,Low Risk
6.53,20.16,0.017,0.001,139,7.57333,7.33714,-0.91,22.44667,23.56,-0.49,0.01267,0.01571,0.011,0.00633,0.00914,-0.01,139,139,0,3.35747,Low Risk
7.75,25.2,0.018,0.012,139,7.24,7.32571,1.22,22.00333,24.17286,5.04,0.01367,0.01543,0.001,0.008,0.00957,0.011,139,139,0,3.25538,Low Risk
7.61,26.52,0.024,0.002,139,7.29667,7.45429,-0.14,23.96,24.38857,1.32,0.01967,0.01529,0.006,0.005,0.00729,-0.01,139,139,0,3.22316,Low Risk
8.63,23.94,0.001,0.004,139,7.99667,7.60857,1.02,25.22,23.64,-2.58,0.01433,0.01486,-0.023,0.006,0.00629,0.002,139,139,0,3.09912,Low Risk
7.75,23.81,0.003,0.01,139,7.99667,7.78,-0.88,24.75667,23.83,-0.13,0.00933,0.012,0.002,0.00533,0.00671,0.006,139,139,0,2.80768,Low Risk
6.78,23.7,0.016,0.01,139,7.72,7.49857,-0.97,23.81667,23.42571,-0.11,0.00667,0.01214,0.013,0.008,0.00714,0,139,139,0,2.54947,Low Risk
8.48,27.53,0.019,0.008,139,7.67,7.64714,1.7,25.01333,24.40857,3.83,0.01267,0.014,0.003,0.00933,0.00671,-0.002,139,139,0,2.77348,Low Risk
8.84,26.12,0.001,0.013,139,8.03333,7.97714,0.36,25.78333,25.26,-1.41,0.012,0.01171,-0.018,0.01033,0.00843,0.005,139,139,0,2.21307,Low Risk
8.64,22.39,0.017,0.015,139,8.65333,8.10429,-0.2,25.34667,24.85857,-3.73,0.01233,0.01157,0.016,0.012,0.00886,0.002,139,139,0,2.45045,Low Risk
6.89,29.25,0.011,0.013,139,8.12333,8.00143,-1.75,25.92,25.24857,6.86,0.00967,0.00971,-0.006,0.01367,0.01043,-0.002,139,139,0,2.98311,Low Risk
6.7,23.82,0.019,0.015,139,7.41,7.72571,-0.19,25.15333,25.23143,-5.43,0.01567,0.01229,0.008,0.01433,0.012,0.002,139,139,0,3.12919,Low Risk
8.07,23.73,0.009,0.007,139,7.22,7.77143,1.37,25.6,25.22,-0.09,0.013,0.01314,-0.01,0.01167,0.01157,-0.008,139,139,0,3.14946,Low Risk
6.74,23.3,0.005,0.008,139,7.17,7.76571,-1.33,23.61667,25.16286,-0.43,0.011,0.01157,-0.004,0.01,0.01129,0.001,139,139,0,3.18711,Low Risk
6.58,29.04,0.023,0.011,139,7.13,7.49429,-0.16,25.35667,25.37857,5.74,0.01233,0.01214,0.018,0.00867,0.01171,0.003,139,139,0,3.39615,Low Risk
7.31,24.66,0.003,0.002,139,6.87667,7.27571,0.73,25.66667,25.17,-4.38,0.01033,0.01243,-0.02,0.007,0.01014,-0.009,139,139,0,2.99439,Low Risk
8.11,25.08,0.014,0.017,139,7.33333,7.2,0.8,26.26,25.55429,0.42,0.01333,0.012,0.011,0.01,0.01043,0.015,139,139,0,2.578,Low Risk
7.96,27.95,0.006,0.001,139,7.79333,7.35286,-0.15,25.89667,25.36857,2.87,0.00767,0.01129,-0.008,0.00667,0.00871,-0.016,139,139,0,2.51503,Low Risk
8.18,21.35,0.018,0.012,139,8.08333,7.56429,0.22,24.79333,25.01571,-6.6,0.01267,0.01114,0.012,0.01,0.00829,0.011,139,139,0,2.7197,Low Risk
8.48,22.05,0.016,0.011,139,8.20667,7.62286,0.3,23.78333,24.77571,0.7,0.01333,0.01214,-0.002,0.008,0.00886,-0.001,139,139,0,2.95116,Low Risk
7.45,21.9,0.011,0.018,139,8.03667,7.72429,-1.03,21.76667,24.57571,-0.15,0.015,0.013,-0.005,0.01367,0.01029,0.007,139,139,0,2.83595,Low Risk
6.7,20.02,0.02,0.004,139,7.54333,7.74143,-0.75,21.32333,23.28714,-1.88,0.01567,0.01257,0.009,0.011,0.00929,-0.014,139,139,0,2.60971,Low Risk
7.59,28.58,0.008,0.006,139,7.24667,7.78143,0.89,23.5,23.84714,8.56,0.013,0.01329,-0.012,0.00933,0.00986,0.002,139,139,0,2.88571,Low Risk
8.46,20.1,0.004,0.017,139,7.58333,7.83143,0.87,22.9,23.13571,-8.48,0.01067,0.01186,-0.004,0.009,0.00986,0.011,139,139,0,3.08582,Low Risk
7.26,20.09,0.016,0.018,139,7.77,7.73143,-1.2,22.92333,22.01286,-0.01,0.00933,0.01329,0.012,0.01367,0.01229,0.001,139,139,0,2.86024,Low Risk
8.34,28.4,0.007,0.002,139,8.02,7.75429,1.08,22.86333,23.02,8.31,0.009,0.01171,-0.009,0.01233,0.01086,-0.016,139,139,0,3.30498,Low Risk
6.75,27.7,0,0.017,139,7.45,7.50714,-1.59,25.39667,23.82714,-0.7,0.00767,0.00943,-0.007,0.01233,0.01171,0.015,139,139,0,3.49093,Low Risk
6.93,28.57,0.024,0.018,139,7.34,7.43286,0.18,28.22333,24.78,0.87,0.01033,0.01129,0.024,0.01233,0.01171,0.001,139,139,0,3.68357,Low Risk
8.81,29.33,0.003,0.018,139,7.49667,7.73429,1.88,28.53333,26.11,0.76,0.009,0.00886,-0.021,0.01767,0.01371,0,139,139,0,3.69986,Low Risk
8.47,20.15,0.006,0.013,139,8.07,7.86,-0.34,26.01667,24.90571,-9.18,0.011,0.00857,0.003,0.01633,0.01471,-0.005,139,139,0,3.96824,Low Risk
8.45,21.9,0.003,0.008,139,8.57667,7.85857,-0.02,23.79333,25.16286,1.75,0.004,0.00843,-0.003,0.013,0.01343,-0.005,139,139,0,3.8276,Low Risk
8.69,26.94,0.024,0.004,139,8.53667,8.06286,0.24,22.99667,26.14143,5.04,0.011,0.00957,0.021,0.00833,0.01143,-0.004,139,139,0,3.52751,Low Risk
8.77,29.77,0.004,0.007,139,8.63667,8.12429,0.08,26.20333,26.33714,2.83,0.01033,0.00914,-0.02,0.00633,0.01214,0.003,139,139,0,3.69176,Low Risk
8.83,25.75,0.017,0.012,139,8.76333,8.42143,0.06,27.48667,26.05857,-4.02,0.015,0.01157,0.013,0.00767,0.01143,0.005,139,139,0,3.24016,Low Risk
7.51,25.62,0.003,0.005,139,8.37,8.50429,-1.32,27.04667,25.63714,-0.13,0.008,0.00857,-0.014,0.008,0.00957,-0.007,139,139,0,2.73233,Low Risk
7.22,29.42,0.018,0.019,139,7.85333,8.27714,-0.29,26.93,25.65,3.8,0.01267,0.01071,0.015,0.012,0.00971,0.014,139,139,0,3.0996,Low Risk
8.42,26.86,0.023,0.008,139,7.71667,8.27,1.2,27.3,26.60857,-2.56,0.01467,0.01314,0.005,0.01067,0.009,-0.011,139,139,0,2.62574,Low Risk
8.86,23.31,0.018,0.013,139,8.16667,8.32857,0.44,26.53,26.81,-3.55,0.01967,0.01529,-0.005,0.01333,0.00971,0.005,139,139,0,2.50021,Low Risk
7.2,23.4,0.006,0.001,139,8.16,8.11571,-1.66,24.52333,26.30429,0.09,0.01567,0.01271,-0.012,0.00733,0.00929,-0.012,139,139,0,2.85811,Low Risk
7.43,29.34,0.005,0.007,139,7.83,7.92429,0.23,25.35,26.24286,5.94,0.00967,0.01286,-0.001,0.007,0.00929,0.006,139,139,0,2.76462,Low Risk
7.18,23.07,0.018,0.006,139,7.27,7.68857,-0.25,25.27,25.86,-6.27,0.00967,0.013,0.013,0.00467,0.00843,-0.001,139,139,0,2.75054,Low Risk
7.68,20.39,0.02,0.006,139,7.43,7.71286,0.5,24.26667,25.11286,-2.68,0.01433,0.01543,0.002,0.00633,0.00857,0,139,139,0,3.08611,Low Risk
8.9,25.68,0.01,0.002,139,7.92,7.95286,1.22,23.04667,24.57857,5.29,0.016,0.01429,-0.01,0.00467,0.00614,-0.004,139,139,0,3.00162,Low Risk
6.75,26.51,0.02,0.017,139,7.77667,7.71429,-2.15,24.19333,24.52857,0.83,0.01667,0.01386,0.01,0.00833,0.00743,0.015,139,139,0,3.1519,Low Risk
7.85,27.39,0.002,0.001,139,7.83333,7.57,1.1,26.52667,25.11143,0.88,0.01067,0.01157,-0.018,0.00667,0.00571,-0.016,139,139,0,2.90164,Low Risk
7.27,29.56,0.005,0.003,139,7.29,7.58,-0.58,27.82,25.99143,2.17,0.009,0.01143,0.003,0.007,0.006,0.002,139,139,0,3.04065,Low Risk
6.88,23.06,0.007,0.016,139,7.33333,7.50143,-0.39,26.67,25.09429,-6.5,0.00467,0.01171,0.002,0.00667,0.00729,0.013,139,139,0,3.03315,Low Risk
7.56,27.59,0.024,0.008,139,7.23667,7.55571,0.68,26.73667,25.74,4.53,0.012,0.01257,0.017,0.009,0.00757,-0.008,139,139,0,2.99705,Low Risk
7.31,22.81,0.004,0.019,139,7.25,7.50286,-0.25,24.48667,26.08571,-4.78,0.01167,0.01029,-0.02,0.01433,0.00943,0.011,139,139,0,2.68883,Low Risk
7.89,29.02,0.009,0.011,139,7.58667,7.35857,0.58,26.47333,26.56286,6.21,0.01233,0.01014,0.005,0.01267,0.01071,-0.008,139,139,0,2.24201,Low Risk
6.96,26.71,0.008,0.02,139,7.38667,7.38857,-0.93,26.18,26.59143,-2.31,0.007,0.00843,-0.001,0.01667,0.01114,0.009,139,139,0,2.15355,Low Risk
7.04,22.92,0.021,0.019,139,7.29667,7.27286,0.08,26.21667,25.95286,-3.79,0.01267,0.01114,0.013,0.01667,0.01371,-0.001,139,139,0,2.22066,Low Risk
7.91,23.23,0.004,0.011,139,7.30333,7.36429,0.87,24.28667,25.04857,0.31,0.011,0.011,-0.017,0.01667,0.01486,-0.008,139,139,0,2.19944,Low Risk
8.77,27.17,0.013,0.006,139,7.90667,7.63429,0.86,24.44,25.63571,3.94,0.01267,0.01186,0.009,0.012,0.01343,-0.005,139,139,0,2.55733,Low Risk
8.25,21.84,0.01,0.018,139,8.31,7.73286,-0.52,24.08,24.81429,-5.33,0.009,0.00986,-0.003,0.01167,0.01486,0.012,139,139,0,2.72356,Low Risk
8.71,24.4,0.024,0.017,139,8.57667,7.93286,0.46,24.47,25.04143,2.56,0.01567,0.01271,0.014,0.01367,0.01457,-0.001,139,139,0,2.78029,Low Risk
8.36,23.65,0.024,0.005,139,8.44,8,-0.35,23.29667,24.27429,-0.75,0.01933,0.01486,0,0.01333,0.01371,-0.012,139,139,0,2.49068,Low Risk
7.61,22.14,0.025,0.018,139,8.22667,8.09286,-0.75,23.39667,23.62143,-1.51,0.02433,0.01729,0.001,0.01333,0.01343,0.013,139,139,0,2.1524,Low Risk
6.8,25.34,0.009,0.016,139,7.59,8.05857,-0.81,23.71,23.96714,3.2,0.01933,0.01557,-0.016,0.013,0.013,-0.002,139,139,0,2.33112,Low Risk
8.85,28.32,0.01,0.008,139,7.75333,8.19286,2.05,25.26667,24.69429,2.98,0.01467,0.01643,0.001,0.014,0.01257,-0.008,139,139,0,2.72485,Low Risk
7.99,24.73,0.017,0.016,139,7.88,8.08143,-0.86,26.13,24.34571,-3.59,0.012,0.017,0.007,0.01333,0.014,0.008,139,139,0,2.51142,Low Risk
7.33,26.32,0.003,0.008,139,8.05667,7.95,-0.66,26.45667,24.98571,1.59,0.01,0.016,-0.014,0.01067,0.01257,-0.008,139,139,0,2.50426,Low Risk
7.23,21.97,0.01,0.011,139,7.51667,7.73857,-0.1,24.34,24.63857,-4.35,0.01,0.014,0.007,0.01167,0.01171,0.003,139,139,0,2.57309,Low Risk
7.76,29.98,0.003,0.001,139,7.44,7.65286,0.53,26.09,25.54286,8.01,0.00533,0.011,-0.007,0.00667,0.01114,-0.01,139,139,0,2.81147,Low Risk
8.61,20.02,0.013,0.02,139,7.86667,7.79571,0.85,23.99,25.24,-9.96,0.00867,0.00929,0.01,0.01067,0.01143,0.019,139,139,0,3.22675,Low Risk
8.86,26.15,0.023,0.01,139,8.41,8.09,0.25,25.38333,25.35571,6.13,0.013,0.01129,0.01,0.01033,0.01057,-0.01,139,139,0,3.1321,Low Risk
8.62,28.24,0.018,0.019,139,8.69667,8.05714,-0.24,24.80333,25.34429,2.09,0.018,0.01243,-0.005,0.01633,0.01214,0.009,139,139,0,3.05195,Low Risk
7.86,24.14,0.013,0.014,139,8.44667,8.03857,-0.76,26.17667,25.26,-4.1,0.018,0.01186,-0.005,0.01433,0.01186,-0.005,139,139,0,3.07184,Low Risk
7.8,28.96,0.015,0.009,139,8.09333,8.10571,-0.06,27.11333,25.63714,4.82,0.01533,0.01357,0.002,0.014,0.012,-0.005,139,139,0,3.07645,Low Risk
7.82,25.12,0.003,0.002,139,7.82667,8.19,0.02,26.07333,26.08714,-3.84,0.01033,0.01257,-0.012,0.00833,0.01071,-0.007,139,139,0,2.68119,Low Risk
8.06,29.62,0.003,0.02,139,7.89333,8.23286,0.24,27.9,26.03571,4.5,0.007,0.01257,0,0.01033,0.01343,0.018,139,139,0,2.5832,Low Risk
7.2,26.08,0.01,0.006,139,7.69333,8.03143,-0.86,26.94,26.90143,-3.54,0.00533,0.01214,0.007,0.00933,0.01143,-0.014,139,139,0,2.15619,Low Risk
7.8,26.66,0.018,0.006,139,7.68667,7.88,0.6,27.45333,26.97429,0.58,0.01033,0.01143,0.008,0.01067,0.01086,0,139,139,0,1.872,Low Risk
7.33,29.21,0.018,0.012,139,7.44333,7.69571,-0.47,27.31667,27.11286,2.55,0.01533,0.01143,0,0.008,0.00986,0.006,139,139,0,1.71621,Low Risk
7.19,24.49,0.015,0.018,139,7.44,7.6,-0.14,26.78667,27.16286,-4.72,0.017,0.01171,-0.003,0.012,0.01043,0.006,139,139,0,1.76075,Low Risk
7.43,26.33,0.019,0.007,139,7.31667,7.54714,0.24,26.67667,26.78714,1.84,0.01733,0.01229,0.004,0.01233,0.01014,-0.011,139,139,0,1.67423,Low Risk
8.97,22.12,0.015,0.006,139,7.86333,7.71143,1.54,24.31333,26.35857,-4.21,0.01633,0.014,-0.004,0.01033,0.01071,-0.001,139,139,0,2.59238,Low Risk
8.38,25.6,0.01,0.01,139,8.26,7.75714,-0.59,24.68333,25.78429,3.48,0.01467,0.015,-0.005,0.00767,0.00929,0.004,139,139,0,2.45001,Low Risk
7.61,21.04,0.025,0.011,139,8.32,7.81571,-0.77,22.92,25.06429,-4.56,0.01667,0.01714,0.015,0.009,0.01,0.001,139,139,0,2.68897,Low Risk
8.61,22.92,0.015,0.02,139,8.2,7.93143,1,23.18667,24.53,1.88,0.01667,0.01671,-0.01,0.01367,0.012,0.009,139,139,0,2.82249,Low Risk
7.75,25.44,0.023,0.014,139,7.99,7.99143,-0.86,23.13333,23.99143,2.52,0.021,0.01743,0.008,0.015,0.01229,-0.006,139,139,0,2.33531,Low Risk
7.88,21.81,0.022,0.015,139,8.08,8.09,0.13,23.39,23.60857,-3.63,0.02,0.01843,-0.001,0.01633,0.01186,0.001,139,139,0,2.21775,Low Risk
8.36,22.76,0.002,0.014,139,7.99667,8.22286,0.48,23.33667,23.09857,0.95,0.01567,0.016,-0.02,0.01433,0.01286,-0.001,139,139,0,1.88941,Low Risk
7.18,22.33,0.007,0.014,139,7.80667,7.96714,-1.18,22.3,23.12857,-0.43,0.01033,0.01486,0.005,0.01433,0.014,0,139,139,0,1.90579,Low Risk
7.47,25.49,0.001,0.014,139,7.67,7.83714,0.29,23.52667,23.11286,3.16,0.00333,0.01357,-0.006,0.014,0.01457,0,139,139,0,1.88195,Low Risk
8.38,25.57,0.004,0.017,139,7.67667,7.94714,0.91,24.46333,23.76,0.08,0.004,0.01057,0.003,0.015,0.01543,0.003,139,139,0,1.90245,Low Risk
7.73,26.21,0.019,0.006,139,7.86,7.82143,-0.65,25.75667,24.23,0.64,0.008,0.01114,0.015,0.01233,0.01343,-0.011,139,139,0,1.81849,Low Risk
8.16,20.01,0.01,0.017,139,8.09,7.88,0.43,23.93,23.45429,-6.2,0.011,0.00929,-0.009,0.01333,0.01386,0.011,139,139,0,2.08973,Low Risk
8.75,21.88,0.017,0.02,139,8.21333,8.00429,0.59,22.7,23.46429,1.87,0.01533,0.00857,0.007,0.01433,0.01457,0.003,139,139,0,2.29635,Low Risk
7.34,24.76,0.002,0.013,139,8.08333,7.85857,-1.41,22.21667,23.75,2.88,0.00967,0.00857,-0.015,0.01667,0.01443,-0.007,139,139,0,2.35559,Low Risk
7.24,20.18,0.017,0.008,139,7.77667,7.86714,-0.1,22.27333,23.44286,-4.58,0.012,0.01,0.015,0.01367,0.01357,-0.005,139,139,0,2.50146,Low Risk
8.05,24.75,0.01,0.003,139,7.54333,7.95,0.81,23.23,23.33714,4.57,0.00967,0.01129,-0.007,0.008,0.012,-0.005,139,139,0,2.40765,Low Risk
6.96,20.77,0.011,0.009,139,7.41667,7.74714,-1.09,21.9,22.65143,-3.98,0.01267,0.01229,0.001,0.00667,0.01086,0.006,139,139,0,2.52332,Low Risk
7.03,22.51,0.02,0.018,139,7.34667,7.64714,0.07,22.67667,22.12286,1.74,0.01367,0.01243,0.009,0.01,0.01257,0.009,139,139,0,2.37013,Low Risk
8.52,25.81,0.008,0.01,139,7.50333,7.69857,1.49,23.03,22.95143,3.3,0.013,0.01214,-0.012,0.01233,0.01157,-0.008,139,139,0,2.57004,Low Risk
6.77,21.51,0.01,0.017,139,7.44,7.41571,-1.75,23.27667,22.89857,-4.3,0.01267,0.01114,0.002,0.015,0.01114,0.007,139,139,0,2.39128,Low Risk
8.19,24.1,0.022,0.006,139,7.82667,7.53714,1.42,23.80667,22.80429,2.59,0.01333,0.014,0.012,0.011,0.01014,-0.011,139,139,0,2.47319,Low Risk
6.99,28.93,0.023,0.017,139,7.31667,7.50143,-1.2,24.84667,24.05429,4.83,0.01833,0.01486,0.001,0.01333,0.01143,0.011,139,139,0,2.85544,Low Risk
7.43,28.54,0.02,0.01,139,7.53667,7.41286,0.44,27.19,24.59571,-0.39,0.02167,0.01629,-0.003,0.011,0.01243,-0.007,139,139,0,3.01279,Low Risk
7.85,25.43,0.008,0.018,139,7.42333,7.54,0.42,27.63333,25.26143,-3.11,0.017,0.01586,-0.012,0.015,0.01371,0.008,139,139,0,2.74925,Low Risk
7.13,24.6,0,0.006,139,7.47,7.55429,-0.72,26.19,25.56,-0.83,0.00933,0.013,-0.008,0.01133,0.012,-0.012,139,139,0,2.60944,Low Risk
8.3,21.49,0.004,0.019,139,7.76,7.52286,1.17,23.84,24.94286,-3.11,0.004,0.01243,0.004,0.01433,0.01329,0.013,139,139,0,2.71573,Low Risk
7.3,24.89,0.006,0.017,139,7.57667,7.59857,-1,23.66,25.42571,3.4,0.00333,0.01186,0.002,0.014,0.01329,-0.002,139,139,0,2.35001,Low Risk
6.59,25.69,0.012,0.006,139,7.39667,7.37,-0.71,24.02333,25.65286,0.8,0.00733,0.01043,0.006,0.014,0.01329,-0.011,139,139,0,2.40727,Low Risk
8.53,23.41,0.01,0.002,139,7.47333,7.59,1.94,24.66333,24.86429,-2.28,0.00933,0.00857,-0.002,0.00833,0.01114,-0.004,139,139,0,2.45508,Low Risk
6.61,24.18,0.001,0.013,139,7.24333,7.47286,-1.92,24.42667,24.24143,0.77,0.00767,0.00586,-0.009,0.007,0.01157,0.011,139,139,0,2.27811,Low Risk
7.24,21.77,0.025,0.016,139,7.46,7.38571,0.63,23.12,23.71857,-2.41,0.012,0.00829,0.024,0.01033,0.01129,0.003,139,139,0,2.33242,Low Risk
7.26,28.35,0.003,0.008,139,7.03667,7.40429,0.02,24.76667,24.25429,6.58,0.00967,0.00871,-0.022,0.01233,0.01157,-0.008,139,139,0,2.713,Low Risk
7.84,26.76,0.021,0.008,139,7.44667,7.33857,0.58,25.62667,25.00714,-1.59,0.01633,0.01114,0.018,0.01067,0.01,0,139,139,0,2.46786,Low Risk
6.8,21.85,0.023,0.017,139,7.3,7.26714,-1.04,25.65333,24.57286,-4.91,0.01567,0.01357,0.002,0.011,0.01,0.009,139,139,0,2.68403,Low Risk
8.49,26.11,0.021,0.009,139,7.71,7.53857,1.69,24.90667,24.63286,4.26,0.02167,0.01486,-0.002,0.01133,0.01043,-0.008,139,139,0,2.82019,Low Risk
7.76,27.05,0.004,0.017,139,7.68333,7.42857,-0.73,25.00333,25.15286,0.94,0.016,0.014,-0.017,0.01433,0.01257,0.008,139,139,0,2.62236,Low Risk
7.07,20.28,0.005,0.017,139,7.77333,7.49429,-0.69,24.48,24.59571,-6.77,0.01,0.01457,0.001,0.01433,0.01314,0,139,139,0,2.76147,Low Risk
8.58,25.21,0.009,0.018,139,7.80333,7.68571,1.51,24.18,25.08714,4.93,0.006,0.01229,0.004,0.01733,0.01343,0.001,139,139,0,2.86051,Low Risk
6.78,22.59,0.017,0.015,139,7.47667,7.61714,-1.8,22.69333,24.26429,-2.62,0.01033,0.01429,0.008,0.01667,0.01443,-0.003,139,139,0,2.86305,Low Risk
9,25.08,0.023,0.013,139,8.12,7.78286,2.22,24.29333,24.02429,2.49,0.01633,0.01457,0.006,0.01533,0.01514,-0.002,139,139,0,3.09902,Low Risk
8.4,29.73,0.004,0.002,139,8.06,8.01143,-0.6,25.8,25.15,4.65,0.01467,0.01186,-0.019,0.01,0.013,-0.011,139,139,0,3.20383,Low Risk
7.8,28.18,0.023,0.001,139,8.4,7.91286,-0.6,27.66333,25.44571,-1.55,0.01667,0.01214,0.019,0.00533,0.01186,-0.001,139,139,0,3.25437,Low Risk
7.69,28.59,0.02,0.012,139,7.96333,7.90286,-0.11,28.83333,25.66571,0.41,0.01567,0.01443,-0.003,0.005,0.01114,0.011,139,139,0,3.34589,Low Risk
7.18,28.97,0.004,0.015,139,7.55667,7.91857,-0.51,28.58,26.90714,0.38,0.01567,0.01429,-0.016,0.00933,0.01086,0.003,139,139,0,2.91293,Low Risk
8.91,23,0.014,0.019,139,7.92667,7.96571,1.73,26.85333,26.59143,-5.97,0.01267,0.015,0.01,0.01533,0.011,0.004,139,139,0,3.19401,Low Risk
7.3,28.8,0.002,0.013,139,7.79667,8.04,-1.61,26.92333,27.47857,5.8,0.00667,0.01286,-0.012,0.01567,0.01071,-0.006,139,139,0,2.73108,Low Risk
7.63,22.55,0.024,0.009,139,7.94667,7.84429,0.33,24.78333,27.11714,-6.25,0.01333,0.013,0.022,0.01367,0.01014,-0.004,139,139,0,2.74777,Low Risk
7.83,21.92,0.006,0.01,139,7.58667,7.76286,0.2,24.42333,26.00143,-0.63,0.01067,0.01329,-0.018,0.01067,0.01129,0.001,139,139,0,2.7979,Low Risk
8.46,21.87,0.022,0.017,139,7.97333,7.85714,0.63,22.11333,25.1,-0.05,0.01733,0.01314,0.016,0.012,0.01357,0.007,139,139,0,2.99798,Low Risk
7.53,28.61,0.016,0.016,139,7.94,7.83429,-0.93,24.13333,25.10286,6.74,0.01467,0.01257,-0.006,0.01433,0.01414,-0.001,139,139,0,3.01894,Low Risk
8.77,24.45,0.01,0.012,139,8.25333,8.06143,1.24,24.97667,24.45714,-4.16,0.016,0.01343,-0.006,0.015,0.01371,-0.004,139,139,0,2.81648,Low Risk
6.8,23.87,0.01,0.011,139,7.7,7.76,-1.97,25.64333,24.58143,-0.58,0.012,0.01286,0,0.013,0.01257,-0.001,139,139,0,2.85001,Low Risk
8.68,28.32,0.004,0.01,139,8.08333,7.95714,1.88,25.54667,24.51286,4.45,0.008,0.01314,-0.006,0.011,0.01214,-0.001,139,139,0,2.88122,Low Risk
8.13,22.06,0.001,0.017,139,7.87,8.02857,-0.55,24.75,24.44286,-6.26,0.005,0.00986,-0.003,0.01267,0.01329,0.007,139,139,0,2.88434,Low Risk
7.58,28.98,0.002,0.013,139,8.13,7.99286,-0.55,26.45333,25.45143,6.92,0.00233,0.00929,0.001,0.01333,0.01371,-0.004,139,139,0,3.01892,Low Risk
6.84,24.6,0.004,0.006,139,7.51667,7.76143,-0.74,25.21333,25.84143,-4.38,0.00233,0.00671,0.002,0.012,0.01214,-0.007,139,139,0,2.98854,Low Risk
6.55,21.63,0.024,0.018,139,6.99,7.62143,-0.29,25.07,24.84429,-2.97,0.01,0.00786,0.02,0.01233,0.01243,0.012,139,139,0,3.28646,Low Risk
7.41,22.69,0.004,0.001,139,6.93333,7.42714,0.86,22.97333,24.59286,1.06,0.01067,0.007,-0.02,0.00833,0.01086,-0.017,139,139,0,3.04278,Low Risk
6.54,25.21,0.018,0.011,139,6.83333,7.39,-0.87,23.17667,24.78429,2.52,0.01533,0.00814,0.014,0.01,0.01086,0.01,139,139,0,3.11977,Low Risk
7.68,27.72,0.006,0.01,139,7.21,7.24714,1.14,25.20667,24.69857,2.51,0.00933,0.00843,-0.012,0.00733,0.01086,-0.001,139,139,0,2.6605,Low Risk
6.83,23.87,0.006,0.01,139,7.01667,7.06143,-0.85,25.6,24.95714,-3.85,0.01,0.00914,0,0.01033,0.00986,0,139,139,0,2.2994,Low Risk
8.61,20.44,0.012,0.017,139,7.70667,7.20857,1.78,24.01,23.73714,-3.43,0.008,0.01057,0.006,0.01233,0.01043,0.007,139,139,0,2.72931,Low Risk
8.89,29.87,0,0.018,139,8.11,7.50143,0.28,24.72667,24.49,9.43,0.006,0.01,-0.012,0.015,0.01214,0.001,139,139,0,3.61245,Low Risk
6.99,25.23,0.001,0.019,139,8.16333,7.56429,-1.9,25.18,25.00429,-4.64,0.00433,0.00671,0.001,0.018,0.01229,0.001,139,139,0,3.36556,Low Risk
8.34,28.44,0.015,0.003,139,8.07333,7.69714,1.35,27.84667,25.82571,3.21,0.00533,0.00829,0.014,0.01333,0.01257,-0.016,139,139,0,3.4722,Low Risk
6.64,28.92,0.022,0.001,139,7.32333,7.71143,-1.7,27.53,26.35571,0.48,0.01267,0.00886,0.007,0.00767,0.01114,-0.002,139,139,0,3.52645,Low Risk
7.79,26.86,0.005,0.004,139,7.59,7.72714,1.15,28.07333,26.23286,-2.06,0.014,0.00871,-0.017,0.00267,0.01029,0.003,139,139,0,3.50582,Low Risk
6.8,25.18,0.024,0.013,139,7.07667,7.72286,-0.99,26.98667,26.42,-1.68,0.017,0.01129,0.019,0.006,0.01071,0.009,139,139,0,3.45865,Low Risk
8.11,24.42,0.013,0.015,139,7.56667,7.65143,1.31,25.48667,26.98857,-0.76,0.014,0.01143,-0.011,0.01067,0.01043,0.002,139,139,0,2.79957,Low Risk
6.91,23.8,0.016,0.006,139,7.27333,7.36857,-1.2,24.46667,26.12143,-0.62,0.01767,0.01371,0.003,0.01133,0.00871,-0.009,139,139,0,2.39616,Low Risk
6.65,20.32,0.005,0.009,139,7.22333,7.32,-0.26,22.84667,25.42,-3.48,0.01133,0.01429,-0.011,0.01,0.00729,0.003,139,139,0,2.97142,Low Risk
7.9,22.16,0.002,0.013,139,7.15333,7.25714,1.25,22.09333,24.52286,1.84,0.00767,0.01243,-0.003,0.00933,0.00871,0.004,139,139,0,2.73838,Low Risk
6.86,20.85,0.011,0.012,139,7.13667,7.28857,-1.04,21.11,23.37,-1.31,0.006,0.01086,0.009,0.01133,0.01029,-0.001,139,139,0,2.43421,Low Risk
7.42,27.97,0.007,0.012,139,7.39333,7.23571,0.56,23.66,23.52857,7.12,0.00667,0.01114,-0.004,0.01233,0.01143,0,139,139,0,2.50854,Low Risk
7,24.02,0.014,0.006,139,7.09333,7.26429,-0.42,24.28,23.36286,-3.95,0.01067,0.00971,0.007,0.01,0.01043,-0.006,139,139,0,2.42054,Low Risk
6.5,20.5,0.016,0.007,139,6.97333,7.03429,-0.5,24.16333,22.80286,-3.52,0.01233,0.01014,0.002,0.00833,0.00929,0.001,139,139,0,2.33708,Low Risk
8.53,23.16,0.007,0.019,139,7.34333,7.26571,2.03,22.56,22.71143,2.66,0.01233,0.00886,-0.009,0.01067,0.01114,0.012,139,139,0,2.82951,Low Risk
8.76,28.71,0.008,0.017,139,7.93,7.56714,0.23,24.12333,23.91,5.55,0.01033,0.00929,0.001,0.01433,0.01229,-0.002,139,139,0,3.36547,Low Risk
7.6,29.31,0,0.013,139,8.29667,7.52429,-1.16,27.06,24.93143,0.6,0.005,0.009,-0.008,0.01633,0.01229,-0.004,139,139,0,3.56677,Low Risk
7.41,24.26,0.002,0.011,139,7.92333,7.60286,-0.19,27.42667,25.41857,-5.05,0.00333,0.00771,0.002,0.01367,0.01214,-0.002,139,139,0,3.26014,Low Risk
7.41,28.66,0.024,0.007,139,7.47333,7.60143,0,27.41,25.51714,4.4,0.00867,0.01014,0.022,0.01033,0.01143,-0.004,139,139,0,3.31514,Low Risk
7.22,24.81,0.005,0.011,139,7.34667,7.63286,-0.19,25.91,25.63,-3.85,0.01033,0.00886,-0.019,0.00967,0.01214,0.004,139,139,0,3.2454,Low Risk
8.59,29.08,0.017,0.014,139,7.74,7.93143,1.37,27.51667,26.85571,4.27,0.01533,0.009,0.012,0.01067,0.01314,0.003,139,139,0,2.67009,Low Risk
8.94,22.51,0.017,0.015,139,8.25,7.99,0.35,25.46667,26.76286,-6.57,0.013,0.01043,0,0.01333,0.01257,0.001,139,139,0,2.90073,Low Risk
7.04,25.27,0.01,0.013,139,8.19,7.74429,-1.9,25.62,26.27143,2.76,0.01467,0.01071,-0.007,0.014,0.012,-0.002,139,139,0,2.82581,Low Risk
8.17,22.45,0.019,0.015,139,8.05,7.82571,1.13,23.41,25.29143,-2.82,0.01533,0.01343,0.009,0.01433,0.01229,0.002,139,139,0,2.8289,Low Risk
7.6,28.38,0.006,0.004,139,7.60333,7.85286,-0.57,25.36667,25.88,5.93,0.01167,0.014,-0.013,0.01067,0.01129,-0.011,139,139,0,2.8895,Low Risk
7.53,25.26,0.005,0.009,139,7.76667,7.87,-0.07,25.36333,25.39429,-3.12,0.01,0.01129,-0.001,0.00933,0.01157,0.005,139,139,0,2.72793,Low Risk
8.62,23.5,0.02,0.006,139,7.91667,8.07,1.09,25.71333,25.20714,-1.76,0.01033,0.01343,0.015,0.00633,0.01086,-0.003,139,139,0,2.7426,Low Risk
7.76,22.57,0.021,0.016,139,7.97,7.95143,-0.86,23.77667,24.27714,-0.93,0.01533,0.014,0.001,0.01033,0.01114,0.01,139,139,0,2.43521,Low Risk
7.07,21.69,0.007,0.011,139,7.81667,7.68429,-0.69,22.58667,24.16,-0.88,0.016,0.01257,-0.014,0.011,0.01057,-0.005,139,139,0,2.3107,Low Risk
8.28,25.99,0.021,0.016,139,7.70333,7.86143,1.21,23.41667,24.26286,4.3,0.01633,0.01414,0.014,0.01433,0.011,0.005,139,139,0,2.2627,Low Risk
7.58,28.11,0.013,0.008,139,7.64333,7.77714,-0.7,25.26333,25.07143,2.12,0.01367,0.01329,-0.008,0.01167,0.01,-0.008,139,139,0,2.35642,Low Risk
7.54,28.49,0.008,0.014,139,7.8,7.76857,-0.04,27.53,25.08714,0.38,0.014,0.01357,-0.005,0.01267,0.01143,0.006,139,139,0,2.37535,Low Risk
8.83,28.45,0.004,0.017,139,7.98333,7.95429,1.29,28.35,25.54286,-0.04,0.00833,0.01343,-0.004,0.013,0.01257,0.003,139,139,0,2.76082,Low Risk
6.87,22.35,0.007,0.016,139,7.74667,7.70429,-1.96,26.43,25.37857,-6.1,0.00633,0.01157,0.003,0.01567,0.014,-0.001,139,139,0,2.91552,Low Risk
6.55,25.08,0.016,0.017,139,7.41667,7.53143,-0.32,25.29333,25.73714,2.73,0.009,0.01086,0.009,0.01667,0.01414,0.001,139,139,0,3.04444,Low Risk
7.56,26.69,0.002,0.007,139,6.99333,7.60143,1.01,24.70667,26.45143,1.61,0.00833,0.01014,-0.014,0.01333,0.01357,-0.01,139,139,0,2.682,Low Risk
8.87,20.91,0.02,0.019,139,7.66,7.68571,1.31,24.22667,25.72571,-5.78,0.01267,0.01,0.018,0.01433,0.014,0.012,139,139,0,3.32292,Low Risk
8.33,25.43,0.015,0.001,139,8.25333,7.79286,-0.54,24.34333,25.34286,4.52,0.01233,0.01029,-0.005,0.009,0.013,-0.018,139,139,0,3.29055,Low Risk
7.28,22.98,0.019,0.004,139,8.16,7.75571,-1.05,23.10667,24.55571,-2.45,0.018,0.01186,0.004,0.008,0.01157,0.003,139,139,0,3.19511,Low Risk
6.89,23.82,0.016,0.011,139,7.5,7.47857,-0.39,24.07667,23.89429,0.84,0.01667,0.01357,-0.003,0.00533,0.01071,0.007,139,139,0,2.69758,Low Risk
8.97,25.34,0.024,0.009,139,7.71333,7.77857,2.08,24.04667,24.32143,1.52,0.01967,0.016,0.008,0.008,0.00971,-0.002,139,139,0,2.8909,Low Risk
8.63,24.27,0.024,0.002,139,8.16333,8.07571,-0.34,24.47667,24.20571,-1.07,0.02133,0.01714,0,0.00733,0.00757,-0.007,139,139,0,2.6158,Low Risk
8.18,22.32,0.018,0.001,139,8.59333,8.16429,-0.45,23.97667,23.58143,-1.95,0.022,0.01943,-0.006,0.004,0.00671,-0.001,139,139,0,2.41805,Low Risk
7.17,20.28,0.003,0.001,139,7.99333,7.92143,-1.01,22.29,23.49143,-2.04,0.015,0.017,-0.015,0.00133,0.00414,0,139,139,0,2.5307,Low Risk
8.76,20.26,0.02,0.008,139,8.03667,7.98286,1.59,20.95333,22.75286,-0.02,0.01367,0.01771,0.017,0.00333,0.00514,0.007,139,139,0,2.69666,Low Risk
7.16,22.74,0.018,0.019,139,7.69667,7.96571,-1.6,21.09333,22.71857,2.48,0.01367,0.01757,-0.002,0.00933,0.00729,0.011,139,139,0,2.73028,Low Risk
8.63,26.94,0.023,0.007,139,8.18333,8.21429,1.47,23.31333,23.16429,4.2,0.02033,0.01857,0.005,0.01133,0.00671,-0.012,139,139,0,2.78014,Low Risk
7.55,23.3,0.002,0.011,139,7.78,8.01143,-1.08,24.32667,22.87286,-3.64,0.01433,0.01543,-0.021,0.01233,0.007,0.004,139,139,0,2.59701,Low Risk
6.71,27.5,0.019,0.015,139,7.63,7.73714,-0.84,25.91333,23.33429,4.2,0.01467,0.01471,0.017,0.011,0.00886,0.004,139,139,0,3.05622,Low Risk
8.84,27.96,0.01,0.007,139,7.7,7.83143,2.13,26.25333,24.14,0.46,0.01033,0.01357,-0.009,0.011,0.00971,-0.008,139,139,0,3.45775,Low Risk
8.56,20.54,0.012,0.004,139,8.03667,8.03,-0.28,25.33333,24.17714,-7.42,0.01367,0.01486,0.002,0.00867,0.01014,-0.003,139,139,0,3.39601,Low Risk
8.83,20.09,0.014,0,139,8.74333,8.04,0.27,22.86333,24.15286,-0.45,0.012,0.014,0.002,0.00367,0.009,-0.004,139,139,0,3.43267,Low Risk
8.09,27.28,0.003,0.013,139,8.49333,8.17286,-0.74,22.63667,24.80143,7.19,0.00967,0.01186,-0.011,0.00567,0.00814,0.013,139,139,0,3.31591,Low Risk
8.97,26.64,0.002,0.004,139,8.63,8.22143,0.88,24.67,24.75857,-0.64,0.00633,0.00886,-0.001,0.00567,0.00771,-0.009,139,139,0,3.38308,Low Risk
8.07,25.85,0.014,0.011,139,8.37667,8.29571,-0.9,26.59,25.12286,-0.79,0.00633,0.01057,0.012,0.00933,0.00771,0.007,139,139,0,3.2631,Low Risk
7.57,29.19,0.002,0.005,139,8.20333,8.41857,-0.5,27.22667,25.36429,3.34,0.006,0.00814,-0.012,0.00667,0.00629,-0.006,139,139,0,2.85337,Low Risk
7.19,21.67,0.004,0.007,139,7.61,8.18286,-0.38,25.57,24.46571,-7.52,0.00667,0.00729,0.002,0.00767,0.00629,0.002,139,139,0,3.13596,Low Risk
8.57,29.72,0.022,0.02,139,7.77667,8.18429,1.38,26.86,25.77714,8.05,0.00933,0.00871,0.018,0.01067,0.00857,0.013,139,139,0,3.1441,Low Risk
8.82,22.2,0.007,0.004,139,8.19333,8.18286,0.25,24.53,26.07857,-7.52,0.011,0.00771,-0.015,0.01033,0.00914,-0.016,139,139,0,2.89207,Low Risk
8.89,20.38,0.021,0.016,139,8.76,8.29714,0.07,24.1,25.09286,-1.82,0.01667,0.01029,0.014,0.01333,0.00957,0.012,139,139,0,3.2865,Low Risk
6.92,22.29,0.001,0.009,139,8.21,8.00429,-1.97,21.62333,24.47143,1.91,0.00967,0.01014,-0.02,0.00967,0.01029,-0.007,139,139,0,3.50507,Low Risk
6.95,27.08,0.013,0.011,139,7.58667,7.84429,0.03,23.25,24.64714,4.79,0.01167,0.01,0.012,0.012,0.01029,0.002,139,139,0,3.73949,Low Risk
8.87,23.53,0.018,0.004,139,7.58,8.03,1.92,24.3,23.83857,-3.55,0.01067,0.01229,0.005,0.008,0.01014,-0.007,139,139,0,3.59572,Low Risk
8.08,27.09,0,0.002,139,7.96667,8.15714,-0.79,25.9,24.61286,3.56,0.01033,0.01171,-0.018,0.00567,0.00943,-0.002,139,139,0,3.46966,Low Risk
7.87,25.89,0.02,0.005,139,8.27333,8.05714,-0.21,25.50333,24.06571,-1.2,0.01267,0.01143,0.02,0.00367,0.00729,0.003,139,139,0,3.07188,Low Risk
8.12,21.09,0.01,0.012,139,8.02333,7.95714,0.25,24.69,23.90714,-4.8,0.01,0.01186,-0.01,0.00633,0.00843,0.007,139,139,0,3.02123,Low Risk
8.98,26.47,0.005,0.01,139,8.32333,7.97,0.86,24.48333,24.77714,5.38,0.01167,0.00957,-0.005,0.009,0.00757,-0.002,139,139,0,2.87878,Low Risk
8.53,27.31,0.017,0.02,139,8.54333,8.2,-0.45,24.95667,25.49429,0.84,0.01067,0.01186,0.012,0.014,0.00914,0.01,139,139,0,2.56277,Low Risk
8.78,28.63,0.023,0.003,139,8.76333,8.46143,0.25,27.47,25.71571,1.32,0.015,0.01329,0.006,0.011,0.008,-0.017,139,139,0,2.18013,Low Risk
7.9,20.23,0.007,0.007,139,8.40333,8.32286,-0.88,25.39,25.24429,-8.4,0.01567,0.01171,-0.016,0.01,0.00843,0.004,139,139,0,2.52534,Low Risk
7.28,21.51,0.023,0.011,139,7.98667,8.20857,-0.62,23.45667,24.44714,1.28,0.01767,0.015,0.016,0.007,0.00971,0.004,139,139,0,2.90208,Low Risk
7.61,25.25,0.009,0.014,139,7.59667,8.17143,0.33,22.33,24.35571,3.74,0.013,0.01343,-0.014,0.01067,0.011,0.003,139,139,0,2.94764,Low Risk
7.16,22.27,0.013,0.01,139,7.35,8.03429,-0.45,23.01,24.52429,-2.98,0.015,0.01386,0.004,0.01167,0.01071,-0.004,139,139,0,3.08291,Low Risk
6.86,28.42,0.015,0.002,139,7.21,7.73143,-0.3,25.31333,24.80286,6.15,0.01233,0.01529,0.002,0.00867,0.00957,-0.008,139,139,0,3.17985,Low Risk
8.42,24.3,0.011,0.019,139,7.48,7.71571,1.56,24.99667,24.37286,-4.12,0.013,0.01443,-0.004,0.01033,0.00943,0.017,139,139,0,3.05083,Low Risk
8.02,22.99,0.003,0.009,139,7.76667,7.60714,-0.4,25.23667,23.56714,-1.31,0.00967,0.01157,-0.008,0.01,0.01029,-0.01,139,139,0,2.46146,Low Risk
7.04,25.77,0.016,0.007,139,7.82667,7.48429,-0.98,24.35333,24.35857,2.78,0.01,0.01286,0.013,0.01167,0.01029,-0.002,139,139,0,2.32541,Low Risk
7.67,23.45,0.019,0.001,139,7.57667,7.54,0.63,24.07,24.63571,-2.32,0.01267,0.01229,0.003,0.00567,0.00886,-0.006,139,139,0,2.16803,Low Risk
8.49,28.57,0.013,0.01,139,7.73333,7.66571,0.82,25.93,25.11,5.12,0.016,0.01286,-0.006,0.006,0.00829,0.009,139,139,0,2.62457,Low Risk
7.97,22.87,0.015,0.016,139,8.04333,7.78143,-0.52,24.96333,25.19571,-5.7,0.01567,0.01314,0.002,0.009,0.00914,0.006,139,139,0,2.50743,Low Risk
8.78,24.41,0.008,0.019,139,8.41333,8.05571,0.81,25.28333,24.62286,1.54,0.012,0.01214,-0.007,0.015,0.01157,0.003,139,139,0,2.17881,Low Risk
8.38,27.66,0.015,0.01,139,8.37667,8.05,-0.4,24.98,25.10286,3.25,0.01267,0.01271,0.007,0.015,0.01029,-0.009,139,139,0,2.31633,Low Risk
8.52,23.83,0.022,0.009,139,8.56,8.12143,0.14,25.3,25.22286,-3.83,0.015,0.01543,0.007,0.01267,0.01029,-0.001,139,139,0,2.31154,Low Risk
8.32,22.39,0.023,0.017,139,8.40667,8.30429,-0.2,24.62667,24.74,-1.44,0.02,0.01643,0.001,0.012,0.01171,0.008,139,139,0,1.95769,Low Risk
8.61,23.94,0.007,0.002,139,8.48333,8.43857,0.29,23.38667,24.81,1.55,0.01733,0.01471,-0.016,0.00933,0.01186,-0.015,139,139,0,1.70975,Low Risk
8.04,21.96,0.015,0.003,139,8.32333,8.37429,-0.57,22.76333,23.86571,-1.98,0.015,0.015,0.008,0.00733,0.01086,0.001,139,139,0,1.54731,Low Risk
8.03,24.41,0.01,0.013,139,8.22667,8.38286,-0.01,23.43667,24.08571,2.45,0.01067,0.01429,-0.005,0.006,0.01043,0.01,139,139,0,1.49852,Low Risk
6.52,26.18,0.014,0.016,139,7.53,8.06,-1.51,24.18333,24.33857,1.77,0.013,0.01514,0.004,0.01067,0.01,0.003,139,139,0,2.44544,Low Risk
7.91,22.32,0.019,0.016,139,7.48667,7.99286,1.39,24.30333,23.57571,-3.86,0.01433,0.01571,0.005,0.015,0.01086,0,139,139,0,2.15686,Low Risk
8.64,28.71,0.015,0.017,139,7.69,8.01,0.73,25.73667,24.27286,6.39,0.016,0.01471,-0.004,0.01633,0.012,0.001,139,139,0,2.67211,Low Risk
7.63,27.31,0.01,0.008,139,8.06,7.91143,-1.01,26.11333,24.97571,-1.4,0.01467,0.01286,-0.005,0.01367,0.01071,-0.009,139,139,0,2.70215,Low Risk
7.35,23.2,0.023,0.002,139,7.87333,7.73143,-0.28,26.40667,24.87,-4.11,0.016,0.01514,0.013,0.009,0.01071,-0.006,139,139,0,2.63949,Low Risk
6.71,28.12,0.004,0.001,139,7.23,7.54143,-0.64,26.21,25.75,4.92,0.01233,0.01357,-0.019,0.00367,0.01043,-0.001,139,139,0,2.752,Low Risk
8.74,24.59,0.004,0.003,139,7.6,7.64286,2.03,25.30333,25.77571,-3.53,0.01033,0.01271,0,0.002,0.009,0.002,139,139,0,2.97883,Low Risk
7.61,26.76,0.015,0.014,139,7.68667,7.79857,-1.13,26.49,25.85857,2.17,0.00767,0.01286,0.011,0.006,0.00871,0.011,139,139,0,2.68976,Low Risk
8.73,22.88,0.021,0.017,139,8.36,7.91571,1.12,24.74333,25.93857,-3.88,0.01333,0.01314,0.006,0.01133,0.00886,0.003,139,139,0,2.79452,Low Risk
7.82,27.31,0.01,0.012,139,8.05333,7.79857,-0.91,25.65,25.73857,4.43,0.01533,0.01243,-0.011,0.01433,0.00814,-0.005,139,139,0,2.54895,Low Risk
7.63,27.34,0.012,0.003,139,8.06,7.79857,-0.19,25.84333,25.74286,0.03,0.01433,0.01271,0.002,0.01067,0.00743,-0.009,139,139,0,2.55066,Low Risk
6.54,27.08,0.007,0.011,139,7.33,7.68286,-1.09,27.24333,26.29714,-0.26,0.00967,0.01043,-0.005,0.00867,0.00871,0.008,139,139,0,2.67535,Low Risk
7.17,22.09,0.005,0.017,139,7.11333,7.74857,0.63,25.50333,25.43571,-4.99,0.008,0.01057,-0.002,0.01033,0.011,0.006,139,139,0,2.7182,Low Risk
8.5,21.71,0.015,0.008,139,7.40333,7.71429,1.33,23.62667,25.02429,-0.38,0.009,0.01214,0.01,0.012,0.01171,-0.009,139,139,0,2.82921,Low Risk
7.01,25.34,0.02,0.012,139,7.56,7.62857,-1.49,23.04667,24.82143,3.63,0.01333,0.01286,0.005,0.01233,0.01143,0.004,139,139,0,2.873,Low Risk
8.11,27.09,0.011,0.01,139,7.87333,7.54,1.1,24.71333,25.42286,1.75,0.01533,0.01143,-0.009,0.01,0.01043,-0.002,139,139,0,2.6169,Low Risk
8.23,20.01,0.013,0.008,139,7.78333,7.59857,0.12,24.14667,24.38,-7.08,0.01467,0.01186,0.002,0.01,0.00986,-0.002,139,139,0,2.97784,Low Risk
6.74,21.91,0.017,0.002,139,7.69333,7.47143,-1.49,23.00333,23.60429,1.9,0.01367,0.01257,0.004,0.00667,0.00971,-0.006,139,139,0,3.01893,Low Risk
8.35,27.36,0.019,0.016,139,7.77333,7.73,1.61,23.09333,23.64429,5.45,0.01633,0.01429,0.002,0.00867,0.01043,0.014,139,139,0,2.92397,Low Risk
8.94,29.96,0.013,0.005,139,8.01,7.98286,0.59,26.41,24.76857,2.6,0.01633,0.01543,-0.006,0.00767,0.00871,-0.011,139,139,0,3.43705,Low Risk
8.39,21.97,0.016,0.001,139,8.56,7.96714,-0.55,26.43,24.80571,-7.99,0.016,0.01557,0.003,0.00733,0.00771,-0.004,139,139,0,3.39788,Low Risk
7.02,22.33,0.003,0.007,139,8.11667,7.96857,-1.37,24.75333,24.37571,0.36,0.01067,0.01314,-0.013,0.00433,0.007,0.006,139,139,0,3.44946,Low Risk
6.94,23.35,0.005,0.004,139,7.45,7.80143,-0.08,22.55,23.84143,1.02,0.008,0.01229,0.002,0.004,0.00614,-0.003,139,139,0,3.52359,Low Risk
8.78,21.39,0.012,0.014,139,7.58,7.88,1.84,22.35667,24.03857,-1.96,0.00667,0.01214,0.007,0.00833,0.007,0.01,139,139,0,3.54813,Low Risk
7.17,23.37,0.016,0.002,139,7.63,7.94143,-1.61,22.70333,24.24714,1.98,0.011,0.012,0.004,0.00667,0.007,-0.012,139,139,0,3.3402,Low Risk
6.97,25.66,0.022,0.01,139,7.64,7.74429,-0.2,23.47333,24.00429,2.29,0.01667,0.01243,0.006,0.00867,0.00614,0.008,139,139,0,3.32613,Low Risk
7.59,24.61,0.004,0.013,139,7.24333,7.55143,0.62,24.54667,23.24,-1.05,0.014,0.01114,-0.018,0.00833,0.00729,0.003,139,139,0,2.26341,Low Risk
8.78,28.92,0.018,0.011,139,7.78,7.60714,1.19,26.39667,24.23286,4.31,0.01467,0.01143,0.014,0.01133,0.00871,-0.002,139,139,0,2.92404,Low Risk
6.98,21.17,0.014,0.019,139,7.78333,7.60143,-1.8,24.9,24.06714,-7.75,0.012,0.013,-0.004,0.01433,0.01043,0.008,139,139,0,3.02153,Low Risk
8.27,21.06,0.023,0.014,139,8.01,7.79143,1.29,23.71667,23.74,-0.11,0.01833,0.01557,0.009,0.01467,0.01186,-0.005,139,139,0,3.08814,Low Risk
8.41,23.92,0.015,0.017,139,7.88667,7.73857,0.14,22.05,24.10143,2.86,0.01733,0.016,-0.008,0.01667,0.01229,0.003,139,139,0,2.86129,Low Risk
7.18,26.97,0.024,0.009,139,7.95333,7.74,-1.23,23.98333,24.61571,3.05,0.02067,0.01714,0.009,0.01333,0.01329,-0.008,139,139,0,2.94694,Low Risk
7.24,28.89,0.022,0.017,139,7.61,7.77857,0.06,26.59333,25.07714,1.92,0.02033,0.01714,-0.002,0.01433,0.01429,0.008,139,139,0,3.07625,Low Risk
8.9,20.46,0.009,0.011,139,7.77333,7.96571,1.66,25.44,24.48429,-8.43,0.01833,0.01786,-0.013,0.01233,0.014,-0.006,139,139,0,3.50832,Low Risk
7.03,22.92,0.011,0.007,139,7.72333,7.71571,-1.87,24.09,23.62714,2.46,0.014,0.01686,0.002,0.01167,0.01343,-0.004,139,139,0,3.19505,Low Risk
7.45,29.54,0.006,0.014,139,7.79333,7.78286,0.42,24.30667,24.82286,6.62,0.00867,0.01571,-0.005,0.01067,0.01271,0.007,139,139,0,3.31604,Low Risk
8.17,27.61,0.012,0.015,139,7.55,7.76857,0.72,26.69,25.75857,-1.93,0.00967,0.01414,0.006,0.012,0.01286,0.001,139,139,0,3.14642,Low Risk
7.44,20.56,0.021,0.009,139,7.68667,7.63,-0.73,25.90333,25.27857,-7.05,0.013,0.015,0.009,0.01267,0.01171,-0.006,139,139,0,3.29523,Low Risk
8.21,20.28,0.004,0.012,139,7.94,7.77714,0.77,22.81667,24.32286,-0.28,0.01233,0.01214,-0.017,0.012,0.01214,0.003,139,139,0,3.4524,Low Risk
8.94,29.27,0.023,0.004,139,8.19667,8.02,0.73,23.37,24.37714,8.99,0.016,0.01229,0.019,0.00833,0.01029,-0.008,139,139,0,3.64193,Low Risk
8.17,23.71,0.021,0.014,139,8.44,7.91571,-0.77,24.42,24.84143,-5.56,0.016,0.014,-0.002,0.01,0.01071,0.01,139,139,0,3.27793,Low Risk
8.24,20.16,0.002,0.004,139,8.45,8.08857,0.07,24.38,24.44714,-3.55,0.01533,0.01271,-0.019,0.00733,0.01029,-0.01,139,139,0,3.19875,Low Risk
7.12,25.04,0.023,0.011,139,7.84333,8.04143,-1.12,22.97,23.80429,4.88,0.01533,0.01514,0.021,0.00967,0.00986,0.007,139,139,0,3.05659,Low Risk
8.68,29.49,0.024,0.019,139,8.01333,8.11429,1.56,24.89667,24.07286,4.45,0.01633,0.01686,0.001,0.01133,0.01043,0.008,139,139,0,3.33886,Low Risk
8.44,29.32,0.024,0.019,139,8.08,8.25714,-0.24,27.95,25.32429,-0.17,0.02367,0.01729,0,0.01633,0.01186,0,139,139,0,3.24762,Low Risk
6.85,20.54,0.008,0.016,139,7.99,8.06286,-1.59,26.45,25.36143,-8.78,0.01867,0.01786,-0.016,0.018,0.01243,-0.003,139,139,0,3.64027,Low Risk
7.13,29.15,0.005,0.015,139,7.47333,7.80429,0.28,26.33667,25.34429,8.61,0.01233,0.01529,-0.003,0.01667,0.014,-0.001,139,139,0,3.55247,Low Risk
7.89,25.04,0.009,0.01,139,7.29,7.76429,0.76,24.91,25.53429,-4.11,0.00733,0.01357,0.004,0.01367,0.01343,-0.005,139,139,0,3.49205,Low Risk
7.77,21.92,0.02,0.002,139,7.59667,7.69714,-0.12,25.37,25.78571,-3.12,0.01133,0.01614,0.011,0.009,0.01314,-0.008,139,139,0,3.25345,Low Risk
8.94,26.19,0.022,0.018,139,8.2,7.95714,1.17,24.38333,25.95,4.27,0.017,0.016,0.002,0.01,0.01414,0.016,139,139,0,3.41274,Low Risk
8.45,28.75,0.024,0.017,139,8.38667,7.92429,-0.49,25.62,25.84429,2.56,0.022,0.016,0.002,0.01233,0.01386,-0.001,139,139,0,3.29523,Low Risk
7.11,24.2,0.006,0.004,139,8.16667,7.73429,-1.34,26.38,25.11286,-4.55,0.01733,0.01343,-0.018,0.013,0.01171,-0.013,139,139,0,3.16555,Low Risk
6.72,29.3,0.021,0.008,139,7.42667,7.71571,-0.39,27.41667,26.36429,5.1,0.017,0.01529,0.015,0.00967,0.01057,0.004,139,139,0,3.02089,Low Risk
8.51,25.3,0.019,0.004,139,7.44667,7.91286,1.79,26.26667,25.81429,-4,0.01533,0.01729,-0.002,0.00533,0.009,-0.004,139,139,0,2.88672,Low Risk
8.26,28.44,0.009,0.013,139,7.83,7.96571,-0.25,27.68,26.3,3.14,0.01633,0.01729,-0.01,0.00833,0.00943,0.009,139,139,0,2.98092,Low Risk
8.81,27.61,0.012,0.002,139,8.52667,8.11429,0.55,27.11667,27.11286,-0.83,0.01333,0.01614,0.003,0.00633,0.00943,-0.011,139,139,0,2.68805,Low Risk
7.51,26.49,0.024,0.019,139,8.19333,7.91,-1.3,27.51333,27.15571,-1.12,0.015,0.01643,0.012,0.01133,0.00957,0.017,139,139,0,2.55551,Low Risk
7.14,29.29,0.002,0.019,139,7.82,7.72286,-0.37,27.79667,27.23286,2.8,0.01267,0.01329,-0.022,0.01333,0.00986,0,139,139,0,2.61131,Low Risk
8.35,26.99,0.017,0.013,139,7.66667,7.9,1.21,27.59,27.63143,-2.3,0.01433,0.01486,0.015,0.017,0.01114,-0.006,139,139,0,2.32167,Low Risk
7.51,22.28,0.01,0.009,139,7.66667,8.01286,-0.84,26.18667,26.62857,-4.71,0.00967,0.01329,-0.007,0.01367,0.01129,-0.004,139,139,0,2.41702,Low Risk
7.85,27.03,0.01,0.017,139,7.90333,7.91857,0.34,25.43333,26.87571,4.75,0.01233,0.012,0,0.013,0.01314,0.008,139,139,0,2.30088,Low Risk
6.9,22.38,0.025,0.003,139,7.42,7.72429,-0.95,23.89667,26.01,-4.65,0.015,0.01429,0.015,0.00967,0.01171,-0.014,139,139,0,2.69076,Low Risk
8.92,25.4,0.013,0.003,139,7.89,7.74,2.02,24.93667,25.69429,3.02,0.016,0.01443,-0.012,0.00767,0.01186,0,139,139,0,2.70536,Low Risk
7.91,23.77,0.016,0.018,139,7.91,7.79714,-1.01,23.85,25.30571,-1.63,0.018,0.01329,0.003,0.008,0.01171,0.015,139,139,0,2.72423,Low Risk
6.83,26.33,0.003,0.01,139,7.88667,7.75286,-1.08,25.16667,24.88286,2.56,0.01067,0.01343,-0.013,0.01033,0.01043,-0.008,139,139,0,2.55194,Low Risk
7.83,29.88,0.016,0.008,139,7.52333,7.67857,1,26.66,25.29571,3.55,0.01167,0.01329,0.013,0.012,0.00971,-0.002,139,139,0,2.79799,Low Risk
7.09,27.77,0.003,0.01,139,7.25,7.61857,-0.74,27.99333,26.08,-2.11,0.00733,0.01229,-0.013,0.00933,0.00986,0.002,139,139,0,2.7518,Low Risk
8.65,27.17,0.001,0.018,139,7.85667,7.73286,1.56,28.27333,26.1,-0.6,0.00667,0.011,-0.002,0.012,0.01,0.008,139,139,0,2.95267,Low Risk
8.8,28.43,0.014,0.013,139,8.18,8.00429,0.15,27.79,26.96429,1.26,0.006,0.00943,0.013,0.01367,0.01143,-0.005,139,139,0,2.68356,Low Risk
7.96,22.62,0.004,0.002,139,8.47,7.86714,-0.84,26.07333,26.56714,-5.81,0.00633,0.00814,-0.01,0.011,0.01129,-0.011,139,139,0,2.75481,Low Risk
7.35,24.61,0.02,0.019,139,8.03667,7.78714,-0.61,25.22,26.68714,1.99,0.01267,0.00871,0.016,0.01133,0.01143,0.017,139,139,0,2.73819,Low Risk
8.99,23.63,0.003,0.005,139,8.1,8.09571,1.64,23.62,26.30143,-0.98,0.009,0.00871,-0.017,0.00867,0.01071,-0.014,139,139,0,2.84042,Low Risk
8.2,26.17,0.02,0.017,139,8.18,8.14857,-0.79,24.80333,25.77143,2.54,0.01433,0.00929,0.017,0.01367,0.012,0.012,139,139,0,2.57303,Low Risk
6.95,23.09,0.01,0.018,139,8.04667,8.12857,-1.25,24.29667,25.10286,-3.08,0.011,0.01029,-0.01,0.01333,0.01314,0.001,139,139,0,2.64338,Low Risk
7.09,26.33,0.008,0.016,139,7.41333,7.90571,0.14,25.19667,24.98286,3.24,0.01267,0.01129,-0.002,0.017,0.01286,-0.002,139,139,0,2.68294,Low Risk
8.34,27.79,0.01,0.014,139,7.46,7.84,1.25,25.73667,24.89143,1.46,0.00933,0.01071,0.002,0.016,0.013,-0.002,139,139,0,2.4609,Low Risk
7.89,28.88,0.023,0.003,139,7.77333,7.83,-0.45,27.66667,25.78571,1.09,0.01367,0.01343,0.013,0.011,0.01314,-0.011,139,139,0,2.56513,Low Risk
6.6,26.79,0.017,0.015,139,7.61,7.72286,-1.29,27.82,26.09714,-2.09,0.01667,0.013,-0.006,0.01067,0.01257,0.012,139,139,0,2.79293,Low Risk
7.89,22.14,0.02,0.015,139,7.46,7.56571,1.29,25.93667,25.88429,-4.65,0.02,0.01543,0.003,0.011,0.014,0,139,139,0,2.58284,Low Risk
8.94,21.97,0.022,0.014,139,7.81,7.67143,1.05,23.63333,25.28429,-0.17,0.01967,0.01571,0.002,0.01467,0.01357,-0.001,139,139,0,3.09553,Low Risk
8.27,24.11,0.023,0.019,139,8.36667,7.86,-0.67,22.74,25.43,2.14,0.02167,0.01757,0.001,0.016,0.01371,0.005,139,139,0,2.9573,Low Risk
8.92,27.67,0.024,0.014,139,8.71,8.12143,0.65,24.58333,25.62143,3.56,0.023,0.01986,0.001,0.01567,0.01343,-0.005,139,139,0,3.02476,Low Risk
8.75,27.87,0.016,0.005,139,8.64667,8.18,-0.17,26.55,25.63286,0.2,0.021,0.02071,-0.008,0.01267,0.01214,-0.009,139,139,0,3.09264,Low Risk
7.95,26,0.01,0.004,139,8.54,8.18857,-0.8,27.18,25.22143,-1.87,0.01667,0.01886,-0.006,0.00767,0.01229,-0.001,139,139,0,2.90929,Low Risk
8.28,21.6,0.023,0.005,139,8.32667,8.42857,0.33,25.15667,24.48,-4.4,0.01633,0.01971,0.013,0.00467,0.01086,0.001,139,139,0,2.25116,Low Risk
8.61,21.88,0.006,0.002,139,8.28,8.53143,0.33,23.16,24.44286,0.28,0.013,0.01771,-0.017,0.00367,0.009,-0.003,139,139,0,2.13974,Low Risk
8.22,28.59,0.019,0.001,139,8.37,8.42857,-0.39,24.02333,25.38857,6.71,0.016,0.01729,0.013,0.00267,0.00714,-0.001,139,139,0,2.1434,Low Risk
6.91,25.15,0.023,0.01,139,7.91333,8.23429,-1.31,25.20667,25.53714,-3.44,0.016,0.01729,0.004,0.00433,0.00586,0.009,139,139,0,2.7815,Low Risk
6.85,24.69,0.012,0.008,139,7.32667,7.93857,-0.06,26.14333,25.11143,-0.46,0.018,0.01557,-0.011,0.00633,0.005,-0.002,139,139,0,2.89662,Low Risk
7.36,20.05,0.009,0.009,139,7.04,7.74,0.51,23.29667,23.99429,-4.64,0.01467,0.01457,-0.003,0.009,0.00557,0.001,139,139,0,2.89815,Low Risk
8.53,27.58,0.006,0.013,139,7.58,7.82286,1.17,24.10667,24.22,7.53,0.009,0.014,-0.003,0.01,0.00686,0.004,139,139,0,3.13526,Low Risk
6.51,25.14,0.006,0.006,139,7.46667,7.57,-2.02,24.25667,24.72571,-2.44,0.007,0.01157,0,0.00933,0.007,-0.007,139,139,0,3.2465,Low Risk
7.09,24.42,0.006,0.002,139,7.37667,7.35286,0.58,25.71333,25.08857,-0.72,0.006,0.01157,0,0.007,0.007,-0.004,139,139,0,2.873,Low Risk
6.58,29.74,0.013,0.011,139,6.72667,7.11857,-0.51,26.43333,25.25286,5.32,0.00833,0.01071,0.007,0.00633,0.00843,0.009,139,139,0,2.88039,Low Risk
8.19,23.5,0.004,0.018,139,7.28667,7.30143,1.61,25.88667,25.01714,-6.24,0.00767,0.008,-0.009,0.01033,0.00957,0.007,139,139,0,3.10887,Low Risk
8.63,21.98,0.016,0.012,139,7.8,7.55571,0.44,25.07333,24.63,-1.52,0.011,0.00857,0.012,0.01367,0.01014,-0.006,139,139,0,3.43684,Low Risk
8.42,24.79,0.004,0.018,139,8.41333,7.70714,-0.21,23.42333,25.30714,2.81,0.008,0.00786,-0.012,0.016,0.01143,0.006,139,139,0,3.19354,Low Risk
7.94,28.89,0.01,0.006,139,8.33,7.62286,-0.48,25.22,25.49429,4.1,0.01,0.00843,0.006,0.012,0.01043,-0.012,139,139,0,3.18529,Low Risk
7.17,25.6,0.019,0.004,139,7.84333,7.71714,-0.77,26.42667,25.56,-3.29,0.011,0.01029,0.009,0.00933,0.01014,-0.002,139,139,0,2.96524,Low Risk
8.79,22.49,0.007,0.015,139,7.96667,7.96,1.62,25.66,25.28429,-3.11,0.012,0.01043,-0.012,0.00833,0.012,0.011,139,139,0,3.14592,Low Risk
8.59,22.65,0.006,0.007,139,8.18333,8.24714,-0.2,23.58,24.27143,0.16,0.01067,0.00943,-0.001,0.00867,0.01143,-0.008,139,139,0,2.32924,Low Risk
8.83,25.63,0.019,0.008,139,8.73667,8.33857,0.24,23.59,24.57571,2.98,0.01067,0.01157,0.013,0.01,0.01,0.001,139,139,0,2.42098,Low Risk
8.72,27.93,0.013,0.006,139,8.71333,8.35143,-0.11,25.40333,25.42571,2.3,0.01267,0.01114,-0.006,0.007,0.00914,-0.002,139,139,0,2.42766,Low Risk
8.41,20.21,0.024,0.007,139,8.65333,8.35,-0.31,24.59,24.77143,-7.72,0.01867,0.014,0.011,0.007,0.00757,0.001,139,139,0,2.78617,Low Risk
8.02,27.37,0.012,0.017,139,8.38333,8.36143,-0.39,25.17,24.55429,7.16,0.01633,0.01429,-0.012,0.01,0.00914,0.01,139,139,0,2.62202,Low Risk
8.37,24.01,0.008,0.019,139,8.26667,8.53286,0.35,23.86333,24.32714,-3.36,0.01467,0.01271,-0.004,0.01433,0.01129,0.002,139,139,0,1.99119,Low Risk
7.25,27.1,0.019,0.013,139,7.88,8.31286,-1.12,26.16,24.98571,3.09,0.013,0.01443,0.011,0.01633,0.011,-0.006,139,139,0,2.51035,Low Risk
8.3,26.41,0.015,0.016,139,7.97333,8.27143,1.05,25.84,25.52286,-0.69,0.014,0.01571,-0.004,0.016,0.01229,0.003,139,139,0,2.39798,Low Risk
8.75,26.48,0.016,0.006,139,8.1,8.26,0.45,26.66333,25.64429,0.07,0.01667,0.01529,0.001,0.01167,0.012,-0.01,139,139,0,2.383,Low Risk
6.61,29.59,0.015,0.02,139,7.88667,7.95857,-2.14,27.49333,25.88143,3.11,0.01533,0.01557,-0.001,0.014,0.014,0.014,139,139,0,3.02126,Low Risk
7.36,25.16,0.017,0.019,139,7.57333,7.80857,0.75,27.07667,26.58857,-4.43,0.016,0.01457,0.002,0.015,0.01571,-0.001,139,139,0,2.4017,Low Risk
7.1,20.13,0.015,0.005,139,7.02333,7.67714,-0.26,24.96,25.55429,-5.03,0.01567,0.015,-0.002,0.01467,0.014,-0.014,139,139,0,3.0682,Low Risk
6.68,28.29,0.019,0.014,139,7.04667,7.43571,-0.42,24.52667,26.16571,8.16,0.017,0.01657,0.004,0.01267,0.01329,0.009,139,139,0,3.12181,Low Risk
7.62,26.27,0.016,0.005,139,7.13333,7.48857,0.94,24.89667,26.04714,-2.02,0.01667,0.01614,-0.003,0.008,0.01214,-0.009,139,139,0,3.10364,Low Risk
6.68,26.08,0.024,0.014,139,6.99333,7.25714,-0.94,26.88,26,-0.19,0.01967,0.01743,0.008,0.011,0.01186,0.009,139,139,0,3.02418,Low Risk
8.76,27.06,0.013,0.007,139,7.68667,7.25857,2.08,26.47,26.08286,0.98,0.01767,0.017,-0.011,0.00867,0.012,-0.007,139,139,0,3.04325,Low Risk
7.63,25.35,0.004,0.015,139,7.69,7.40429,-1.13,26.16333,25.47714,-1.71,0.01367,0.01543,-0.009,0.012,0.01129,0.008,139,139,0,2.73792,Low Risk
7.82,20.61,0.01,0.012,139,8.07,7.47,0.19,24.34,24.82714,-4.74,0.009,0.01443,0.006,0.01133,0.01029,-0.003,139,139,0,3.06889,Low Risk
8.93,25.56,0.01,0.007,139,8.12667,7.73143,1.11,23.84,25.60286,4.95,0.008,0.01371,0,0.01133,0.01057,-0.005,139,139,0,2.99791,Low Risk
8.5,20.67,0.003,0.013,139,8.41667,7.99143,-0.43,22.28,24.51429,-4.89,0.00767,0.01143,-0.007,0.01067,0.01043,0.006,139,139,0,2.94652,Low Risk
7.81,27.52,0.008,0.016,139,8.41333,8.01857,-0.69,24.58333,24.69286,6.85,0.007,0.01029,0.005,0.012,0.012,0.003,139,139,0,3.00828,Low Risk
7.3,20.35,0.017,0.004,139,7.87,8.10714,-0.51,22.84667,23.87429,-7.17,0.00933,0.00929,0.009,0.011,0.01057,-0.012,139,139,0,2.8548,Low Risk
8.6,29.59,0.003,0.019,139,7.90333,8.08429,1.3,25.82,24.23571,9.24,0.00933,0.00786,-0.014,0.013,0.01229,0.015,139,139,0,3.0634,Low Risk
6.65,23.74,0.023,0.004,139,7.51667,7.94429,-1.95,24.56,24.00571,-5.85,0.01433,0.01057,0.02,0.009,0.01071,-0.015,139,139,0,3.46225,Low Risk
7.01,29.97,0.022,0.014,139,7.42,7.82857,0.36,27.76667,25.34286,6.23,0.016,0.01229,-0.001,0.01233,0.011,0.01,139,139,0,3.74218,Low Risk
7.21,27.59,0.003,0.018,139,6.95667,7.58286,0.2,27.1,25.63286,-2.38,0.016,0.01129,-0.019,0.012,0.01257,0.004,139,139,0,3.53209,Low Risk
8.33,20.83,0.017,0.019,139,7.51667,7.55857,1.12,26.13,25.65571,-6.76,0.014,0.01329,0.014,0.017,0.01343,0.001,139,139,0,3.44916,Low Risk
7.93,25.13,0.011,0.009,139,7.82333,7.57571,-0.4,24.51667,25.31429,4.3,0.01033,0.01371,-0.006,0.01533,0.01243,-0.01,139,139,0,3.42338,Low Risk
8.06,28.67,0.021,0.013,139,8.10667,7.68429,0.13,24.87667,26.50286,3.54,0.01633,0.01429,0.01,0.01367,0.01371,0.004,139,139,0,3.1766,Low Risk
7.14,26.59,0.005,0.004,139,7.71,7.47571,-0.92,26.79667,26.07429,-2.08,0.01233,0.01457,-0.016,0.00867,0.01157,-0.009,139,139,0,2.82964,Low Risk
6.92,20.69,0.017,0.011,139,7.37333,7.51429,-0.22,25.31667,25.63857,-5.9,0.01433,0.01371,0.012,0.00933,0.01257,0.007,139,139,0,2.99471,Low Risk
7.1,29.25,0.013,0.018,139,7.05333,7.52714,0.18,25.51,25.53571,8.56,0.01167,0.01243,-0.004,0.011,0.01314,0.007,139,139,0,2.90111,Low Risk
6.73,20.39,0.012,0.004,139,6.91667,7.45857,-0.37,23.44333,24.50714,-8.86,0.014,0.01371,-0.001,0.011,0.01114,-0.014,139,139,0,3.20589,Low Risk
8.64,29.91,0.008,0.01,139,7.49,7.50286,1.91,26.51667,25.80429,9.52,0.011,0.01243,-0.004,0.01067,0.00986,0.006,139,139,0,3.40252,Low Risk
8.7,27,0.024,0.008,139,8.02333,7.61286,0.06,25.76667,26.07143,-2.91,0.01467,0.01429,0.016,0.00733,0.00971,-0.002,139,139,0,3.6622,Low Risk
8.23,28.62,0.002,0.008,139,8.52333,7.63714,-0.47,28.51,26.06429,1.62,0.01133,0.01157,-0.022,0.00867,0.009,0,139,139,0,3.69568,Low Risk
7.09,21.68,0.008,0.009,139,8.00667,7.63,-1.14,25.76667,25.36286,-6.94,0.01133,0.012,0.006,0.00833,0.00971,0.001,139,139,0,3.86225,Low Risk
8.04,26.91,0.013,0.017,139,7.78667,7.79,0.95,25.73667,26.25143,5.23,0.00767,0.01143,0.005,0.01133,0.01057,0.008,139,139,0,3.49871,Low Risk
7.28,28.48,0.025,0.002,139,7.47,7.81571,-0.76,25.69,26.14143,1.57,0.01533,0.01314,0.012,0.00933,0.00829,-0.015,139,139,0,3.40965,Low Risk
7.63,22.3,0.004,0.012,139,7.65,7.94429,0.35,25.89667,26.41429,-6.18,0.014,0.012,-0.021,0.01033,0.00943,0.01,139,139,0,2.88544,Low Risk
6.91,21.25,0.004,0.008,139,7.27333,7.69714,-0.72,24.01,25.17714,-1.05,0.011,0.01143,0,0.00733,0.00914,-0.004,139,139,0,2.97513,Low Risk
7.07,20.51,0.004,0.006,139,7.20333,7.46429,0.16,21.35333,24.25,-0.74,0.004,0.00857,0,0.00867,0.00886,-0.002,139,139,0,2.83973,Low Risk
6.61,26.4,0.007,0.017,139,6.86333,7.23286,-0.46,22.72,23.93286,5.89,0.005,0.00929,0.003,0.01033,0.01014,0.011,139,139,0,2.57511,Low Risk
7.25,20.78,0.018,0.006,139,6.97667,7.25571,0.64,22.56333,23.80429,-5.62,0.00967,0.01071,0.011,0.00967,0.00971,-0.011,139,139,0,2.62827,Low Risk
7.68,27.71,0.017,0.001,139,7.18,7.20429,0.43,24.96333,23.91857,6.93,0.014,0.01129,-0.001,0.008,0.00743,-0.005,139,139,0,2.5188,Low Risk
7.36,25.57,0.004,0.015,139,7.43,7.21571,-0.32,24.68667,23.50286,-2.14,0.013,0.00829,-0.013,0.00733,0.00929,0.014,139,139,0,2.27309,Low Risk
8.57,20.94,0.001,0.001,139,7.87,7.35,1.21,24.74,23.30857,-4.63,0.00733,0.00786,-0.003,0.00567,0.00771,-0.014,139,139,0,2.84177,Low Risk
6.86,27.28,0.023,0,139,7.59667,7.34286,-1.71,24.59667,24.17,6.34,0.00933,0.01057,0.022,0.00533,0.00657,-0.001,139,139,0,2.94002,Low Risk
6.72,24.2,0.019,0.009,139,7.38333,7.29286,-0.14,24.14,24.69714,-3.08,0.01433,0.01271,-0.004,0.00333,0.007,0.009,139,139,0,2.80637,Low Risk
8.77,26.71,0.015,0.002,139,7.45,7.60143,2.05,26.06333,24.74143,2.51,0.019,0.01386,-0.004,0.00367,0.00486,-0.007,139,139,0,3.05888,Low Risk
8.76,28.07,0.009,0.002,139,8.08333,7.81714,-0.01,26.32667,25.78286,1.36,0.01433,0.01257,-0.006,0.00433,0.00429,0,139,139,0,3.04763,Low Risk
7.09,28.9,0.016,0.012,139,8.20667,7.73286,-1.67,27.89333,25.95286,0.83,0.01333,0.01243,0.007,0.00533,0.00586,0.01,139,139,0,3.22458,Low Risk
7.77,26.68,0.01,0.007,139,7.87333,7.79143,0.68,27.88333,26.11143,-2.22,0.01167,0.01329,-0.006,0.007,0.00471,-0.005,139,139,0,3.19697,Low Risk
7.88,28.29,0.016,0.004,139,7.58,7.69286,0.11,27.95667,27.16143,1.61,0.014,0.01543,0.006,0.00767,0.00514,-0.003,139,139,0,2.48442,Low Risk
8.1,29.68,0.014,0.011,139,7.91667,7.87,0.22,28.21667,27.50429,1.39,0.01333,0.01414,-0.002,0.00733,0.00671,0.007,139,139,0,2.46479,Low Risk
7.93,27.5,0.005,0.008,139,7.97,8.04286,-0.17,28.49,27.97571,-2.18,0.01167,0.01214,-0.009,0.00767,0.00657,-0.003,139,139,0,1.73688,Low Risk
7.83,25.81,0.002,0.018,139,7.95333,7.90857,-0.1,27.66333,27.84714,-1.69,0.007,0.01029,-0.003,0.01233,0.00886,0.01,139,139,0,1.65345,Low Risk
8.8,29.52,0.018,0.007,139,8.18667,7.91429,0.97,27.61,28.05429,3.71,0.00833,0.01157,0.016,0.011,0.00957,-0.011,139,139,0,1.75157,Low Risk
6.54,22.15,0.013,0.007,139,7.72333,7.83571,-2.26,25.82667,27.09,-7.37,0.011,0.01114,-0.005,0.01067,0.00886,0,139,139,0,2.64971,Low Risk
7.02,22.06,0.013,0.009,139,7.45333,7.72857,0.48,24.57667,26.43,-0.09,0.01467,0.01157,0,0.00767,0.00914,0.002,139,139,0,3.10314,Low Risk
7.96,29.85,0.001,0.002,139,7.17333,7.74,0.94,24.68667,26.65286,7.79,0.009,0.00943,-0.012,0.006,0.00886,-0.007,139,139,0,3.21024,Low Risk
8.35,25.16,0.012,0.011,139,7.77667,7.77571,0.39,25.69,26.00714,-4.69,0.00867,0.00914,0.011,0.00733,0.00886,0.009,139,139,0,3.13705,Low Risk
7.82,22.38,0.012,0.003,139,8.04333,7.76,-0.53,25.79667,25.27571,-2.78,0.00833,0.01014,0,0.00533,0.00814,-0.008,139,139,0,3.22308,Low Risk
8.89,23.86,0.006,0.013,139,8.35333,7.91143,1.07,23.8,24.99714,1.48,0.01,0.01071,-0.006,0.009,0.00743,0.01,139,139,0,3.46159,Low Risk
8.96,22.13,0.021,0.019,139,8.55667,7.93429,0.07,22.79,23.94143,-1.73,0.013,0.01114,0.015,0.01167,0.00914,0.006,139,139,0,3.25278,Low Risk
8.5,22.98,0.023,0.013,139,8.78333,8.21429,-0.46,22.99,24.06,0.85,0.01667,0.01257,0.002,0.015,0.01,-0.006,139,139,0,2.76346,Low Risk
8.32,26.88,0.025,0.016,139,8.59333,8.4,-0.18,23.99667,24.74857,3.9,0.023,0.01429,0.002,0.016,0.011,0.003,139,139,0,2.27667,Low Risk
6.89,26.23,0.016,0.008,139,7.90333,8.24714,-1.43,25.36333,24.23143,-0.65,0.02133,0.01643,-0.009,0.01233,0.01186,-0.008,139,139,0,2.37873,Low Risk
8.62,21.04,0.006,0.003,139,7.94333,8.28571,1.73,24.71667,23.64286,-5.19,0.01567,0.01557,-0.01,0.009,0.01071,-0.005,139,139,0,2.54958,Low Risk
6.63,22.86,0.012,0.01,139,7.38,8.11571,-1.99,23.37667,23.71143,1.82,0.01133,0.01557,0.006,0.007,0.01171,0.007,139,139,0,2.99117,Low Risk
8.11,26.01,0.016,0.017,139,7.78667,8.00429,1.48,23.30333,24.01857,3.15,0.01133,0.017,0.004,0.01,0.01229,0.007,139,139,0,2.95123,Low Risk
7.6,28.68,0.001,0.006,139,7.44667,7.81,-0.51,25.85,24.95429,2.67,0.00967,0.01414,-0.015,0.011,0.01043,-0.011,139,139,0,2.95463,Low Risk
6.53,28.16,0.002,0.018,139,7.41333,7.52857,-1.07,27.61667,25.69429,-0.52,0.00633,0.01114,0.001,0.01367,0.01114,0.012,139,139,0,3.1165,Low Risk
6.87,23.75,0.005,0.011,139,7,7.32143,0.34,26.86333,25.24714,-4.41,0.00267,0.00829,0.003,0.01167,0.01043,-0.007,139,139,0,3.02721,Low Risk
8.04,24.83,0.006,0.001,139,7.14667,7.48571,1.17,25.58,25.04714,1.08,0.00433,0.00686,0.001,0.01,0.00943,-0.01,139,139,0,3.03831,Low Risk
8.83,27.78,0.019,0.003,139,7.91333,7.51571,0.79,25.45333,26.01,2.95,0.01,0.00871,0.013,0.005,0.00943,0.002,139,139,0,2.89504,Low Risk
8.1,22.19,0,0.001,139,8.32333,7.72571,-0.73,24.93333,25.91429,-5.59,0.00833,0.007,-0.019,0.00167,0.00814,-0.002,139,139,0,2.82655,Low Risk
8.8,21.55,0.001,0.016,139,8.57667,7.82429,0.7,23.84,25.27714,-0.64,0.00667,0.00486,0.001,0.00667,0.008,0.015,139,139,0,3.26103,Low Risk
8.35,22.47,0.02,0.006,139,8.41667,7.93143,-0.45,22.07,24.39,0.92,0.007,0.00757,0.019,0.00767,0.008,-0.01,139,139,0,3.15528,Low Risk
7.45,29.77,0.003,0.016,139,8.2,8.06286,-0.9,24.59667,24.62,7.3,0.008,0.00771,-0.017,0.01267,0.00771,0.01,139,139,0,2.97896,Low Risk
7.4,25.41,0.008,0.003,139,7.73333,8.13857,-0.05,25.88333,24.85714,-4.36,0.01033,0.00814,0.005,0.00833,0.00657,-0.013,139,139,0,2.70611,Low Risk
8.82,26.65,0.005,0.008,139,7.89,8.25,1.42,27.27667,25.11714,1.24,0.00533,0.008,-0.003,0.009,0.00757,0.005,139,139,0,2.84479,Low Risk
7.52,26.73,0.004,0.004,139,7.91333,8.06286,-1.3,26.26333,24.96714,0.08,0.00567,0.00586,-0.001,0.005,0.00771,-0.004,139,139,0,2.766,Low Risk
6.54,26.14,0.005,0.004,139,7.62667,7.84,-0.98,26.50667,25.53143,-0.59,0.00467,0.00657,0.001,0.00533,0.00814,0,139,139,0,3.09019,Low Risk
6.72,20.67,0.024,0.015,139,6.92667,7.54286,0.18,24.51333,25.40571,-5.47,0.011,0.00986,0.019,0.00767,0.008,0.011,139,139,0,3.14806,Low Risk
8.26,24.61,0.014,0.015,139,7.17333,7.53,1.54,23.80667,25.71143,3.94,0.01433,0.009,-0.01,0.01133,0.00929,0,139,139,0,2.99237,Low Risk
8.75,23.51,0.019,0.02,139,7.91,7.71571,0.49,22.93,24.81714,-1.1,0.019,0.01129,0.005,0.01667,0.00986,0.005,139,139,0,2.94061,Low Risk
8.57,26.05,0.021,0.014,139,8.52667,7.88286,-0.18,24.72333,24.90857,2.54,0.018,0.01314,0.002,0.01633,0.01143,-0.006,139,139,0,3.03997,Low Risk
7.71,26.12,0.012,0.016,139,8.34333,7.72429,-0.86,25.22667,24.83286,0.07,0.01733,0.01414,-0.009,0.01667,0.01257,0.002,139,139,0,2.82083,Low Risk
7.19,23.04,0.001,0.003,139,7.82333,7.67714,-0.52,25.07,24.30571,-3.08,0.01133,0.01371,-0.011,0.011,0.01243,-0.013,139,139,0,2.81929,Low Risk
7.66,28.39,0.008,0.001,139,7.52,7.83714,0.47,25.85,24.62714,5.35,0.007,0.01414,0.007,0.00667,0.012,-0.002,139,139,0,2.74663,Low Risk
8.26,21.73,0.005,0.01,139,7.70333,8.05714,0.6,24.38667,24.77857,-6.66,0.00467,0.01143,-0.003,0.00467,0.01129,0.009,139,139,0,2.25247,Low Risk
8.41,20.06,0.022,0.007,139,8.11,8.07857,0.15,23.39333,24.12857,-1.67,0.01167,0.01257,0.017,0.006,0.01014,-0.003,139,139,0,2.59151,Low Risk
8.98,22.17,0.009,0.013,139,8.55,8.11143,0.57,21.32,23.93714,2.11,0.012,0.01114,-0.013,0.01,0.00914,0.006,139,139,0,2.73576,Low Risk
8.3,25.35,0.008,0.016,139,8.56333,8.07286,-0.68,22.52667,23.83714,3.18,0.013,0.00929,-0.001,0.012,0.00943,0.003,139,139,0,2.64613,Low Risk
7.64,23.42,0.014,0.012,139,8.30667,8.06286,-0.66,23.64667,23.45143,-1.93,0.01033,0.00957,0.006,0.01367,0.00886,-0.004,139,139,0,2.57161,Low Risk
7.78,21.66,0.005,0.001,139,7.90667,8.14714,0.14,23.47667,23.25429,-1.76,0.009,0.01014,-0.009,0.00967,0.00857,-0.011,139,139,0,2.38782,Low Risk
7.39,26.12,0.003,0.011,139,7.60333,8.10857,-0.39,23.73333,22.93,4.46,0.00733,0.00943,-0.002,0.008,0.01,0.01,139,139,0,2.17729,Low Risk
7.71,22.85,0.007,0.016,139,7.62667,8.03,0.32,23.54333,23.09,-3.27,0.005,0.00971,0.004,0.00933,0.01086,0.005,139,139,0,2.17365,Low Risk
8.28,23.02,0.01,0.01,139,7.79333,8.01143,0.57,23.99667,23.51286,0.17,0.00667,0.008,0.003,0.01233,0.01129,-0.006,139,139,0,1.91,Low Risk
8.55,25.01,0.018,0.019,139,8.18,7.95,0.27,23.62667,23.91857,1.99,0.01167,0.00929,0.008,0.015,0.01214,0.009,139,139,0,1.66261,Low Risk
8.34,25.29,0.011,0.011,139,8.39,7.95571,-0.21,24.44,23.91,0.28,0.013,0.00971,-0.007,0.01333,0.01143,-0.008,139,139,0,1.66963,Low Risk
8.87,20.14,0.015,0.019,139,8.58667,8.13143,0.53,23.48,23.44143,-5.15,0.01467,0.00986,0.004,0.01633,0.01243,0.008,139,139,0,2.12883,Low Risk
7.38,21.18,0.008,0.015,139,8.19667,8.07429,-1.49,22.20333,23.37286,1.04,0.01133,0.01029,-0.007,0.015,0.01443,-0.004,139,139,0,2.29043,Low Risk
8.17,21.39,0.018,0.02,139,8.14,8.18571,0.79,20.90333,22.69714,0.21,0.01367,0.01243,0.01,0.018,0.01571,0.005,139,139,0,1.98587,Low Risk
8.72,27.62,0.009,0.011,139,8.09,8.33,0.55,23.39667,23.37857,6.23,0.01167,0.01271,-0.009,0.01533,0.015,-0.009,139,139,0,2.33192,Low Risk
8.22,22.07,0.024,0.014,139,8.37,8.32143,-0.5,23.69333,23.24286,-5.55,0.017,0.01471,0.015,0.015,0.01557,0.003,139,139,0,2.36037,Low Risk
8.41,25.04,0.01,0.009,139,8.45,8.30143,0.19,24.91,23.24714,2.97,0.01433,0.01357,-0.014,0.01133,0.01414,-0.005,139,139,0,2.34582,Low Risk
7.88,22.34,0.012,0.005,139,8.17,8.23571,-0.53,23.15,22.82571,-2.7,0.01533,0.01371,0.002,0.00933,0.01329,-0.004,139,139,0,2.3235,Low Risk
6.67,26.62,0.016,0.004,139,7.65333,7.92143,-1.21,24.66667,23.75143,4.28,0.01267,0.01386,0.004,0.006,0.01114,-0.001,139,139,0,2.71992,Low Risk
7.94,26.42,0.019,0.018,139,7.49667,8.00143,1.27,25.12667,24.5,-0.2,0.01567,0.01543,0.003,0.009,0.01157,0.014,139,139,0,2.58056,Low Risk
7,28.5,0.006,0.014,139,7.20333,7.83429,-0.94,27.18,25.51571,2.08,0.01367,0.01371,-0.013,0.012,0.01071,-0.004,139,139,0,2.75338,Low Risk
7.8,28.74,0.005,0.002,139,7.58,7.70286,0.8,27.88667,25.67571,0.24,0.01,0.01314,-0.001,0.01133,0.00943,-0.012,139,139,0,2.62933,Low Risk
8.88,29.47,0.024,0.013,139,7.89333,7.79714,1.08,28.90333,26.73286,0.73,0.01167,0.01314,0.019,0.00967,0.00929,0.011,139,139,0,2.77757,Low Risk
6.8,28.09,0.02,0.018,139,7.82667,7.56714,-2.08,28.76667,27.16857,-1.38,0.01633,0.01457,-0.004,0.011,0.01057,0.005,139,139,0,2.79135,Low Risk
8.92,20.77,0.008,0.015,139,8.2,7.71571,2.12,26.11,26.94429,-7.32,0.01733,0.014,-0.012,0.01533,0.012,-0.003,139,139,0,3.36592,Low Risk
8.65,23,0.008,0.005,139,8.12333,7.99857,-0.27,23.95333,26.42714,2.23,0.012,0.01286,0,0.01267,0.01214,-0.01,139,139,0,3.40389,Low Risk
6.64,21.05,0.005,0.003,139,8.07,7.81286,-2.01,21.60667,25.66,-1.95,0.007,0.01086,-0.003,0.00767,0.01,-0.002,139,139,0,3.97555,Low Risk
8.53,27.03,0.017,0.005,139,7.94,8.03143,1.89,23.69333,25.45,5.98,0.01,0.01243,0.012,0.00433,0.00871,0.002,139,139,0,3.82344,Low Risk
7.19,24.53,0.005,0.013,139,7.45333,7.94429,-1.34,24.20333,24.84857,-2.5,0.009,0.01243,-0.012,0.007,0.01029,0.008,139,139,0,3.77894,Low Risk
6.55,23.5,0.007,0.01,139,7.42333,7.61143,-0.64,25.02,23.99571,-1.03,0.00967,0.01,0.002,0.00933,0.00986,-0.003,139,139,0,3.4933,Low Risk
7.39,28.05,0.016,0.01,139,7.04333,7.69571,0.84,25.36,23.99,4.55,0.00933,0.00943,0.009,0.011,0.00871,0,139,139,0,3.3784,Low Risk
8.08,20.57,0.003,0.006,139,7.34,7.57571,0.69,24.04,23.96143,-7.48,0.00867,0.00871,-0.013,0.00867,0.00743,-0.004,139,139,0,3.13752,Low Risk
7.4,21.88,0.002,0.013,139,7.62333,7.39714,-0.68,23.5,23.80143,1.31,0.007,0.00786,-0.001,0.00967,0.00857,0.007,139,139,0,2.90089,Low Risk
7.78,22.8,0.019,0.01,139,7.75333,7.56,0.38,21.75,24.05143,0.92,0.008,0.00986,0.017,0.00967,0.00957,-0.003,139,139,0,2.64883,Low Risk
9,27.53,0.008,0.013,139,8.06,7.62714,1.22,24.07,24.12286,4.73,0.00967,0.00857,-0.011,0.012,0.01071,0.003,139,139,0,2.95546,Low Risk
8.3,24.07,0.015,0.01,139,8.36,7.78571,-0.7,24.8,24.05714,-3.46,0.014,0.01,0.007,0.011,0.01029,-0.003,139,139,0,2.97133,Low Risk
8.69,23.18,0.012,0.007,139,8.66333,8.09143,0.39,24.92667,24.01143,-0.89,0.01167,0.01071,-0.003,0.01,0.00986,-0.003,139,139,0,2.6529,Low Risk
7.57,24.39,0.019,0.018,139,8.18667,8.11714,-1.12,23.88,23.48857,1.21,0.01533,0.01114,0.007,0.01167,0.011,0.011,139,139,0,2.29102,Low Risk
7.66,23.5,0.016,0.007,139,7.97333,8.05714,0.09,23.69,23.90714,-0.89,0.01567,0.013,-0.003,0.01067,0.01114,-0.011,139,139,0,2.13717,Low Risk
6.84,24.61,0.008,0.011,139,7.35667,7.97714,-0.82,24.16667,24.29714,1.11,0.01433,0.01386,-0.008,0.012,0.01086,0.004,139,139,0,2.26641,Low Risk
6.73,24.12,0.023,0.004,139,7.07667,7.82714,-0.11,24.07667,24.48571,-0.49,0.01567,0.01443,0.015,0.00733,0.01,-0.007,139,139,0,2.48052,Low Risk
7.7,29.47,0.012,0.019,139,7.09,7.64143,0.97,26.06667,24.76286,5.35,0.01433,0.015,-0.011,0.01133,0.01086,0.015,139,139,0,2.49449,Low Risk
8.83,29.48,0.003,0.017,139,7.75333,7.71714,1.13,27.69,25.53571,0.01,0.01267,0.01329,-0.009,0.01333,0.01186,-0.002,139,139,0,3.00485,Low Risk
7.62,24.6,0.02,0.004,139,8.05,7.56429,-1.21,27.85,25.73857,-4.88,0.01167,0.01443,0.017,0.01333,0.01143,-0.013,139,139,0,2.68355,Low Risk
7.28,23.7,0.023,0.01,139,7.91,7.52286,-0.34,25.92667,25.64,-0.9,0.01533,0.015,0.003,0.01033,0.01029,0.006,139,139,0,2.73734,Low Risk
7.11,23.37,0.016,0.001,139,7.33667,7.44429,-0.17,23.89,25.62143,-0.33,0.01967,0.015,-0.007,0.005,0.00943,-0.009,139,139,0,2.77193,Low Risk
8.85,24.88,0.009,0.008,139,7.74667,7.73143,1.74,23.98333,25.66,1.51,0.016,0.01514,-0.007,0.00633,0.009,0.007,139,139,0,2.98874,Low Risk
7.36,28.52,0.014,0.007,139,7.77333,7.82143,-1.49,25.59,26.28857,3.64,0.013,0.01386,0.005,0.00533,0.00943,-0.001,139,139,0,2.83536,Low Risk
8.67,20.68,0.002,0.007,139,8.29333,7.96,1.31,24.69333,25.03286,-7.84,0.00833,0.01243,-0.012,0.00733,0.00771,0,139,139,0,3.11221,Low Risk
8.83,25.26,0.009,0.001,139,8.28667,7.96,0.16,24.82,24.43,4.58,0.00833,0.01329,0.007,0.005,0.00543,-0.006,139,139,0,2.76697,Low Risk
7.34,23.29,0.023,0.005,139,8.28,7.92,-1.49,23.07667,24.24286,-1.97,0.01133,0.01371,0.014,0.00433,0.00557,0.004,139,139,0,2.83968,Low Risk
7.18,23.42,0.021,0.004,139,7.78333,7.90571,-0.16,23.99,24.20286,0.13,0.01767,0.01343,-0.002,0.00333,0.00471,-0.001,139,139,0,2.87312,Low Risk
7.82,27.31,0.005,0.004,139,7.44667,8.00714,0.64,24.67333,24.76571,3.89,0.01633,0.01186,-0.016,0.00433,0.00514,0,139,139,0,2.8386,Low Risk
8,28.33,0.02,0.014,139,7.66667,7.88571,0.18,26.35333,25.25857,1.02,0.01533,0.01343,0.015,0.00733,0.006,0.01,139,139,0,2.81124,Low Risk
7.91,27.08,0.007,0.004,139,7.91,7.96429,-0.09,27.57333,25.05286,-1.25,0.01067,0.01243,-0.013,0.00733,0.00557,-0.01,139,139,0,2.61696,Low Risk
6.81,21.58,0.016,0.007,139,7.57333,7.69857,-1.1,25.66333,25.18143,-5.5,0.01433,0.01443,0.009,0.00833,0.00557,0.003,139,139,0,2.58909,Low Risk
7.92,29.77,0.014,0.005,139,7.54667,7.56857,1.11,26.14333,25.82571,8.19,0.01233,0.01514,-0.002,0.00533,0.00614,-0.002,139,139,0,2.45883,Low Risk
7.68,25.6,0.014,0.01,139,7.47,7.61714,-0.24,25.65,26.15571,-4.17,0.01467,0.01386,0,0.00733,0.00686,0.005,139,139,0,2.33547,Low Risk
7.17,24.72,0.021,0.011,139,7.59,7.61571,-0.51,26.69667,26.34143,-0.88,0.01633,0.01386,0.007,0.00867,0.00786,0.001,139,139,0,2.25334,Low Risk
8.96,23.95,0.003,0.005,139,7.93667,7.77857,1.79,24.75667,25.86143,-0.77,0.01267,0.01357,-0.018,0.00867,0.008,-0.006,139,139,0,2.76705,Low Risk
7.03,20.84,0.022,0.003,139,7.72,7.64,-1.93,23.17,24.79143,-3.11,0.01533,0.01386,0.019,0.00633,0.00643,-0.002,139,139,0,3.0146,Low Risk
7.12,22.76,0.018,0.017,139,7.70333,7.52714,0.09,22.51667,24.17429,1.92,0.01433,0.01543,-0.004,0.00833,0.00829,0.014,139,139,0,2.98624,Low Risk
8.88,23.67,0.011,0.005,139,7.67667,7.82286,1.76,22.42333,24.47286,0.91,0.017,0.01471,-0.007,0.00833,0.008,-0.012,139,139,0,3.03492,Low Risk
8.36,27.97,0.005,0.011,139,8.12,7.88571,-0.52,24.8,24.21571,4.3,0.01133,0.01343,-0.006,0.011,0.00886,0.006,139,139,0,2.81722,Low Risk
7.78,20.12,0.004,0.013,139,8.34,7.9,-0.58,23.92,23.43286,-7.85,0.00667,0.012,-0.001,0.00967,0.00929,0.002,139,139,0,2.99404,Low Risk
7.64,22.3,0.018,0.017,139,7.92667,7.96714,-0.14,23.46333,23.08714,2.18,0.009,0.01157,0.014,0.01367,0.01014,0.004,139,139,0,2.87159,Low Risk
7.27,26.87,0.007,0.019,139,7.56333,7.72571,-0.37,23.09667,23.50429,4.57,0.00967,0.01214,-0.011,0.01633,0.01214,0.002,139,139,0,2.85142,Low Risk
8.28,20.37,0.014,0.011,139,7.73,7.90429,1.01,23.18,23.43714,-6.5,0.013,0.011,0.007,0.01567,0.01329,-0.008,139,139,0,2.78522,Low Risk
8.77,27.86,0.014,0.015,139,8.10667,8.14,0.49,25.03333,24.16571,7.49,0.01167,0.01043,0,0.015,0.013,0.004,139,139,0,2.91449,Low Risk
7.61,26.61,0.018,0.014,139,8.22,7.95857,-1.16,24.94667,24.58571,-1.25,0.01533,0.01143,0.004,0.01333,0.01429,-0.001,139,139,0,2.82243,Low Risk
8.44,27.55,0.025,0.019,139,8.27333,7.97,0.83,27.34,24.52571,0.94,0.019,0.01429,0.007,0.016,0.01543,0.005,139,139,0,2.81439,Low Risk
7.92,25.18,0.012,0.013,139,7.99,7.99,-0.52,26.44667,25.24857,-2.37,0.01833,0.01543,-0.013,0.01533,0.01543,-0.006,139,139,0,2.50154,Low Risk
6.76,29.9,0.019,0.011,139,7.70667,7.86429,-1.16,27.54333,26.33429,4.72,0.01867,0.01557,0.007,0.01433,0.01457,-0.002,139,139,0,2.91447,Low Risk
7.51,21.78,0.013,0.011,139,7.39667,7.89857,0.75,25.62,25.60714,-8.12,0.01467,0.01643,-0.006,0.01167,0.01343,0,139,139,0,3.07242,Low Risk
7.34,24.37,0.025,0.004,139,7.20333,7.76429,-0.17,25.35,26.17857,2.59,0.019,0.018,0.012,0.00867,0.01243,-0.007,139,139,0,2.69811,Low Risk
7.15,26.31,0.003,0.013,139,7.33333,7.53286,-0.19,24.15333,25.95714,1.94,0.01367,0.01643,-0.022,0.00933,0.01214,0.009,139,139,0,2.37708,Low Risk
7.66,26.74,0.024,0.004,139,7.38333,7.54,0.51,25.80667,25.97571,0.43,0.01733,0.01729,0.021,0.007,0.01071,-0.009,139,139,0,2.38413,Low Risk
7.94,29.17,0.003,0.013,139,7.58333,7.46857,0.28,27.40667,26.20714,2.43,0.01,0.01414,-0.021,0.01,0.00986,0.009,139,139,0,2.26394,Low Risk
8.64,29.08,0.003,0.009,139,8.08,7.57143,0.7,28.33,26.76429,-0.09,0.01,0.01286,0,0.00867,0.00929,-0.004,139,139,0,2.69388,Low Risk
6.57,20.64,0.023,0.013,139,7.71667,7.54429,-2.07,26.29667,25.44143,-8.44,0.00967,0.01343,0.02,0.01167,0.00957,0.004,139,139,0,2.98991,Low Risk
8.34,26.37,0.024,0.017,139,7.85,7.66286,1.77,25.36333,26.09714,5.73,0.01667,0.015,0.001,0.013,0.01043,0.004,139,139,0,2.91564,Low Risk
7.08,24.81,0.017,0.016,139,7.33,7.62571,-1.26,23.94,26.16,-1.56,0.02133,0.01386,-0.007,0.01533,0.01214,-0.001,139,139,0,2.9465,Low Risk
8.45,22.88,0.014,0.015,139,7.95667,7.81143,1.37,24.68667,25.67,-1.93,0.01833,0.01543,-0.003,0.016,0.01243,-0.001,139,139,0,3.11615,Low Risk
8.2,27.22,0.004,0.011,139,7.91,7.88857,-0.25,24.97,25.73857,4.34,0.01167,0.01257,-0.01,0.014,0.01343,-0.004,139,139,0,3.15106,Low Risk
6.91,25.05,0.017,0,139,7.85333,7.74143,-1.29,25.05,25.15,-2.17,0.01167,0.01457,0.013,0.00867,0.01157,-0.011,139,139,0,3.12228,Low Risk
7.13,26.77,0.01,0.016,139,7.41333,7.52571,0.22,26.34667,24.82,1.72,0.01033,0.01557,-0.007,0.009,0.01257,0.016,139,139,0,2.74464,Low Risk
8.94,28.02,0.015,0.016,139,7.66,7.86429,1.81,26.61333,25.87429,1.25,0.014,0.01443,0.005,0.01067,0.013,0,139,139,0,2.4976,Low Risk
8.43,26.83,0.025,0.013,139,8.16667,7.87714,-0.51,27.20667,25.94,-1.19,0.01667,0.01457,0.01,0.015,0.01243,-0.003,139,139,0,2.53224,Low Risk
8.62,21.15,0,0.001,139,8.66333,8.09714,0.19,25.33333,25.41714,-5.68,0.01333,0.01214,-0.025,0.01,0.01029,-0.012,139,139,0,2.8291,Low Risk
7.42,29.58,0.016,0.009,139,8.15667,7.95,-1.2,25.85333,26.37429,8.43,0.01367,0.01243,0.016,0.00767,0.00943,0.008,139,139,0,2.93976,Low Risk
8.19,23.36,0.004,0.006,139,8.07667,7.94857,0.77,24.69667,25.82286,-6.22,0.00667,0.01243,-0.012,0.00533,0.00871,-0.003,139,139,0,3.03248,Low Risk
7.58,23.18,0.02,0.009,139,7.73,8.04429,-0.61,25.37333,25.55571,-0.18,0.01333,0.01286,0.016,0.008,0.01,0.003,139,139,0,2.88752,Low Risk
8.13,26.68,0.002,0.02,139,7.96667,8.18714,0.55,24.40667,25.54286,3.5,0.00867,0.01171,-0.018,0.01167,0.01057,0.011,139,139,0,2.62101,Low Risk
8.2,21.47,0.008,0.019,139,7.97,8.08143,0.07,23.77667,24.60714,-5.21,0.01,0.01071,0.006,0.016,0.011,-0.001,139,139,0,2.45938,Low Risk
8.87,22.78,0.006,0.012,139,8.4,8.14429,0.67,23.64333,24.02857,1.31,0.00533,0.008,-0.002,0.017,0.01086,-0.007,139,139,0,2.56744,Low Risk
7.77,26.59,0.002,0.007,139,8.28,8.02286,-1.1,23.61333,24.80571,3.81,0.00533,0.00829,-0.004,0.01267,0.01171,-0.005,139,139,0,2.41981,Low Risk
7.61,25.42,0.007,0.019,139,8.08333,8.05,-0.16,24.93,24.21143,-1.17,0.005,0.007,0.005,0.01267,0.01314,0.012,139,139,0,1.92365,Low Risk
6.74,22.84,0.013,0.003,139,7.37333,7.84286,-0.87,24.95,24.13714,-2.58,0.00733,0.00829,0.006,0.00967,0.01271,-0.016,139,139,0,2.36633,Low Risk
7.62,29.76,0.01,0.005,139,7.32333,7.84857,0.88,26.00667,25.07714,6.92,0.01,0.00686,-0.003,0.009,0.01214,0.002,139,139,0,2.76836,Low Risk
8.54,25.75,0,0.005,139,7.63333,7.90714,0.92,26.11667,24.94429,-4.01,0.00767,0.00657,-0.01,0.00433,0.01,0,139,139,0,2.8285,Low Risk
7.53,27.27,0.003,0.013,139,7.89667,7.81143,-1.01,27.59333,25.77286,1.52,0.00433,0.00586,0.003,0.00767,0.00914,0.008,139,139,0,2.64641,Low Risk
8,28.79,0.023,0.001,139,8.02333,7.68714,0.47,27.27,26.63143,1.52,0.00867,0.00829,0.02,0.00633,0.00757,-0.012,139,139,0,2.24566,Low Risk
6.72,26.62,0.007,0.003,139,7.41667,7.53714,-1.28,27.56,26.63571,-2.17,0.011,0.009,-0.016,0.00567,0.007,0.002,139,139,0,2.46028,Low Risk
6.79,25.22,0.019,0.01,139,7.17,7.42,0.07,26.87667,26.60714,-1.4,0.01633,0.01071,0.012,0.00467,0.00571,0.007,139,139,0,2.58359,Low Risk
8.98,22.55,0.024,0.004,139,7.49667,7.74,2.19,24.79667,26.56571,-2.67,0.01667,0.01229,0.005,0.00567,0.00586,-0.006,139,139,0,2.89667,Low Risk
8.13,26.74,0.014,0.013,139,7.96667,7.81286,-0.85,24.83667,26.13429,4.19,0.019,0.01286,-0.01,0.009,0.007,0.009,139,139,0,2.69592,Low Risk
8.09,28.59,0.012,0.019,139,8.4,7.74857,-0.04,25.96,26.54,1.85,0.01667,0.01457,-0.002,0.012,0.009,0.006,139,139,0,2.6919,Low Risk
8.67,24.73,0.003,0.008,139,8.29667,7.91143,0.58,26.68667,26.17714,-3.86,0.00967,0.01457,-0.009,0.01333,0.00829,-0.011,139,139,0,2.84988,Low Risk
7.19,29.13,0.014,0.001,139,7.98333,7.79571,-1.48,27.48333,26.22571,4.4,0.00967,0.01329,0.011,0.00933,0.00829,-0.007,139,139,0,2.96182,Low Risk
8.16,20.62,0.017,0.009,139,8.00667,8.00143,0.97,24.82667,25.36857,-8.51,0.01133,0.01471,0.003,0.006,0.00914,0.008,139,139,0,3.10351,Low Risk
6.69,24.88,0.018,0.016,139,7.34667,7.98714,-1.47,24.87667,25.32,4.26,0.01633,0.01457,0.001,0.00867,0.01,0.007,139,139,0,3.15921,Low Risk
6.64,29.15,0.006,0.019,139,7.16333,7.65286,-0.05,24.88333,26.26286,4.27,0.01367,0.012,-0.012,0.01467,0.01214,0.003,139,139,0,3.1776,Low Risk
8.67,24.9,0.012,0.003,139,7.33333,7.73,2.03,26.31,26,-4.25,0.012,0.01171,0.006,0.01267,0.01071,-0.016,139,139,0,3.34422,Low Risk
8.72,24.84,0.014,0.008,139,8.01,7.82,0.05,26.29667,25.46429,-0.06,0.01067,0.012,0.002,0.01,0.00914,0.005,139,139,0,3.38802,Low Risk
8.95,22.74,0.011,0.012,139,8.78,7.86,0.23,24.16,25.18,-2.1,0.01233,0.01314,-0.003,0.00767,0.00971,0.004,139,139,0,3.56454,Low Risk
8.75,20.91,0.017,0.003,139,8.80667,8.08286,-0.2,22.83,24.00571,-1.83,0.014,0.01357,0.006,0.00767,0.01,-0.009,139,139,0,3.46752,Low Risk
6.82,26.66,0.023,0.014,139,8.17333,7.89143,-1.93,23.43667,24.86857,5.75,0.017,0.01443,0.006,0.00967,0.01071,0.011,139,139,0,3.53707,Low Risk
6.89,21.26,0.016,0.01,139,7.48667,7.92,0.07,22.94333,24.35143,-5.4,0.01867,0.01414,-0.007,0.009,0.00986,-0.004,139,139,0,3.634,Low Risk
8.53,21.09,0.004,0.008,139,7.41333,8.19,1.64,23.00333,23.2,-0.17,0.01433,0.01386,-0.012,0.01067,0.00829,-0.002,139,139,0,2.99353,Low Risk
7.8,24.43,0.006,0.02,139,7.74,8.06571,-0.73,22.26,23.13286,3.34,0.00867,0.013,0.002,0.01267,0.01071,0.012,139,139,0,2.93486,Low Risk
8.48,25.53,0.01,0.009,139,8.27,8.03143,0.68,23.68333,23.23143,1.1,0.00667,0.01243,0.004,0.01233,0.01086,-0.011,139,139,0,2.93602,Low Risk
8.02,29.63,0.008,0.016,139,8.1,7.89857,-0.46,26.53,24.21571,4.1,0.008,0.012,-0.002,0.015,0.01143,0.007,139,139,0,3.24172,Low Risk
8.42,25.72,0.014,0.011,139,8.30667,7.85143,0.4,26.96,24.90286,-3.91,0.01067,0.01157,0.006,0.012,0.01257,-0.005,139,139,0,2.98061,Low Risk
8.85,20.76,0.025,0.017,139,8.43,8.14143,0.43,25.37,24.06,-4.96,0.01567,0.01186,0.011,0.01467,0.013,0.006,139,139,0,2.94457,Low Risk
8.16,23.62,0.007,0.018,139,8.47667,8.32286,-0.69,23.36667,24.39714,2.86,0.01533,0.01057,-0.018,0.01533,0.01414,0.001,139,139,0,2.2361,Low Risk
8.34,20.19,0.014,0.016,139,8.45,8.29571,0.18,21.52333,24.26857,-3.43,0.01533,0.012,0.007,0.017,0.01529,-0.002,139,139,0,2.30077,Low Risk
7.13,24.64,0.007,0.018,139,7.87667,8.2,-1.21,22.81667,24.29857,4.45,0.00933,0.01214,-0.007,0.01733,0.015,0.002,139,139,0,2.69877,Low Risk
6.74,29.56,0.023,0.002,139,7.40333,7.95143,-0.39,24.79667,24.87429,4.92,0.01467,0.014,0.016,0.012,0.014,-0.016,139,139,0,3.40413,Low Risk
8.44,29.78,0.003,0.005,139,7.43667,8.01143,1.7,27.99333,24.89571,0.22,0.011,0.01329,-0.02,0.00833,0.01243,0.003,139,139,0,3.46746,Low Risk
8.27,21.43,0.012,0.013,139,7.81667,7.99,-0.17,26.92333,24.28286,-8.35,0.01267,0.013,0.009,0.00667,0.01271,0.008,139,139,0,3.53785,Low Risk
8.25,22.73,0.02,0.009,139,8.32,7.90429,-0.02,24.64667,24.56429,1.3,0.01167,0.01229,0.008,0.009,0.01157,-0.004,139,139,0,3.25488,Low Risk
7.07,29.71,0.021,0.014,139,7.86333,7.74857,-1.18,24.62333,25.43429,6.98,0.01767,0.01429,0.001,0.012,0.011,0.005,139,139,0,3.57656,Low Risk
8.8,27.72,0.009,0.003,139,8.04,7.81429,1.73,26.72,26.51,-1.99,0.01667,0.01357,-0.012,0.00867,0.00914,-0.011,139,139,0,3.40684,Low Risk
7.67,26.06,0.007,0.004,139,7.84667,7.89143,-1.13,27.83,26.71286,-1.66,0.01233,0.01357,-0.002,0.007,0.00714,0.001,139,139,0,3.26023,Low Risk
7.91,28.42,0.009,0.008,139,8.12667,8.05857,0.24,27.4,26.55,2.36,0.00833,0.01157,0.002,0.005,0.008,0.004,139,139,0,2.80923,Low Risk
8.09,26.79,0.025,0.007,139,7.89,8.00857,0.18,27.09,26.12286,-1.63,0.01367,0.01471,0.016,0.00633,0.00829,-0.001,139,139,0,2.60837,Low Risk
8.22,29.24,0.011,0.007,139,8.07333,8.00143,0.13,28.15,27.23857,2.45,0.015,0.01457,-0.014,0.00733,0.00743,0,139,139,0,2.27597,Low Risk
6.68,29.75,0.02,0.012,139,7.66333,7.77714,-1.54,28.59333,28.24143,0.51,0.01867,0.01457,0.009,0.00867,0.00786,0.005,139,139,0,2.1703,Low Risk
8.95,20.58,0.002,0.01,139,7.95,8.04571,2.27,26.52333,26.93714,-9.17,0.011,0.01186,-0.018,0.00967,0.00729,-0.002,139,139,0,3.07528,Low Risk
6.65,20.26,0.011,0.005,139,7.42667,7.73857,-2.3,23.53,25.87143,-0.32,0.011,0.01214,0.009,0.009,0.00757,-0.005,139,139,0,3.65268,Low Risk
7.2,27.1,0,0.02,139,7.6,7.67143,0.55,22.64667,26.02,6.84,0.00433,0.01114,-0.011,0.01167,0.00986,0.015,139,139,0,3.71887,Low Risk
7.65,26.4,0.01,0.011,139,7.16667,7.63429,0.45,24.58667,25.73143,-0.7,0.007,0.01129,0.01,0.012,0.01029,-0.009,139,139,0,3.63976,Low Risk
8.54,24.68,0.01,0.006,139,7.79667,7.69857,0.89,26.06,25.43,-1.72,0.00667,0.00914,0,0.01233,0.01014,-0.005,139,139,0,3.73865,Low Risk
6.94,25.57,0.014,0.008,139,7.71,7.51571,-1.6,25.55,24.90571,0.89,0.01133,0.00957,0.004,0.00833,0.01029,0.002,139,139,0,3.56364,Low Risk
6.57,20.94,0.022,0.016,139,7.35,7.5,-0.37,23.73,23.64714,-4.63,0.01533,0.00986,0.008,0.01,0.01086,0.008,139,139,0,3.35483,Low Risk
8.86,28.2,0.012,0,139,7.45667,7.48714,2.29,24.90333,24.73571,7.26,0.016,0.01129,-0.01,0.008,0.00943,-0.016,139,139,0,3.34909,Low Risk
7.47,23.75,0.019,0.002,139,7.63333,7.60429,-1.39,24.29667,25.23429,-4.45,0.01767,0.01243,0.007,0.006,0.009,0.002,139,139,0,2.87937,Low Risk
6.83,29.12,0.017,0.006,139,7.72,7.55143,-0.64,27.02333,25.52286,5.37,0.016,0.01486,-0.002,0.00267,0.007,0.004,139,139,0,3.13393,Low Risk
8.56,28.39,0.02,0.018,139,7.62,7.68143,1.73,27.08667,25.80714,-0.73,0.01867,0.01629,0.003,0.00867,0.008,0.012,139,139,0,3.39615,Low Risk
8.64,25.93,0.025,0.01,139,8.01,7.69571,0.08,27.81333,25.98571,-2.46,0.02067,0.01843,0.005,0.01133,0.00857,-0.008,139,139,0,3.40662,Low Risk
8.42,20.96,0.021,0.018,139,8.54,7.90714,-0.22,25.09333,25.32714,-4.97,0.022,0.01943,-0.004,0.01533,0.01,0.008,139,139,0,3.62956,Low Risk
8.72,22.38,0.005,0.005,139,8.59333,8.21429,0.3,23.09,25.53286,1.42,0.017,0.017,-0.016,0.011,0.00843,-0.013,139,139,0,3.14925,Low Risk
8.24,20.23,0.022,0.017,139,8.46,8.12571,-0.48,21.19,24.39429,-2.15,0.016,0.01843,0.017,0.01333,0.01086,0.012,139,139,0,3.18962,Low Risk
8.13,21.54,0.003,0.012,139,8.36333,8.22,-0.11,21.38333,24.07857,1.31,0.01,0.01614,-0.019,0.01133,0.01229,-0.005,139,139,0,3.15462,Low Risk
7.59,28.8,0.01,0.012,139,7.98667,8.32857,-0.54,23.52333,24.03286,7.26,0.01167,0.01514,0.007,0.01367,0.01314,0,139,139,0,2.59919,Low Risk
7.74,21.19,0.003,0.012,139,7.82,8.21143,0.15,23.84333,23.00429,-7.61,0.00533,0.01271,-0.007,0.012,0.01229,0,139,139,0,2.45553,Low Risk
7.68,28.6,0.024,0.007,139,7.67,8.07429,-0.06,26.19667,23.38571,7.41,0.01233,0.01257,0.021,0.01033,0.01186,-0.005,139,139,0,2.70678,Low Risk
7.96,28.65,0.002,0.009,139,7.79333,8.00857,0.28,26.14667,24.48429,0.05,0.00967,0.00986,-0.022,0.00933,0.01057,0.002,139,139,0,2.79622,Low Risk
8.3,28.95,0.019,0.006,139,7.98,7.94857,0.34,28.73333,25.42286,0.3,0.015,0.01186,0.017,0.00733,0.01071,-0.003,139,139,0,2.67313,Low Risk
7.81,20.12,0.019,0.001,139,8.02333,7.88714,-0.49,25.90667,25.40714,-8.83,0.01333,0.01143,0,0.00533,0.00843,-0.005,139,139,0,2.62687,Low Risk
7.26,27.96,0.008,0.005,139,7.79,7.76286,-0.55,25.67667,26.32429,7.84,0.01533,0.01214,-0.011,0.004,0.00743,0.004,139,139,0,2.60869,Low Risk
7.51,21.82,0.01,0.012,139,7.52667,7.75143,0.25,23.3,25.32714,-6.14,0.01233,0.01214,0.002,0.006,0.00743,0.007,139,139,0,2.70115,Low Risk
7.35,20.32,0.014,0.009,139,7.37333,7.69571,-0.16,23.36667,25.20286,-1.5,0.01067,0.01371,0.004,0.00867,0.007,-0.003,139,139,0,2.84534,Low Risk
7.17,21.63,0.011,0.009,139,7.34333,7.62286,-0.18,21.25667,24.20714,1.31,0.01167,0.01186,-0.003,0.01,0.00729,0,139,139,0,2.88736,Low Risk
7.6,25.48,0.003,0.002,139,7.37333,7.57143,0.43,22.47667,23.75429,3.85,0.00933,0.012,-0.008,0.00667,0.00629,-0.007,139,139,0,2.62222,Low Risk
6.76,27.68,0.019,0.001,139,7.17667,7.35143,-0.84,24.93,23.57286,2.2,0.011,0.012,0.016,0.004,0.00557,-0.001,139,139,0,2.3859,Low Risk
6.86,27.8,0.017,0.017,139,7.07333,7.21571,0.1,26.98667,24.67,0.12,0.013,0.01171,-0.002,0.00667,0.00786,0.016,139,139,0,2.30453,Low Risk
8.65,23.49,0.021,0.003,139,7.42333,7.41429,1.79,26.32333,24.03143,-4.31,0.019,0.01357,0.004,0.007,0.00757,-0.014,139,139,0,2.77392,Low Risk
7.91,27.08,0.023,0.003,139,7.80667,7.47143,-0.74,26.12333,24.78286,3.59,0.02033,0.01543,0.002,0.00767,0.00629,0,139,139,0,2.83694,Low Risk
6.75,23.31,0.012,0.013,139,7.77,7.38571,-1.16,24.62667,25.21,-3.77,0.01867,0.01514,-0.011,0.00633,0.00686,0.01,139,139,0,2.65768,Low Risk
8.08,26.16,0.021,0.002,139,7.58,7.51571,1.33,25.51667,25.85714,2.85,0.01867,0.01657,0.009,0.006,0.00586,-0.011,139,139,0,2.44308,Low Risk
7.7,24.59,0.002,0.015,139,7.51,7.53,-0.38,24.68667,25.73,-1.57,0.01167,0.01643,-0.019,0.01,0.00771,0.013,139,139,0,2.47905,Low Risk
8.64,22.19,0.007,0.01,139,8.14,7.79857,0.94,24.31333,24.94571,-2.4,0.01,0.01471,0.005,0.009,0.009,-0.005,139,139,0,2.60126,Low Risk
8.8,24.32,0.002,0.005,139,8.38,8.07571,0.16,23.7,24.44857,2.13,0.00367,0.01257,-0.005,0.01,0.00729,-0.005,139,139,0,2.30243,Low Risk
7.31,26.39,0.009,0.003,139,8.25,7.88429,-1.49,24.3,24.86286,2.07,0.006,0.01086,0.007,0.006,0.00729,-0.002,139,139,0,2.34058,Low Risk
8.88,28.31,0.02,0.002,139,8.33,8.02286,1.57,26.34,25.03857,1.92,0.01033,0.01043,0.011,0.00333,0.00714,-0.001,139,139,0,2.6723,Low Risk
8.33,27.09,0.018,0.001,139,8.17333,8.24857,-0.55,27.26333,25.57857,-1.22,0.01567,0.01129,-0.002,0.002,0.00543,-0.001,139,139,0,2.20834,Low Risk
6.72,21.8,0.024,0.016,139,7.97667,8.05429,-1.61,25.73333,24.95571,-5.29,0.02067,0.01171,0.006,0.00633,0.00743,0.015,139,139,0,2.8994,Low Risk
7.41,25.8,0.023,0.002,139,7.48667,8.01286,0.69,24.89667,25.12857,4,0.02167,0.01471,-0.001,0.00633,0.00557,-0.014,139,139,0,2.96004,Low Risk
7.56,27.78,0.002,0.009,139,7.23,7.85857,0.15,25.12667,25.92714,1.98,0.01633,0.014,-0.021,0.009,0.00543,0.007,139,139,0,2.78391,Low Risk
8.96,27.59,0.003,0.017,139,7.97667,7.88143,1.4,27.05667,26.39429,-0.19,0.00933,0.01414,0.001,0.00933,0.00714,0.008,139,139,0,2.82266,Low Risk
8.45,22.51,0.001,0.013,139,8.32333,8.04429,-0.51,25.96,25.84,-5.08,0.002,0.013,-0.002,0.013,0.00857,-0.004,139,139,0,3.01039,Low Risk
7.89,23.44,0.015,0.016,139,8.43333,7.90286,-0.56,24.51333,25.14429,0.93,0.00633,0.01229,0.014,0.01533,0.01057,0.003,139,139,0,2.77782,Low Risk
8.08,27.31,0.021,0.02,139,8.14,7.86714,0.19,24.42,25.17571,3.87,0.01233,0.01271,0.006,0.01633,0.01329,0.004,139,139,0,2.75717,Low Risk
6.73,22.87,0.015,0.014,139,7.56667,7.86857,-1.35,24.54,25.32857,-4.44,0.017,0.01143,-0.006,0.01667,0.013,-0.006,139,139,0,2.64332,Low Risk
8.18,24.44,0.009,0.007,139,7.66333,7.97857,1.45,24.87333,25.13429,1.57,0.015,0.00943,-0.006,0.01367,0.01371,-0.007,139,139,0,2.59958,Low Risk
6.58,28.4,0.024,0.014,139,7.16333,7.83857,-1.6,25.23667,25.22286,3.96,0.016,0.01257,0.015,0.01167,0.01443,0.007,139,139,0,3.00999,Low Risk
7.89,29.84,0.007,0.016,139,7.55,7.68571,1.31,27.56,25.54429,1.44,0.01333,0.01314,-0.017,0.01233,0.01429,0.002,139,139,0,2.94563,Low Risk
8.98,26.15,0.024,0.002,139,7.81667,7.76143,1.09,28.13,26.06429,-3.69,0.01833,0.01643,0.017,0.01067,0.01271,-0.014,139,139,0,3.00487,Low Risk
7.16,21.77,0.014,0.001,139,8.01,7.65714,-1.82,25.92,25.82571,-4.38,0.015,0.01629,-0.01,0.00633,0.01057,-0.001,139,139,0,3.22453,Low Risk
7.32,20.64,0.011,0.015,139,7.82,7.54857,0.16,22.85333,24.87286,-1.13,0.01633,0.01486,-0.003,0.006,0.00986,0.014,139,139,0,3.43536,Low Risk
9,26.86,0.022,0.017,139,7.82667,7.87286,1.68,23.09,25.44286,6.22,0.01567,0.01586,0.011,0.011,0.01029,0.002,139,139,0,3.53938,Low Risk
8.15,22.3,0.013,0.007,139,8.15667,7.86857,-0.85,23.26667,25.13714,-4.56,0.01533,0.01643,-0.009,0.013,0.01029,-0.01,139,139,0,3.63392,Low Risk
7.05,26.65,0.023,0.014,139,8.06667,7.93571,-1.1,25.27,24.88714,4.35,0.01933,0.01629,0.01,0.01267,0.01029,0.007,139,139,0,3.33176,Low Risk
7.92,28.44,0.023,0.012,139,7.70667,7.94,0.87,25.79667,24.68714,1.79,0.01967,0.01857,0,0.011,0.00971,-0.002,139,139,0,3.17041,Low Risk
7.38,27.35,0.003,0.004,139,7.45,7.71143,-0.54,27.48,24.85857,-1.09,0.01633,0.01557,-0.02,0.01,0.01,-0.008,139,139,0,2.98856,Low Risk
6.61,29,0.018,0.013,139,7.30333,7.63286,-0.77,28.26333,25.89143,1.65,0.01467,0.01614,0.015,0.00967,0.01171,0.009,139,139,0,3.1845,Low Risk
8.76,22.44,0.017,0.007,139,7.58333,7.83857,2.15,26.26333,26.14857,-6.56,0.01267,0.017,-0.001,0.008,0.01057,-0.006,139,139,0,3.13002,Low Risk
7.12,28.84,0.019,0.008,139,7.49667,7.57,-1.64,26.76,26.43143,6.4,0.018,0.01657,0.002,0.00933,0.00929,0.001,139,139,0,2.9464,Low Risk
6.59,20.46,0.003,0.016,139,7.49,7.34714,-0.53,23.91333,26.16857,-8.38,0.013,0.01514,-0.016,0.01033,0.01057,0.008,139,139,0,3.25109,Low Risk
6.84,24.93,0.024,0.014,139,6.85,7.31714,0.25,24.74333,25.92286,4.47,0.01533,0.01529,0.021,0.01267,0.01057,-0.002,139,139,0,3.29692,Low Risk
7.13,25.8,0.017,0.006,139,6.85333,7.20429,0.29,23.73,25.54571,0.87,0.01467,0.01443,-0.007,0.012,0.00971,-0.008,139,139,0,3.1128,Low Risk
7.45,29.49,0.022,0.002,139,7.14,7.21429,0.32,26.74,25.85143,3.69,0.021,0.01714,0.005,0.00733,0.00943,-0.004,139,139,0,3.26094,Low Risk
8.84,26.32,0.001,0.007,139,7.80667,7.53286,1.39,27.20333,25.46857,-3.17,0.01333,0.01471,-0.021,0.005,0.00857,0.005,139,139,0,3.44897,Low Risk
6.59,24.73,0.012,0.017,139,7.62667,7.22286,-2.25,26.84667,25.79571,-1.59,0.01167,0.014,0.011,0.00867,0.01,0.01,139,139,0,3.06818,Low Risk
7.45,21.22,0.012,0.018,139,7.62667,7.27,0.86,24.09,24.70714,-3.51,0.00833,0.013,0,0.014,0.01143,0.001,139,139,0,3.11945,Low Risk
6.95,22.8,0.015,0.02,139,6.99667,7.32143,-0.5,22.91667,25.04143,1.58,0.013,0.01471,0.003,0.01833,0.012,0.002,139,139,0,2.81279,Low Risk
6.59,27.69,0.023,0.009,139,6.99667,7.28571,-0.36,23.90333,25.43571,4.89,0.01667,0.01457,0.008,0.01567,0.01129,-0.011,139,139,0,2.96764,Low Risk
8.69,27.51,0.019,0.004,139,7.41,7.50857,2.1,26,25.68,-0.18,0.019,0.01486,-0.004,0.011,0.011,-0.005,139,139,0,3.336,Low Risk
8.93,20.18,0.022,0.007,139,8.07,7.72,0.24,25.12667,24.35,-7.33,0.02133,0.01486,0.003,0.00667,0.01171,0.003,139,139,0,3.66706,Low Risk
7.95,28.48,0.004,0.008,139,8.52333,7.59286,-0.98,25.39,24.65857,8.3,0.015,0.01529,-0.018,0.00633,0.01186,0.001,139,139,0,3.61349,Low Risk
7.42,29.02,0.002,0.004,139,8.1,7.71143,-0.53,25.89333,25.27143,0.54,0.00933,0.01386,-0.002,0.00633,0.01,-0.004,139,139,0,3.6138,Low Risk
8.78,26.76,0.007,0.017,139,8.05,7.90143,1.36,28.08667,26.06286,-2.26,0.00433,0.01314,0.005,0.00967,0.00986,0.013,139,139,0,3.54571,Low Risk
8.09,20.41,0.005,0.007,139,8.09667,8.06429,-0.69,25.39667,25.72143,-6.35,0.00467,0.01171,-0.002,0.00933,0.008,-0.01,139,139,0,3.59089,Low Risk
7.68,24.95,0.008,0.009,139,8.18333,8.22,-0.41,24.04,25.33,4.54,0.00667,0.00957,0.003,0.011,0.008,0.002,139,139,0,3.02691,Low Risk
8.73,26.87,0.017,0.007,139,8.16667,8.22571,1.05,24.07667,25.23857,1.92,0.01,0.00929,0.009,0.00767,0.00843,-0.002,139,139,0,3.00935,Low Risk
6.95,20.37,0.012,0.003,139,7.78667,7.94286,-1.78,24.06333,25.26571,-6.5,0.01233,0.00786,-0.005,0.00633,0.00786,-0.004,139,139,0,3.13431,Low Risk
8.5,22.51,0.005,0.005,139,8.06,8.02143,1.55,23.25,24.41286,2.14,0.01133,0.008,-0.007,0.005,0.00743,0.002,139,139,0,3.10566,Low Risk
8.78,23.16,0.021,0.012,139,8.07667,8.21571,0.28,22.01333,23.57571,0.65,0.01267,0.01071,0.016,0.00667,0.00857,0.007,139,139,0,2.76128,Low Risk
8.48,21.67,0.006,0.016,139,8.58667,8.17286,-0.3,22.44667,22.84857,-1.49,0.01067,0.01057,-0.015,0.011,0.00843,0.004,139,139,0,2.53081,Low Risk
8.53,24.6,0.018,0.005,139,8.59667,8.23571,0.05,23.14333,23.44714,2.93,0.015,0.01243,0.012,0.011,0.00814,-0.011,139,139,0,2.45612,Low Risk
8.02,29.18,0.017,0,139,8.34333,8.28429,-0.51,25.15,24.05143,4.58,0.01367,0.01371,-0.001,0.007,0.00686,-0.005,139,139,0,2.82809,Low Risk
8.75,20.49,0.006,0.012,139,8.43333,8.28714,0.73,24.75667,23.14,-8.69,0.01367,0.01214,-0.011,0.00567,0.00757,0.012,139,139,0,2.81903,Low Risk
6.57,22.82,0.019,0.003,139,7.78,8.23286,-2.18,24.16333,23.49,2.33,0.014,0.01314,0.013,0.005,0.00757,-0.009,139,139,0,2.96888,Low Risk
7.08,28.15,0.022,0.003,139,7.46667,8.03,0.51,23.82,24.29571,5.33,0.01567,0.01557,0.003,0.006,0.00729,0,139,139,0,3.38704,Low Risk
8.86,28.93,0.018,0.012,139,7.50333,8.04143,1.78,26.63333,25.12,0.78,0.01967,0.01514,-0.004,0.006,0.00729,0.009,139,139,0,3.59692,Low Risk
8.1,27.9,0.01,0.014,139,8.01333,7.98714,-0.76,28.32667,26.01,-1.03,0.01667,0.01571,-0.008,0.00967,0.007,0.002,139,139,0,3.44014,Low Risk
7.77,20.23,0.018,0.015,139,8.24333,7.87857,-0.33,25.68667,25.38571,-7.67,0.01533,0.01571,0.008,0.01367,0.00843,0.001,139,139,0,3.69655,Low Risk
8.05,20.79,0.024,0.018,139,7.97333,7.88286,0.28,22.97333,24.18714,0.56,0.01733,0.01671,0.006,0.01567,0.011,0.003,139,139,0,3.66542,Low Risk
7.74,29.21,0.023,0.017,139,7.85333,7.73857,-0.31,23.41,25.43286,8.42,0.02167,0.01914,-0.001,0.01667,0.01171,-0.001,139,139,0,3.48333,Low Risk
8.03,25.14,0.014,0.006,139,7.94,7.94714,0.29,25.04667,25.76429,-4.07,0.02033,0.01843,-0.009,0.01367,0.01214,-0.011,139,139,0,2.98874,Low Risk
6.78,20.42,0.001,0.01,139,7.51667,7.90429,-1.25,24.92333,24.66,-4.72,0.01267,0.01543,-0.013,0.011,0.01314,0.004,139,139,0,3.31768,Low Risk
7.09,27.91,0.002,0.007,139,7.3,7.65143,0.31,24.49,24.51429,7.49,0.00567,0.01314,0.001,0.00767,0.01243,-0.003,139,139,0,3.03491,Low Risk
6.54,27.28,0.005,0.015,139,6.80333,7.42857,-0.55,25.20333,24.42571,-0.63,0.00267,0.01243,0.003,0.01067,0.01257,0.008,139,139,0,3.19659,Low Risk
8.57,20.95,0.009,0.016,139,7.4,7.54286,2.03,25.38,24.52857,-6.33,0.00533,0.01114,0.004,0.01267,0.01271,0.001,139,139,0,3.40185,Low Risk
7.73,27.89,0.014,0.012,139,7.61333,7.49714,-0.84,25.37333,25.54286,6.94,0.00933,0.00971,0.005,0.01433,0.01186,-0.004,139,139,0,3.23226,Low Risk
7.78,27.07,0.017,0.014,139,8.02667,7.50286,0.05,25.30333,25.23714,-0.82,0.01333,0.00886,0.003,0.014,0.01143,0.002,139,139,0,3.08949,Low Risk
7.07,23.9,0.023,0.004,139,7.52667,7.36571,-0.71,26.28667,25.06,-3.17,0.018,0.01014,0.006,0.01,0.01114,-0.01,139,139,0,3.06116,Low Risk
6.96,29.06,0.019,0.004,139,7.27,7.39143,-0.11,26.67667,26.29429,5.16,0.01967,0.01271,-0.004,0.00733,0.01029,0,139,139,0,2.79589,Low Risk
8.8,21.27,0.022,0.014,139,7.61,7.63571,1.84,24.74333,25.34571,-7.79,0.02133,0.01557,0.003,0.00733,0.01129,0.01,139,139,0,3.33951,Low Risk
8.86,24.6,0.016,0.018,139,8.20667,7.96714,0.06,24.97667,24.96286,3.33,0.019,0.01714,-0.006,0.012,0.01171,0.004,139,139,0,3.18546,Low Risk
7.89,25.27,0.003,0.005,139,8.51667,7.87,-0.97,23.71333,25.58,0.67,0.01367,0.01629,-0.013,0.01233,0.01014,-0.013,139,139,0,2.83061,Low Risk
8.06,26.14,0,0.017,139,8.27,7.91714,0.17,25.33667,25.33,0.87,0.00633,0.01429,-0.003,0.01333,0.01086,0.012,139,139,0,2.74688,Low Risk
8.06,20.52,0.004,0.003,139,8.00333,7.95714,0,23.97667,24.39429,-5.62,0.00233,0.01243,0.004,0.00833,0.00929,-0.014,139,139,0,2.96269,Low Risk
7.23,20.22,0.016,0.013,139,7.78333,7.98,-0.83,22.29333,23.86857,-0.3,0.00667,0.01143,0.012,0.011,0.01057,0.01,139,139,0,3.10531,Low Risk
8.75,21.11,0.02,0.019,139,8.01333,8.23571,1.52,20.61667,22.73286,0.89,0.01333,0.01157,0.004,0.01167,0.01271,0.006,139,139,0,2.46973,Low Risk
6.55,25.55,0.011,0.016,139,7.51,7.91429,-2.2,22.29333,23.34429,4.44,0.01567,0.01,-0.009,0.016,0.013,-0.003,139,139,0,2.94354,Low Risk
6.92,26.05,0.02,0.012,139,7.40667,7.63714,0.37,24.23667,23.55143,0.5,0.017,0.01057,0.009,0.01567,0.01214,-0.004,139,139,0,2.93557,Low Risk
7.86,27.84,0.001,0.011,139,7.11,7.63286,0.94,26.48,23.91857,1.79,0.01067,0.01029,-0.019,0.013,0.013,-0.001,139,139,0,3.13604,Low Risk
6.76,29.55,0.001,0,139,7.18,7.44714,-1.1,27.81333,24.40571,1.71,0.00733,0.01043,0,0.00767,0.01057,-0.011,139,139,0,3.50839,Low Risk
6.6,21.94,0.01,0.012,139,7.07333,7.23857,-0.16,26.44333,24.60857,-7.61,0.004,0.01129,0.009,0.00767,0.01186,0.012,139,139,0,3.40973,Low Risk
7.31,24.67,0.008,0.005,139,6.89,7.25,0.71,25.38667,25.24429,2.73,0.00633,0.01014,-0.002,0.00567,0.01071,-0.007,139,139,0,3.13043,Low Risk
8.8,29.11,0.008,0.006,139,7.57,7.25714,1.49,25.24,26.38714,4.44,0.00867,0.00843,0,0.00767,0.00886,0.001,139,139,0,2.99361,Low Risk
8.26,24.16,0.006,0.014,139,8.12333,7.50143,-0.54,25.98,26.18857,-4.95,0.00733,0.00771,-0.002,0.00833,0.00857,0.008,139,139,0,3.07184,Low Risk
8.1,22.98,0.022,0.01,139,8.38667,7.67,-0.16,25.41667,25.75,-1.18,0.012,0.008,0.016,0.01,0.00829,-0.004,139,139,0,3.16393,Low Risk
6.72,22.57,0.012,0.019,139,7.69333,7.50714,-1.38,23.23667,24.99714,-0.41,0.01333,0.00957,-0.01,0.01433,0.00943,0.009,139,139,0,3.32104,Low Risk
7.08,28.32,0.001,0.001,139,7.3,7.55286,0.36,24.62333,24.82143,5.75,0.01167,0.00957,-0.011,0.01,0.00957,-0.018,139,139,0,3.10609,Low Risk
7.3,26.95,0.018,0.019,139,7.03333,7.65286,0.22,25.94667,25.53714,-1.37,0.01033,0.01071,0.017,0.013,0.01057,0.018,139,139,0,2.80228,Low Risk
7.52,20.06,0.016,0.005,139,7.3,7.68286,0.22,25.11,24.87857,-6.89,0.01167,0.01186,-0.002,0.00833,0.01057,-0.014,139,139,0,3.14677,Low Risk
6.77,26.37,0.024,0.019,139,7.19667,7.39286,-0.75,24.46,24.48714,6.31,0.01933,0.01414,0.008,0.01433,0.01243,0.014,139,139,0,2.67475,Low Risk
8.29,28.15,0.017,0.013,139,7.52667,7.39714,1.52,24.86,25.05714,1.78,0.019,0.01571,-0.007,0.01233,0.01229,-0.006,139,139,0,2.83898,Low Risk
8.59,26.61,0.007,0.009,139,7.88333,7.46714,0.3,27.04333,25.57571,-1.54,0.016,0.01357,-0.01,0.01367,0.01214,-0.004,139,139,0,3.0112,Low Risk
8.27,23.35,0.019,0.016,139,8.38333,7.68857,-0.32,26.03667,25.68714,-3.26,0.01433,0.01457,0.012,0.01267,0.01171,0.007,139,139,0,2.89412,Low Risk
8.36,29.59,0.002,0,139,8.40667,7.87143,0.09,26.51667,25.86857,6.24,0.00933,0.01471,-0.017,0.00833,0.01157,-0.016,139,139,0,2.96536,Low Risk
8.34,25.35,0.007,0.003,139,8.32333,8.02,-0.02,26.09667,25.64,-4.24,0.00933,0.01314,0.005,0.00633,0.00929,0.003,139,139,0,2.88347,Low Risk
6.53,25.67,0.008,0.014,139,7.74333,7.87857,-1.81,26.87,26.44143,0.32,0.00567,0.012,0.001,0.00567,0.01057,0.011,139,139,0,2.71759,Low Risk
7.96,21.16,0.005,0.011,139,7.61,8.04857,1.43,24.06,25.69714,-4.51,0.00667,0.00929,-0.003,0.00933,0.00943,-0.003,139,139,0,2.81959,Low Risk
8.24,25.09,0.015,0.011,139,7.57667,8.04143,0.28,23.97333,25.26,3.93,0.00933,0.009,0.01,0.012,0.00914,0,139,139,0,2.70686,Low Risk
6.52,28.15,0.014,0.01,139,7.57333,7.74571,-1.72,24.8,25.48,3.06,0.01133,0.01,-0.001,0.01067,0.00929,-0.001,139,139,0,3.10633,Low Risk
7.8,26.32,0,0.002,139,7.52,7.67857,1.28,26.52,25.90429,-1.83,0.00967,0.00729,-0.014,0.00767,0.00729,-0.008,139,139,0,2.96679,Low Risk
8.59,21.3,0.017,0.011,139,7.63667,7.71143,0.79,25.25667,24.72,-5.02,0.01033,0.00943,0.017,0.00767,0.00886,0.009,139,139,0,3.00465,Low Risk
6.64,25.33,0.007,0.007,139,7.67667,7.46857,-1.95,24.31667,24.71714,4.03,0.008,0.00943,-0.01,0.00667,0.00943,-0.004,139,139,0,3.06968,Low Risk
7.45,29.51,0.012,0.016,139,7.56,7.6,0.81,25.38,25.26571,4.18,0.012,0.01,0.005,0.01133,0.00971,0.009,139,139,0,3.15844,Low Risk
7.8,20.78,0.01,0.01,139,7.29667,7.57714,0.35,25.20667,25.21143,-8.73,0.00967,0.01071,-0.002,0.011,0.00957,-0.006,139,139,0,3.1798,Low Risk
8.57,24.37,0.016,0.02,139,7.94,7.62429,0.77,24.88667,25.10857,3.59,0.01267,0.01086,0.006,0.01533,0.01086,0.01,139,139,0,3.29862,Low Risk
8.82,27.82,0.016,0.001,139,8.39667,7.95286,0.25,24.32333,25.06143,3.45,0.014,0.01114,0,0.01033,0.00957,-0.019,139,139,0,3.16067,Low Risk
7.85,21.64,0.002,0.004,139,8.41333,7.96,-0.97,24.61,24.39286,-6.18,0.01133,0.01143,-0.014,0.00833,0.00986,0.003,139,139,0,3.24486,Low Risk
7.67,26.93,0.016,0.011,139,8.11333,7.82857,-0.18,25.46333,25.19714,5.29,0.01133,0.01129,0.014,0.00533,0.00986,0.007,139,139,0,3.05065,Low Risk
7.78,24.35,0.012,0.006,139,7.76667,7.99143,0.11,24.30667,25.05714,-2.58,0.01,0.012,-0.004,0.007,0.00971,-0.005,139,139,0,2.62254,Low Risk
8.85,28.2,0,0.007,139,8.1,8.19143,1.07,26.49333,24.87,3.85,0.00933,0.01029,-0.012,0.008,0.00843,0.001,139,139,0,2.54076,Low Risk
6.67,25.54,0,0.01,139,7.76667,8.03,-2.18,26.03,25.55,-2.66,0.004,0.00886,0,0.00767,0.00843,0.003,139,139,0,2.73647,Low Risk
6.91,27.88,0.012,0.018,139,7.47667,7.79286,0.24,27.20667,26.05143,2.34,0.004,0.00829,0.012,0.01167,0.00814,0.008,139,139,0,2.89279,Low Risk
8.43,22.68,0.02,0.01,139,7.33667,7.73714,1.52,25.36667,25.31714,-5.2,0.01067,0.00886,0.008,0.01267,0.00943,-0.008,139,139,0,2.83078,Low Risk
8.3,25.29,0.018,0.001,139,7.88,7.80143,-0.13,25.28333,25.83857,2.61,0.01667,0.01114,-0.002,0.00967,0.009,-0.009,139,139,0,2.6053,Low Risk
8.29,26.49,0.006,0.004,139,8.34,7.89,-0.01,24.82,25.77571,1.2,0.01467,0.00971,-0.012,0.005,0.008,0.003,139,139,0,2.62255,Low Risk
8.21,21.81,0.01,0.008,139,8.26667,7.95143,-0.08,24.53,25.41286,-4.68,0.01133,0.00943,0.004,0.00433,0.00829,0.004,139,139,0,2.87851,Low Risk
7.41,21.98,0.018,0.013,139,7.97,7.74571,-0.8,23.42667,24.52429,0.17,0.01133,0.012,0.008,0.00833,0.00914,0.005,139,139,0,2.6778,Low Risk
6.58,21.56,0.007,0.01,139,7.4,7.73286,-0.83,21.78333,23.95571,-0.42,0.01167,0.013,-0.011,0.01033,0.00914,-0.003,139,139,0,2.81183,Low Risk
8.75,29.86,0.022,0.019,139,7.58,7.99571,2.17,24.46667,24.23857,8.3,0.01567,0.01443,0.015,0.014,0.00929,0.009,139,139,0,3.06274,Low Risk
6.5,22.51,0.002,0.018,139,7.27667,7.72,-2.25,24.64333,24.21429,-7.35,0.01033,0.01186,-0.02,0.01567,0.01043,-0.001,139,139,0,3.37948,Low Risk
8.8,23.73,0.016,0.013,139,8.01667,7.79143,2.3,25.36667,23.99143,1.22,0.01333,0.01157,0.014,0.01667,0.01214,-0.005,139,139,0,3.50373,Low Risk
7.36,24.79,0.015,0.017,139,7.55333,7.65857,-1.44,23.67667,23.74857,1.06,0.011,0.01286,-0.001,0.016,0.014,0.004,139,139,0,3.38765,Low Risk
7.07,23.04,0.02,0.017,139,7.74333,7.49571,-0.29,23.85333,23.92429,-1.75,0.017,0.01429,0.005,0.01567,0.01529,0,139,139,0,3.31293,Low Risk
7.41,27.11,0.015,0.007,139,7.28,7.49571,0.34,24.98,24.65714,4.07,0.01667,0.01386,-0.005,0.01367,0.01443,-0.01,139,139,0,3.35045,Low Risk
7.95,24.71,0.021,0.008,139,7.47667,7.69143,0.54,24.95333,25.10714,-2.4,0.01867,0.01586,0.006,0.01067,0.01414,0.001,139,139,0,3.01573,Low Risk
7.61,26.27,0.004,0.001,139,7.65667,7.52857,-0.34,26.03,24.59429,1.56,0.01333,0.01329,-0.017,0.00533,0.01157,-0.007,139,139,0,2.28917,Low Risk
7.94,22.08,0.024,0.012,139,7.83333,7.73429,0.33,24.35333,24.53286,-4.19,0.01633,0.01643,0.02,0.007,0.01071,0.011,139,139,0,2.02765,Low Risk
7.86,23.92,0.017,0.015,139,7.80333,7.6,-0.08,24.09,24.56,1.84,0.015,0.01657,-0.007,0.00933,0.011,0.003,139,139,0,1.56134,Low Risk
8.08,21.71,0.022,0.018,139,7.96,7.70286,0.22,22.57,24.12,-2.21,0.021,0.01757,0.005,0.015,0.01114,0.003,139,139,0,1.75651,Low Risk
8.72,25.81,0.003,0.01,139,8.22,7.93857,0.64,23.81333,24.51571,4.1,0.014,0.01514,-0.019,0.01433,0.01014,-0.008,139,139,0,1.87779,Low Risk
7.85,22.77,0.019,0.007,139,8.21667,8.00143,-0.87,23.43,23.89571,-3.04,0.01467,0.01571,0.016,0.01167,0.01014,-0.003,139,139,0,1.60944,Low Risk
8.94,20.92,0.012,0.005,139,8.50333,8.14286,1.09,23.16667,23.35429,-1.85,0.01133,0.01443,-0.007,0.00733,0.00971,-0.002,139,139,0,2.03417,Low Risk
7.48,22.61,0.006,0.017,139,8.09,8.12429,-1.46,22.1,22.83143,1.69,0.01233,0.01471,-0.006,0.00967,0.012,0.012,139,139,0,1.8599,Low Risk
7.33,28.37,0.013,0.011,139,7.91667,8.03714,-0.15,23.96667,23.73,5.76,0.01033,0.01314,0.007,0.011,0.01186,-0.006,139,139,0,2.50549,Low Risk
7.76,27.53,0.004,0.019,139,7.52333,8.02286,0.43,26.17,24.24571,-0.84,0.00767,0.01129,-0.009,0.01567,0.01243,0.008,139,139,0,2.70722,Low Risk
8.43,23.65,0.002,0.019,139,7.84,8.07286,0.67,26.51667,24.52286,-3.88,0.00633,0.00843,-0.002,0.01633,0.01257,0,139,139,0,2.64818,Low Risk
7.97,26,0.013,0.008,139,8.05333,7.96571,-0.46,25.72667,24.55,2.35,0.00633,0.00986,0.011,0.01533,0.01229,-0.011,139,139,0,2.51766,Low Risk
8.22,23.43,0.024,0.002,139,8.20667,8.01857,0.25,24.36,24.64429,-2.57,0.013,0.01057,0.011,0.00967,0.01157,-0.006,139,139,0,2.5,Low Risk
6.84,24.36,0.003,0.019,139,7.67667,7.71857,-1.38,24.59667,25.13571,0.93,0.01333,0.00929,-0.021,0.00967,0.01357,0.017,139,139,0,2.21192,Low Risk
8.96,22.58,0.024,0.007,139,8.00667,7.93,2.12,23.45667,25.13143,-1.78,0.017,0.01186,0.021,0.00933,0.01214,-0.012,139,139,0,2.5297,Low Risk
8.6,24.32,0.02,0.002,139,8.13333,8.11143,-0.36,23.75333,24.55286,1.74,0.01567,0.01286,-0.004,0.00933,0.01086,-0.005,139,139,0,2.236,Low Risk
6.59,20.36,0.024,0.005,139,8.05,7.94429,-2.01,22.42,23.52857,-3.96,0.02267,0.01571,0.004,0.00467,0.00886,0.003,139,139,0,2.68906,Low Risk
6.68,20.79,0.023,0.018,139,7.29,7.69429,0.09,21.82333,23.12,0.43,0.02233,0.01871,-0.001,0.00833,0.00871,0.013,139,139,0,2.98896,Low Risk
6.71,23.39,0.013,0.014,139,6.66,7.51429,0.03,21.51333,22.74714,2.6,0.02,0.01871,-0.01,0.01233,0.00957,-0.004,139,139,0,2.88854,Low Risk
7.3,22.08,0.024,0.005,139,6.89667,7.38286,0.59,22.08667,22.55429,-1.31,0.02,0.01871,0.011,0.01233,0.01,-0.009,139,139,0,2.78672,Low Risk
6.9,27.43,0.007,0.017,139,6.97,7.39143,-0.4,24.3,22.99286,5.35,0.01467,0.01929,-0.017,0.012,0.00971,0.012,139,139,0,3.17421,Low Risk
6.63,24.98,0.013,0.015,139,6.94333,7.05857,-0.27,24.83,23.33571,-2.45,0.01467,0.01771,0.006,0.01233,0.01086,-0.002,139,139,0,2.70492,Low Risk
8.95,20.69,0.012,0.015,139,7.49333,7.10857,2.32,24.36667,22.81714,-4.29,0.01067,0.01657,-0.001,0.01567,0.01271,0,139,139,0,3.02425,Low Risk
8.24,23.9,0.012,0.013,139,7.94,7.34429,-0.71,23.19,23.32286,3.21,0.01233,0.01486,0,0.01433,0.01386,-0.002,139,139,0,3.03105,Low Risk
8.28,22.59,0.008,0.014,139,8.49,7.57286,0.04,22.39333,23.58,-1.31,0.01067,0.01271,-0.004,0.014,0.01329,0.001,139,139,0,2.92701,Low Risk
7.09,27.55,0.017,0,139,7.87,7.62714,-1.19,24.68,24.17429,4.96,0.01233,0.01329,0.009,0.009,0.01129,-0.014,139,139,0,3.05689,Low Risk
8.46,28.79,0.007,0.017,139,7.94333,7.79286,1.37,26.31,25.13286,1.24,0.01067,0.01086,-0.01,0.01033,0.013,0.017,139,139,0,3.2837,Low Risk
8.5,28.69,0.012,0.012,139,8.01667,8.02143,0.04,28.34333,25.31286,-0.1,0.012,0.01157,0.005,0.00967,0.01229,-0.005,139,139,0,3.25342,Low Risk
6.92,22.12,0.017,0.006,139,7.96,8.06286,-1.58,26.53333,24.90429,-6.57,0.012,0.01214,0.005,0.01167,0.011,-0.006,139,139,0,3.21513,Low Risk
7.45,24.45,0.005,0.011,139,7.62333,7.84857,0.53,25.08667,25.44143,2.33,0.01133,0.01114,-0.012,0.00967,0.01043,0.005,139,139,0,2.78455,Low Risk
7.43,20.22,0.013,0.002,139,7.26667,7.73286,-0.02,22.26333,24.91571,-4.23,0.01167,0.01129,0.008,0.00633,0.00886,-0.009,139,139,0,3.0701,Low Risk
8.49,27.77,0.01,0.004,139,7.79,7.76286,1.06,24.14667,25.65571,7.55,0.00933,0.01157,-0.003,0.00567,0.00743,0.002,139,139,0,3.12185,Low Risk
7.4,24.01,0.02,0.011,139,7.77333,7.80714,-1.09,24,25.15,-3.76,0.01433,0.012,0.01,0.00567,0.009,0.007,139,139,0,3.00819,Low Risk
7.89,26.23,0.004,0.012,139,7.92667,7.72571,0.49,26.00333,24.78429,2.22,0.01133,0.01157,-0.016,0.009,0.00829,0.001,139,139,0,2.71564,Low Risk
7.52,29.74,0.017,0.018,139,7.60333,7.58571,-0.37,26.66,24.93429,3.51,0.01367,0.01229,0.013,0.01367,0.00914,0.006,139,139,0,2.62412,Low Risk
8.92,23.79,0.008,0.003,139,8.11,7.87143,1.4,26.58667,25.17286,-5.95,0.00967,0.011,-0.009,0.011,0.00871,-0.015,139,139,0,2.76488,Low Risk
8.24,26.97,0.008,0.02,139,8.22667,7.98429,-0.68,26.83333,25.53286,3.18,0.011,0.01143,0,0.01367,0.01,0.017,139,139,0,2.75163,Low Risk
8.39,24.52,0.012,0.004,139,8.51667,8.12143,0.15,25.09333,26.14714,-2.45,0.00933,0.01129,0.004,0.009,0.01029,-0.016,139,139,0,2.20438,Low Risk
6.86,24.43,0.015,0.019,139,7.83,7.88857,-1.53,25.30667,25.67,-0.09,0.01167,0.012,0.003,0.01433,0.01243,0.015,139,139,0,2.4696,Low Risk
